features	levels	decision	cuts	supportLHS	supportRHS	accuracyRHS	coverageLHS	coverageRHS	stabilityLHS	stabilityRHS	cut1	cut2	cut3	cut4	supportRatioLHS	supportRatioRHS	pValue	riskRatio	pValueRiskRatio	confIntRiskRatio	cut5
LOC701920	1	NonProt	value<cut	12	12	0.91987	0.35714	0.63889	1	1	5.27				0.63158	0.63158	0.0131548996955004	Inf	0.0253479650718482	-Inf:Inf	
TMX2	3	Prot	value>cut	10	10	0.90455	0.29563	0.48684	1	1	3.24				0.5	0.5	0.296716070909619	Inf	0.427163780627783	-Inf:Inf	
KIR3DL0	1	NonProt	value<cut	12	11	0.91667	0.34286	0.61111	1	1	2.9505				0.63158	0.57895	0.407801890560512	11.5789473684211	0.422350028633934	1.65:81.258	
KRTAP29.1	2	NonProt	cut<value<cut	12	11	0.91667	0.34286	0.61111	1	1	-5.023	-4.338			0.63158	0.57895	0.407801890560512	11.5789473684211	0.422350028633934	1.65:81.258	
LOC702786	2	NonProt	cut<value<cut	12	11	0.91667	0.34286	0.61111	1	1	-5.0229	-2.3455			0.63158	0.57895	0.407801890560512	11.5789473684211	0.422350028633934	1.65:81.258	
LOC709056	1	NonProt	value<cut	12	11	0.88889	0.33968	0.61574	1	1	-0.40267				0.63158	0.57895	0.407801890560512	11.5789473684211	0.422350028633934	1.65:81.258	
X00000037843	1	Prot	value<cut	12	11	0.91667	0.3415	0.60346	1	1	2.46806				0.6	0.55	0.866030896620438	10.45	0.917789956664443	1.489:73.335	
VSTM1	1	Prot	value<cut	12	11	0.91667	0.3415	0.60346	1	1	4.34514				0.6	0.55	0.866030896620438	10.45	0.917789956664443	1.489:73.335	
STARD8	2	Prot	cut<value<cut	12	11	0.91667	0.34286	0.57895	1	1	0.6394	1.4946			0.6	0.55	0.866030896620438	10.45	0.917789956664443	1.489:73.335	
LTC4S	1	Prot	value<cut	12	11	0.91667	0.34286	0.64706	1	1	-0.4734				0.6	0.55	0.866030896620438	10.45	0.917789956664443	1.489:73.335	
FABP5	1	Prot	value<cut	12	11	0.91667	0.33333	0.55	1	1	1.9987				0.6	0.55	0.866030896620438	10.45	0.917789956664443	1.489:73.335	
X00000064715	3	Prot	value>cut	11	10	0.90909	0.31429	0.54094	1	1	1.8839				0.55	0.5	1	9.5	1	1.342:67.267	
LOC701920,KRTAP29.1	3,1	Prot	value>cut,value<cut	7	6	0.85714	0.2	0.33333	1	1	5.525	-5.0055			0.35	0.3	1	5.7	1	0.755:43.043	
THRB,X00000058729	1,3	Prot	value<cut,value>cut	7	6	0.88929	0.2	0.34486	1	1	-4.87374	-2.3494			0.35	0.3	1	5.7	1	0.755:43.043	
TMEM38A,X00000058729	1,3	Prot	value<cut,value>cut	8	6	0.86607	0.21429	0.37091	1	1	2.7915	-2.3497			0.4	0.3	1	2.85	1	0.654:12.42	
LOC709056,SDK2	3,3	Prot	value>cut,value>cut	7	6	0.89732	0.19861	0.3394	1	1	0.6909	0.59215			0.35	0.3	1	5.7	1	0.755:43.043	
KRTAP29.1,LTC4S	1,1	Prot	value<cut,value<cut	7	6	0.85714	0.2	0.33402	1	1	-5.02017	-0.464			0.35	0.3	1	5.7	1	0.755:43.043	
LOC719667,KRTAP29.1	1,1	Prot	value<cut,value<cut	7	6	0.85714	0.2	0.33333	1	1	4.2055	-5.0055			0.35	0.3	1	5.7	1	0.755:43.043	
STARD8,X00000058729	2,3	Prot	cut<value<cut,value>cut	7	6	0.90476	0.19048	0.32748	1	1	0.64323	1.4421	-2.39103		0.35	0.3	1	5.7	1	0.755:43.043	
X00000037843,KRTAP29.1	1,1	Prot	value<cut,value<cut	6	6	1	0.17143	0.33333	1	1	2.4673	-5.0055			0.3	0.3	1	Inf	1	-Inf:Inf	
X00000037843,LOC719667	1,1	Prot	value<cut,value<cut	6	6	1	0.17143	0.33333	1	1	2.4673	4.2055			0.3	0.3	1	Inf	1	-Inf:Inf	
X00000053012,ZNF576	2,2	Prot	cut<value<cut,cut<value<cut	7	7	0.96429	0.19861	0.3759	1	1	2.5784	2.86305	3.746	3.94237	0.35	0.35	1	Inf	1	-Inf:Inf	
LOC715623,X00000058729	3,3	Prot	value>cut,value>cut	7	6	0.92857	0.19147	0.33867	1	1	-0.63882	-2.41852			0.35	0.3	1	5.7	1	0.755:43.043	
LTC4S,X00000058729	1,3	Prot	value<cut,value>cut	6	6	1	0.17143	0.33402	1	1	-0.464	-2.4671			0.3	0.3	1	Inf	1	-Inf:Inf	
LOC719667,LOC701920	1,3	Prot	value<cut,value>cut	6	6	1	0.17143	0.33333	1	1	4.2055	5.525			0.3	0.3	1	Inf	1	-Inf:Inf	
X00000037843,LOC702786	1,1	Prot	value<cut,value<cut	6	6	1	0.17143	0.33333	1	1	2.4673	-5.0053			0.3	0.3	1	Inf	1	-Inf:Inf	
X00000037843,X00000058729	1,3	Prot	value<cut,value>cut	7	7	1	0.18802	0.36715	1	1	2.47125	-2.32906			0.35	0.35	1	Inf	1	-Inf:Inf	
X00000064715,HCN2	3,1	Prot	value>cut,value<cut	6	6	1	0.17143	0.33333	1	1	1.789	-2.7443			0.3	0.3	1	Inf	1	-Inf:Inf	
X00000064369,X00000058729	1,1	NonProt	value<cut,value<cut	7	6	0.85714	0.2	0.35294	1	1	2.5624	-4.6471			0.36842	0.31579	1	6.31578947368421	1	0.836:47.694	
X00000064715,LOC709056	2,1	NonProt	cut<value<cut,value<cut	7	6	0.90476	0.19048	0.33987	1	1	-0.0597	1.81807	-0.43657		0.36842	0.31579	1	6.31578947368421	1	0.836:47.694	
X00000064715,ESR1	2,1	NonProt	cut<value<cut,value<cut	6	6	1	0.17143	0.33987	1	1	-0.0597	1.81807	0.55437		0.31579	0.31579	1	Inf	1	-Inf:Inf	
X00000064715,THRB	2,3	NonProt	cut<value<cut,value>cut	6	6	1	0.17143	0.33987	1	1	-0.0597	1.81807	-3.1894		0.31579	0.31579	1	Inf	1	-Inf:Inf	
X00000053274,X00000064369	1,1	NonProt	value<cut,value<cut	6	6	1	0.18034	0.36878	1	1	-0.3548	2.5773			0.31579	0.31579	1	Inf	1	-Inf:Inf	
ESR1,MYH15	1,3	NonProt	value<cut,value>cut	6	6	1	0.17143	0.35294	1	1	0.6029	-1.484			0.31579	0.31579	1	Inf	1	-Inf:Inf	
FABP5,LAMC1	3,3	NonProt	value>cut,value>cut	6	6	1	0.17399	0.35852	1	1	2.48146	1.7959			0.31579	0.31579	1	Inf	1	-Inf:Inf	
RBM46,X00000059995	3,2	Prot	value>cut,cut<value<cut	7	6	0.86161	0.20575	0.3394	1	1	-1.14562	-0.39362	0.66035		0.35	0.3	1	5.7	1	0.755:43.043	
LOC701920,X00000059995	2,2	Prot	cut<value<cut,cut<value<cut	7	6	0.85714	0.2	0.33333	1	1	5.2565	5.525	-0.2925	0.6708	0.35	0.3	1	5.7	1	0.755:43.043	
LOC701920,C5H4orf45	2,1	Prot	cut<value<cut,value<cut	8	6	0.86607	0.21336	0.35922	1	1	5.26133	5.5275	0.18078		0.4	0.3	1	2.85	1	0.654:12.42	
X00000053274,X00000064313	3,2	Prot	value>cut,cut<value<cut	7	6	0.90476	0.19048	0.34641	1	1	1.3482	-2.666	-1.27233		0.35	0.3	1	5.7	1	0.755:43.043	
TMX2,LAMC1	3,2	Prot	value>cut,cut<value<cut	7	6	0.90476	0.18889	0.31637	1	1	3.24	0.9085	1.77247		0.35	0.3	1	5.7	1	0.755:43.043	
RBM46,TRIM16	3,3	Prot	value>cut,value>cut	6	6	1	0.17143	0.34314	1	1	-1.06058	-0.96295			0.3	0.3	1	Inf	1	-Inf:Inf	
C5H4orf45,X00000060253	1,3	Prot	value<cut,value>cut	6	6	1	0.17143	0.33416	1	1	0.23172	2.05402			0.3	0.3	1	Inf	1	-Inf:Inf	
STARD8,TMX2	1,3	Prot	value<cut,value>cut	6	6	1	0.17857	0.35483	1	1	0.65991	3.23806			0.3	0.3	1	Inf	1	-Inf:Inf	
LOC719667,TMX2	1,3	Prot	value<cut,value>cut	6	6	1	0.17143	0.32456	1	1	4.10025	3.24			0.3	0.3	1	Inf	1	-Inf:Inf	
X00000060253,X00000059995	3,2	Prot	value>cut,cut<value<cut	7	6	0.96875	0.19286	0.37663	1	1	2.04115	-0.39853	0.64223		0.35	0.3	1	5.7	1	0.755:43.043	
LOC719667	3	NonProt	value>cut	11	10	0.90909	0.31429	0.56373	1	1	4.9985				0.57895	0.52632	1	10.5263157894737	1	1.487:74.534	
LOC719667,X00000060253	3,2	NonProt	value>cut,cut<value<cut	6	6	0.92857	0.18571	0.36397	1	1	4.964	1.2214	2.0577		0.31579	0.31579	1	Inf	1	-Inf:Inf	
X00000037843,LOC719667	2,3	NonProt	cut<value<cut,value>cut	6	6	1	0.17143	0.35294	1	1	2.4673	2.7623	4.964		0.31579	0.31579	1	Inf	1	-Inf:Inf	
LOC719667,LOC709056	3,1	NonProt	value>cut,value<cut	7	7	0.98611	0.19621	0.40001	1	1	4.98639	-0.41689			0.36842	0.36842	1	Inf	1	-Inf:Inf	
LOC701920,C5H4orf45	1,3	NonProt	value<cut,value>cut	7	6	0.84184	0.20317	0.34769	1	1	5.25507	1.7578			0.36842	0.31579	1	6.31578947368421	1	0.836:47.694	
LOC701920,TRIM16	1,1	NonProt	value<cut,value<cut	7	6	0.89286	0.19286	0.35907	1	1	5.26025	-1.67452			0.36842	0.31579	1	6.31578947368421	1	0.836:47.694	
TMX2,LOC701920	1,1	NonProt	value<cut,value<cut	7	6	0.97143	0.18857	0.37631	1	1	2.8886	5.2619			0.36842	0.31579	1	6.31578947368421	1	0.836:47.694	
TARM1,ZNF576	2,1	NonProt	cut<value<cut,value<cut	7	6	0.85714	0.2	0.34314	1	1	1.32055	2.0381	3.751		0.36842	0.31579	1	6.31578947368421	1	0.836:47.694	
LOC701920,KRTAP29.1	1,2	NonProt	value<cut,cut<value<cut	9	8	0.91333	0.26286	0.48889	1	1	5.2541	-4.987	-1.8781		0.47368	0.42105	1	8.42105263157895	1	1.161:61.099	
VSTM1,A1BG	3,1	NonProt	value>cut,value<cut	7	6	0.90476	0.19048	0.33987	1	1	5.18617	-1.9115			0.36842	0.31579	1	6.31578947368421	1	0.836:47.694	
DLK1,X00000060253	3,1	NonProt	value>cut,value<cut	7	6	0.85714	0.2	0.35294	1	1	-0.1047	1.2214			0.36842	0.31579	1	6.31578947368421	1	0.836:47.694	
LOC701920,DLK1	1,3	NonProt	value<cut,value>cut	8	7	0.89236	0.23135	0.42999	1	1	5.25863	-0.03337			0.42105	0.36842	1	7.36842105263158	1	0.998:54.391	
LOC701920,LOC702786	1,2	NonProt	value<cut,cut<value<cut	9	8	0.90208	0.25714	0.47263	1	1	5.25538	-4.97151	-1.74786		0.47368	0.42105	1	8.42105263157895	1	1.161:61.099	
VSTM1,LTC4S	3,3	NonProt	value>cut,value>cut	7	6	0.88929	0.20571	0.36797	1	1	5.228	0.6264			0.36842	0.31579	1	6.31578947368421	1	0.836:47.694	
X00000053012,LTC4S	1,3	NonProt	value<cut,value>cut	7	6	0.88929	0.20571	0.36797	1	1	2.57564	0.61468			0.36842	0.31579	1	6.31578947368421	1	0.836:47.694	
LOC709056,LOC701920	1,1	NonProt	value<cut,value<cut	8	8	1	0.225	0.45706	1	1	-0.40942	5.25538			0.42105	0.42105	1	Inf	1	-Inf:Inf	
LOC701920,THRB	1,2	NonProt	value<cut,cut<value<cut	6	6	1	0.17143	0.35294	1	1	5.2565	-4.88715	-3.07415		0.31579	0.31579	1	Inf	1	-Inf:Inf	
VSTM1,KRTAP29.1	3,2	NonProt	value>cut,cut<value<cut	7	7	1	0.19093	0.40272	1	1	5.20586	-5.00121	-1.21657		0.36842	0.36842	1	Inf	1	-Inf:Inf	
LOC719667,LOC701920	3,1	NonProt	value>cut,value<cut	7	7	1	0.20891	0.43237	1	1	4.98639	5.25406			0.36842	0.36842	1	Inf	1	-Inf:Inf	
LOC701920,LILRB1	1,3	NonProt	value<cut,value>cut	6	6	1	0.1788	0.37693	1	1	5.25507	7.73143			0.31579	0.31579	1	Inf	1	-Inf:Inf	
LOC701920,ZNF576	1,1	NonProt	value<cut,value<cut	7	7	1	0.19216	0.39486	1	1	5.25375	3.74763			0.36842	0.36842	1	Inf	1	-Inf:Inf	
LILRB1,USP31	3,2	NonProt	value>cut,cut<value<cut	6	6	1	0.17619	0.3567	1	1	7.7569	0.15826	0.70688		0.31579	0.31579	1	Inf	1	-Inf:Inf	
LOC719667,DLK1	3,3	NonProt	value>cut,value>cut	7	7	1	0.19944	0.40931	1	1	4.98415	-0.00348			0.36842	0.36842	1	Inf	1	-Inf:Inf	
LTC4S,X00000058729	3,2	NonProt	value>cut,cut<value<cut	6	6	1	0.17143	0.35294	1	1	0.685	-4.6471	-2.3497		0.31579	0.31579	1	Inf	1	-Inf:Inf	
VSTM1,LOC701920	3,1	NonProt	value>cut,value<cut	7	7	1	0.20882	0.42947	1	1	5.19733	5.25706			0.36842	0.36842	1	Inf	1	-Inf:Inf	
LOC701920,X00000058729	1,2	NonProt	value<cut,cut<value<cut	6	6	1	0.17143	0.35376	1	1	5.2615	-4.6976	-2.4671		0.31579	0.31579	1	Inf	1	-Inf:Inf	
LOC701920,X00000053012	1,1	NonProt	value<cut,value<cut	9	8	0.98765	0.24365	0.49746	1	1	5.25839	2.57657			0.47368	0.42105	1	8.42105263157895	1	1.161:61.099	
LOC701920,X00000056965	1,1	NonProt	value<cut,value<cut	6	6	1	0.1754	0.36683	1	1	5.26333	-3.45592			0.31579	0.31579	1	Inf	1	-Inf:Inf	
X00000064715,TRIM16	2,1	NonProt	cut<value<cut,value<cut	6	6	1	0.17143	0.33725	1	1	-0.06644	1.84448	-1.76526		0.31579	0.31579	1	Inf	1	-Inf:Inf	
X00000064715,LOC701920	2,1	NonProt	cut<value<cut,value<cut	6	6	1	0.18571	0.37725	1	1	-0.0597	1.88472	5.26325		0.31579	0.31579	1	Inf	1	-Inf:Inf	
X00000064715,CBS	2,1	NonProt	cut<value<cut,value<cut	7	6	0.85714	0.2	0.35294	1	1	-0.0597	1.789	-1.674		0.36842	0.31579	1	6.31578947368421	1	0.836:47.694	
X00000053274,ESR1	1,1	NonProt	value<cut,value<cut	7	6	0.87755	0.19512	0.35679	1	1	-0.342	0.57193			0.36842	0.31579	1	6.31578947368421	1	0.836:47.694	
X00000053274,X00000037843	1,2	NonProt	value<cut,cut<value<cut	6	6	1	0.17714	0.36127	1	1	-0.3751	2.47186	2.8798		0.31579	0.31579	1	Inf	1	-Inf:Inf	
X00000053274,X00000059995	1,1	NonProt	value<cut,value<cut	6	6	1	0.16984	0.35376	1	1	-0.45233	-0.3794			0.31579	0.31579	1	Inf	1	-Inf:Inf	
FABP5,TMEM38A	3,2	NonProt	value>cut,cut<value<cut	7	7	1	0.19286	0.39445	1	1	2.47014	2.78569	3.22081		0.36842	0.36842	1	Inf	1	-Inf:Inf	
X00000053274,X00000060253	1,2	NonProt	value<cut,cut<value<cut	6	6	1	0.17143	0.34314	1	1	-0.4787	1.2214	2.0577		0.31579	0.31579	1	Inf	1	-Inf:Inf	
FABP5,X00000053274	3,1	NonProt	value>cut,value<cut	6	6	1	0.17143	0.34951	1	1	2.51568	-0.34384			0.31579	0.31579	1	Inf	1	-Inf:Inf	
X00000064369,LAMC1	1,3	NonProt	value<cut,value>cut	7	7	1	0.20714	0.41825	1	1	2.57916	1.77284			0.36842	0.36842	1	Inf	1	-Inf:Inf	
X00000060146,LAMC1	1,1	Prot	value<cut,value<cut	7	6	0.89286	0.19147	0.32061	1	1	-4.82838	0.92522			0.35	0.3	1	5.7	1	0.755:43.043	
FABP5,ESR1	1,3	Prot	value<cut,value>cut	8	7	0.8852	0.21542	0.37396	1	1	1.99139	1.05953			0.4	0.35	1	6.65	1	0.901:49.088	
USP31,SMIM2	1,1	Prot	value<cut,value<cut	7	6	0.88393	0.20476	0.35982	1	1	0.16395	-0.26458			0.35	0.3	1	5.7	1	0.755:43.043	
RBM46,USP31	3,1	Prot	value>cut,value<cut	6	6	1	0.17619	0.35621	1	1	-1.07568	0.1676			0.3	0.3	1	Inf	1	-Inf:Inf	
ESR1,X00000060253	3,3	Prot	value>cut,value>cut	6	6	1	0.17024	0.3348	1	1	1.04262	2.05162			0.3	0.3	1	Inf	1	-Inf:Inf	
ESR1,SMIM2	3,1	Prot	value>cut,value<cut	6	6	1	0.17143	0.33402	1	1	1.05813	-0.25503			0.3	0.3	1	Inf	1	-Inf:Inf	
VSTM1,ESR1	1,3	Prot	value<cut,value>cut	6	6	0.97959	0.18288	0.35252	1	1	4.37486	1.04944			0.3	0.3	1	Inf	1	-Inf:Inf	
FABP5,VSTM1	1,1	Prot	value<cut,value<cut	6	6	1	0.18145	0.35023	1	1	1.99022	4.37131			0.3	0.3	1	Inf	1	-Inf:Inf	
TARM1,ESR1	1,3	Prot	value<cut,value>cut	6	6	0.92857	0.18571	0.34314	1	1	1.3287	1.05385			0.3	0.3	1	Inf	1	-Inf:Inf	
X00000037843,VSTM1	1,1	Prot	value<cut,value<cut	8	8	1	0.2223	0.4349	1	1	2.47125	4.40335			0.4	0.4	1	Inf	1	-Inf:Inf	
ESR1,LTC4S	3,1	Prot	value>cut,value<cut	6	6	1	0.17551	0.34513	1	1	1.06024	-0.45371			0.3	0.3	1	Inf	1	-Inf:Inf	
LOC701920,X00000060253	2,3	Prot	cut<value<cut,value>cut	6	6	1	0.17143	0.33333	1	1	5.2565	5.525	2.0577		0.3	0.3	1	Inf	1	-Inf:Inf	
X00000037843,ESR1	1,3	Prot	value<cut,value>cut	6	6	1	0.17143	0.34314	1	1	2.473	1.05385			0.3	0.3	1	Inf	1	-Inf:Inf	
X00000037843,HCN2	1,1	Prot	value<cut,value<cut	6	6	1	0.17143	0.34314	1	1	2.473	-2.7443			0.3	0.3	1	Inf	1	-Inf:Inf	
STARD8,ESR1	2,3	Prot	cut<value<cut,value>cut	6	6	1	0.17143	0.33402	1	1	0.6777	1.47293	1.0662		0.3	0.3	1	Inf	1	-Inf:Inf	
X00000053274,DLK1	2,2	Prot	cut<value<cut,cut<value<cut	6	6	1	0.17143	0.33333	1	1	-0.32145	1.49005	-1.88425	-0.1299	0.3	0.3	1	Inf	1	-Inf:Inf	
X00000060253	3	Prot	value>cut	11	10	0.90909	0.31429	0.55556	1	1	2.0577				0.55	0.5	1	9.5	1	1.342:67.267	
TARM1,A1BG	1,3	Prot	value<cut,value>cut	7	6	0.92857	0.19048	0.34898	1	1	1.3571	-1.4275			0.35	0.3	1	5.7	1	0.755:43.043	
VSTM1,C5H4orf45	1,1	Prot	value<cut,value<cut	7	6	0.85714	0.2	0.34314	1	1	4.51425	0.3585			0.35	0.3	1	5.7	1	0.755:43.043	
STARD8,SMIM2	2,1	Prot	cut<value<cut,value<cut	7	6	0.85714	0.2	0.32164	1	1	0.65223	1.46377	-0.26567		0.35	0.3	1	5.7	1	0.755:43.043	
VSTM1,X00000053012	1,3	Prot	value<cut,value>cut	8	7	0.90179	0.21429	0.3805	1	1	4.46225	2.86305			0.4	0.35	1	6.65	1	0.901:49.088	
VSTM1,DLK1	1,1	Prot	value<cut,value<cut	7	6	0.8631	0.20952	0.36601	1	1	4.45833	-1.814			0.35	0.3	1	5.7	1	0.755:43.043	
VSTM1,THRB	1,1	Prot	value<cut,value<cut	7	6	0.98611	0.18668	0.3567	1	1	4.38272	-4.86854			0.35	0.3	1	5.7	1	0.755:43.043	
C5H4orf45,SMIM2	1,1	Prot	value<cut,value<cut	7	6	0.88095	0.19907	0.33397	1	1	0.20205	-0.2724			0.35	0.3	1	5.7	1	0.755:43.043	
RBM46,DLK1	3,1	Prot	value>cut,value<cut	6	6	1	0.17483	0.33388	1	1	-1.10091	-1.86344			0.3	0.3	1	Inf	1	-Inf:Inf	
TNNT2,USP31	1,1	Prot	value<cut,value<cut	6	6	1	0.18095	0.36166	1	1	-2.38093	0.12858			0.3	0.3	1	Inf	1	-Inf:Inf	
RBM46,X00000060253	3,3	Prot	value>cut,value>cut	6	6	1	0.18016	0.34991	1	1	-1.04902	2.06753			0.3	0.3	1	Inf	1	-Inf:Inf	
LOC709056,X00000059995	2,2	Prot	cut<value<cut,cut<value<cut	6	6	1	0.17143	0.33402	1	1	-0.38013	0.74747	-0.36533	0.68733	0.3	0.3	1	Inf	1	-Inf:Inf	
TARM1,USP31	1,1	Prot	value<cut,value<cut	7	7	1	0.20384	0.39875	1	1	1.3367	0.12113			0.35	0.35	1	Inf	1	-Inf:Inf	
X00000037843,A1BG	1,3	Prot	value<cut,value>cut	7	7	1	0.21199	0.41176	1	1	2.47042	-1.44604			0.35	0.35	1	Inf	1	-Inf:Inf	
RBM46,C5H4orf45	3,1	Prot	value>cut,value<cut	6	6	1	0.17143	0.32456	1	1	-1.18535	0.1759			0.3	0.3	1	Inf	1	-Inf:Inf	
X00000053012,ZNF576	3,3	Prot	value>cut,value>cut	7	7	1	0.18849	0.36837	1	1	2.86586	3.94206			0.35	0.35	1	Inf	1	-Inf:Inf	
TMEM38A,A1BG	1,3	Prot	value<cut,value>cut	6	6	1	0.17048	0.33451	1	1	2.7702	-1.43124			0.3	0.3	1	Inf	1	-Inf:Inf	
STARD8,X00000060253	2,3	Prot	cut<value<cut,value>cut	6	6	1	0.17891	0.34508	1	1	0.62999	1.4399	2.05759		0.3	0.3	1	Inf	1	-Inf:Inf	
RBM46,MAOA	3,1	Prot	value>cut,value<cut	6	6	1	0.17143	0.33333	1	1	-1.2248	0.2298			0.3	0.3	1	Inf	1	-Inf:Inf	
TNNT2,RBM46	1,3	Prot	value<cut,value>cut	6	6	1	0.18095	0.35839	1	1	-2.38473	-1.03213			0.3	0.3	1	Inf	1	-Inf:Inf	
FABP5,LILRB1	2,1	Prot	cut<value<cut,value<cut	6	6	1	0.17143	0.33333	1	1	1.9859	2.572	7.255		0.3	0.3	1	Inf	1	-Inf:Inf	
STARD8,X00000053012	1,2	Prot	value<cut,cut<value<cut	7	6	0.86161	0.20714	0.34284	1	1	0.6519	2.59872	2.88135		0.35	0.3	1	5.7	1	0.755:43.043	
STARD8,LAMC1	1,2	Prot	value<cut,cut<value<cut	7	6	0.97959	0.18708	0.35879	1	1	0.66117	0.91806	1.78641		0.35	0.3	1	5.7	1	0.755:43.043	
X00000053012,LOC715623	2,3	Prot	cut<value<cut,value>cut	6	6	1	0.17143	0.33333	1	1	2.5668	2.8731	-0.4805		0.3	0.3	1	Inf	1	-Inf:Inf	
LOC715623,C5H4orf45	3,1	Prot	value>cut,value<cut	6	6	1	0.17143	0.33385	1	1	-0.53615	0.1759			0.3	0.3	1	Inf	1	-Inf:Inf	
X00000064715,USP31	3,1	Prot	value>cut,value<cut	7	7	1	0.19087	0.37303	1	1	1.93282	0.12571			0.35	0.35	1	Inf	1	-Inf:Inf	
TRIM16,ZNF576	3,2	Prot	value>cut,cut<value<cut	7	6	0.85714	0.2	0.33333	1	1	-1.0518	3.741	3.9475		0.35	0.3	1	5.7	1	0.755:43.043	
RBM46,SMIM2	3,1	Prot	value>cut,value<cut	7	6	0.89732	0.20714	0.36662	1	1	-1.1131	-0.2631			0.35	0.3	1	5.7	1	0.755:43.043	
TARM1,LAMC1	1,2	Prot	value<cut,cut<value<cut	6	6	1	0.17143	0.33333	1	1	1.2466	0.8991	1.7449		0.3	0.3	1	Inf	1	-Inf:Inf	
X00000064715,MYH15	3,1	Prot	value>cut,value<cut	6	6	1	0.17143	0.34314	1	1	1.8108	-2.3565			0.3	0.3	1	Inf	1	-Inf:Inf	
TNNT2,X00000058729	1,3	Prot	value<cut,value>cut	6	6	1	0.17143	0.33333	1	1	-2.361	-2.3497			0.3	0.3	1	Inf	1	-Inf:Inf	
FABP5,SMIM2	1,1	Prot	value<cut,value<cut	6	6	1	0.18095	0.35948	1	1	1.9859	-0.2587			0.3	0.3	1	Inf	1	-Inf:Inf	
X00000064715,CTH	3,2	Prot	value>cut,cut<value<cut	6	6	1	0.17143	0.33333	1	1	1.789	-1.424	-0.73		0.3	0.3	1	Inf	1	-Inf:Inf	
TNNT2	3	NonProt	value>cut	11	10	0.90909	0.31429	0.56645	1	1	-0.50797				0.57895	0.52632	1	10.5263157894737	1	1.487:74.534	
X00000059200,LOC709056	2,1	NonProt	cut<value<cut,value<cut	7	6	0.85714	0.2	0.34314	1	1	-0.4896	2.59905	-0.44135		0.36842	0.31579	1	6.31578947368421	1	0.836:47.694	
X00000053012,X00000058729	1,2	NonProt	value<cut,cut<value<cut	7	6	0.85714	0.2	0.34951	1	1	2.57738	-4.5584	-2.37966		0.36842	0.31579	1	6.31578947368421	1	0.836:47.694	
LOC701920,SDK2	1,1	NonProt	value<cut,value<cut	8	7	0.91667	0.21905	0.40414	1	1	5.2655	-0.79103			0.42105	0.36842	1	7.36842105263158	1	0.998:54.391	
X00000053012,LOC702786	1,2	NonProt	value<cut,cut<value<cut	8	8	0.90278	0.2418	0.45636	1	1	2.58808	-4.97067	-1.20382		0.42105	0.42105	1	Inf	1	-Inf:Inf	
LOC702786,SDK2	2,1	NonProt	cut<value<cut,value<cut	8	6	0.86607	0.21429	0.38235	1	1	-4.97875	-1.59345	-0.86125		0.42105	0.31579	1	3.15789473684211	1	0.725:13.762	
RBM46,LOC701920	1,1	NonProt	value<cut,value<cut	7	6	0.88393	0.2	0.35723	1	1	-2.50768	5.255			0.36842	0.31579	1	6.31578947368421	1	0.836:47.694	
ESR1,TRIM16	1,1	NonProt	value<cut,value<cut	7	6	0.85714	0.2	0.35294	1	1	0.6029	-1.7125			0.36842	0.31579	1	6.31578947368421	1	0.836:47.694	
LOC709056,TMX2	1,1	NonProt	value<cut,value<cut	7	7	1	0.18708	0.3771	1	1	-0.42067	2.87764			0.36842	0.36842	1	Inf	1	-Inf:Inf	
LOC709056,LOC715623	1,1	NonProt	value<cut,value<cut	7	7	0.98413	0.20256	0.41018	1	1	-0.40878	-1.74797			0.36842	0.36842	1	Inf	1	-Inf:Inf	
TNNT2,KIR3DL0	3,1	NonProt	value>cut,value<cut	6	6	1	0.17143	0.34314	1	1	-0.4817	2.9035			0.31579	0.31579	1	Inf	1	-Inf:Inf	
TNNT2,TMX2	3,1	NonProt	value>cut,value<cut	6	6	1	0.17064	0.35049	1	1	-0.58397	2.87425			0.31579	0.31579	1	Inf	1	-Inf:Inf	
DLK1,MAOA	3,2	NonProt	value>cut,cut<value<cut	6	6	1	0.17738	0.36744	1	1	-0.05985	0.24542	0.69005		0.31579	0.31579	1	Inf	1	-Inf:Inf	
DLK1,X00000064313	3,1	NonProt	value>cut,value<cut	6	6	1	0.17143	0.35294	1	1	-0.1047	-2.6291			0.31579	0.31579	1	Inf	1	-Inf:Inf	
TNNT2,LTC4S	3,3	NonProt	value>cut,value>cut	6	6	1	0.18571	0.37956	1	1	-0.5371	0.6264			0.31579	0.31579	1	Inf	1	-Inf:Inf	
TNNT2,LOC702786	3,2	NonProt	value>cut,cut<value<cut	7	7	0.97024	0.19295	0.38653	1	1	-0.62828	-4.96937	-1.26129		0.36842	0.36842	1	Inf	1	-Inf:Inf	
X00000064313,LOC702786	1,2	NonProt	value<cut,cut<value<cut	6	6	0.97143	0.17714	0.3451	1	1	-2.64636	-4.95742	-1.46312		0.31579	0.31579	1	Inf	1	-Inf:Inf	
CFAP70,A1BG	3,1	NonProt	value>cut,value<cut	6	6	1	0.17024	0.34865	1	1	2.1855	-1.96038			0.31579	0.31579	1	Inf	1	-Inf:Inf	
DLK1,ESR1	3,1	NonProt	value>cut,value<cut	6	6	1	0.17024	0.35907	1	1	-0.0957	0.6029			0.31579	0.31579	1	Inf	1	-Inf:Inf	
X00000053012,X00000060253	1,1	NonProt	value<cut,value<cut	6	6	0.92857	0.18571	0.36397	1	1	2.587	1.1833			0.31579	0.31579	1	Inf	1	-Inf:Inf	
LOC709056,X00000053012	1,1	NonProt	value<cut,value<cut	8	7	0.95767	0.2131	0.42627	1	1	-0.41573	2.57308			0.42105	0.36842	1	7.36842105263158	1	0.998:54.391	
X00000037843,LOC701920	3,1	NonProt	value>cut,value<cut	7	6	0.91429	0.18857	0.34951	1	1	2.8499	5.2541			0.36842	0.31579	1	6.31578947368421	1	0.836:47.694	
TARM1,SDK2	3,1	NonProt	value>cut,value<cut	6	6	0.92857	0.18571	0.35294	1	1	2.0122	-0.86125			0.31579	0.31579	1	Inf	1	-Inf:Inf	
KIR3DL0,X00000064313	1,1	NonProt	value<cut,value<cut	7	6	0.85714	0.2	0.33987	1	1	2.79083	-2.64647			0.36842	0.31579	1	6.31578947368421	1	0.836:47.694	
RBM46,ESR1	1,1	NonProt	value<cut,value<cut	7	6	0.89286	0.2	0.36744	1	1	-2.4917	0.61613			0.36842	0.31579	1	6.31578947368421	1	0.836:47.694	
STARD8,ESR1	3,1	NonProt	value>cut,value<cut	7	6	0.88929	0.2	0.37426	1	1	1.4576	0.59924			0.36842	0.31579	1	6.31578947368421	1	0.836:47.694	
STARD8,RBM46	3,1	NonProt	value>cut,value<cut	6	6	1	0.17143	0.34314	1	1	1.4296	-2.53965			0.31579	0.31579	1	Inf	1	-Inf:Inf	
TNNT2,LOC701920	3,1	NonProt	value>cut,value<cut	6	6	1	0.17143	0.34951	1	1	-0.5307	5.2517			0.31579	0.31579	1	Inf	1	-Inf:Inf	
KIR3DL0,ESR1	1,1	NonProt	value<cut,value<cut	6	6	1	0.17857	0.36336	1	1	2.83575	0.5847			0.31579	0.31579	1	Inf	1	-Inf:Inf	
TNNT2,X00000053012	3,1	NonProt	value>cut,value<cut	6	6	1	0.18155	0.37352	1	1	-0.63621	2.56688			0.31579	0.31579	1	Inf	1	-Inf:Inf	
LILRB1,HEY1	3,3	NonProt	value>cut,value>cut	6	6	1	0.17143	0.34804	1	1	7.763	-0.82943			0.31579	0.31579	1	Inf	1	-Inf:Inf	
TNNT2,HCN2	3,3	NonProt	value>cut,value>cut	6	6	0.96429	0.18145	0.35805	1	1	-0.63621	-2.15223			0.31579	0.31579	1	Inf	1	-Inf:Inf	
X00000064715,LOC702786	2,2	NonProt	cut<value<cut,cut<value<cut	6	6	1	0.17619	0.3524	1	1	0.03415	1.90888	-4.96468	-1.43777	0.31579	0.31579	1	Inf	1	-Inf:Inf	
LOC701920,ESR1	1,1	NonProt	value<cut,value<cut	6	6	0.97619	0.17619	0.35376	1	1	5.257	0.58963			0.31579	0.31579	1	Inf	1	-Inf:Inf	
TMEM38A,LOC701920	3,1	NonProt	value>cut,value<cut	8	7	0.9375	0.21429	0.40033	1	1	3.23112	5.26325			0.42105	0.36842	1	7.36842105263158	1	0.998:54.391	
STARD8,LOC701920	3,1	NonProt	value>cut,value<cut	7	7	1	0.19048	0.38803	1	1	1.46377	5.2555			0.36842	0.36842	1	Inf	1	-Inf:Inf	
TNNT2,RBM46	3,1	NonProt	value>cut,value<cut	6	6	1	0.17143	0.34314	1	1	-0.4817	-2.53965			0.31579	0.31579	1	Inf	1	-Inf:Inf	
LOC719667,LOC702786	1,1	Prot	value<cut,value<cut	7	6	0.85714	0.2	0.33333	1	1	4.2055	-5.0053			0.35	0.3	1	5.7	1	0.755:43.043	
LOC702786,HCN2	1,1	Prot	value<cut,value<cut	8	7	0.875	0.22857	0.38889	1	1	-5.0053	-2.7443			0.4	0.35	1	6.65	1	0.901:49.088	
X00000064715,KRTAP29.1	3,1	Prot	value>cut,value<cut	7	6	0.85714	0.2	0.33333	1	1	1.789	-5.0055			0.35	0.3	1	5.7	1	0.755:43.043	
X00000037843,USP31	1,1	Prot	value<cut,value<cut	6	6	0.98214	0.175	0.33875	1	1	2.47202	0.1372			0.3	0.3	1	Inf	1	-Inf:Inf	
X00000037843,THRB	1,1	Prot	value<cut,value<cut	7	7	1	0.20564	0.39901	1	1	2.47169	-4.8665			0.35	0.35	1	Inf	1	-Inf:Inf	
X00000037843,X00000064715	1,3	Prot	value<cut,value>cut	6	6	1	0.17024	0.32061	1	1	2.46772	1.95782			0.3	0.3	1	Inf	1	-Inf:Inf	
MYH15,CTH	1,2	Prot	value<cut,cut<value<cut	6	6	0.96875	0.18452	0.34461	1	1	-2.28125	-1.5278	-0.8066		0.3	0.3	1	Inf	1	-Inf:Inf	
X00000037843,LOC709056	1,2	Prot	value<cut,cut<value<cut	6	6	1	0.17024	0.32552	1	1	2.46772	-0.43417	0.6909		0.3	0.3	1	Inf	1	-Inf:Inf	
LOC709056,TARM1	2,1	Prot	cut<value<cut,value<cut	6	6	1	0.16984	0.31637	1	1	-0.43657	0.69363	1.2874		0.3	0.3	1	Inf	1	-Inf:Inf	
X00000037843,STARD8	1,2	Prot	value<cut,cut<value<cut	6	6	1	0.18095	0.34503	1	1	2.4685	0.66507	1.46377		0.3	0.3	1	Inf	1	-Inf:Inf	
LOC719667,LAMC1	1,2	Prot	value<cut,cut<value<cut	6	6	1	0.17143	0.33333	1	1	4.2055	0.8991	1.7449		0.3	0.3	1	Inf	1	-Inf:Inf	
STARD8,X00000059995	3,1	NonProt	value>cut,value<cut	6	6	0.92857	0.18571	0.36397	1	1	1.4621	-0.34585			0.31579	0.31579	1	Inf	1	-Inf:Inf	
STARD8,TARM1	3,3	NonProt	value>cut,value>cut	7	6	0.88571	0.2	0.3652	1	1	1.4521	2.0112			0.36842	0.31579	1	6.31578947368421	1	0.836:47.694	
X00000059995,CTH	1,3	NonProt	value<cut,value>cut	7	6	0.89286	0.19286	0.35907	1	1	-0.3738	-0.84318			0.36842	0.31579	1	6.31578947368421	1	0.836:47.694	
DLK1,TRIM16	3,1	NonProt	value>cut,value<cut	7	6	0.90476	0.19048	0.35376	1	1	0.0253	-1.68433			0.36842	0.31579	1	6.31578947368421	1	0.836:47.694	
LOC719667,X00000060146	3,3	NonProt	value>cut,value>cut	8	6	0.80357	0.21111	0.36397	1	1	4.95975	-2.97375			0.42105	0.31579	1	3.15789473684211	1	0.725:13.762	
ESR1,X00000060253	1,1	NonProt	value<cut,value<cut	7	6	0.93304	0.19167	0.37377	1	1	0.6029	1.1961			0.36842	0.31579	1	6.31578947368421	1	0.836:47.694	
TARM1,DLK1	3,3	NonProt	value>cut,value>cut	7	7	1	0.19938	0.41195	1	1	2.00777	-0.01963			0.36842	0.36842	1	Inf	1	-Inf:Inf	
KIR3DL0,A1BG	1,1	NonProt	value<cut,value<cut	7	6	0.93155	0.19418	0.37398	1	1	2.82625	-2.04542			0.36842	0.31579	1	6.31578947368421	1	0.836:47.694	
LOC715623,A1BG	2,1	NonProt	cut<value<cut,value<cut	6	6	1	0.17143	0.34314	1	1	-1.71095	-0.5465	-1.9115		0.31579	0.31579	1	Inf	1	-Inf:Inf	
ESR1,MAOA	1,2	NonProt	value<cut,cut<value<cut	6	6	1	0.17143	0.34314	1	1	0.6029	0.22245	0.663		0.31579	0.31579	1	Inf	1	-Inf:Inf	
LOC719667,A1BG	3,1	NonProt	value>cut,value<cut	6	6	1	0.18367	0.36916	1	1	4.994	-2.04179			0.31579	0.31579	1	Inf	1	-Inf:Inf	
STARD8,USP31	3,3	NonProt	value>cut,value>cut	6	6	1	0.18214	0.368	1	1	1.46335	0.71935			0.31579	0.31579	1	Inf	1	-Inf:Inf	
KIR3DL0,STARD8	1,3	NonProt	value<cut,value>cut	6	6	1	0.18571	0.38016	1	1	2.81169	1.45991			0.31579	0.31579	1	Inf	1	-Inf:Inf	
FABP5,LTC4S	1,1	Prot	value<cut,value<cut	7	6	0.87946	0.20714	0.35795	1	1	1.99022	-0.41965			0.35	0.3	1	5.7	1	0.755:43.043	
FABP5,HEY1	1,1	Prot	value<cut,value<cut	7	6	0.90476	0.18968	0.33431	1	1	1.99102	-1.99905			0.35	0.3	1	5.7	1	0.755:43.043	
LOC702786,LTC4S	1,1	Prot	value<cut,value<cut	7	6	0.85714	0.2	0.33402	1	1	-5.0199	-0.464			0.35	0.3	1	5.7	1	0.755:43.043	
LOC701920,LOC702786	3,1	Prot	value>cut,value<cut	7	6	0.85714	0.2	0.33333	1	1	5.525	-5.0053			0.35	0.3	1	5.7	1	0.755:43.043	
LOC719667,F2RL3	1,1	Prot	value<cut,value<cut	6	6	1	0.17143	0.32164	1	1	4.13533	-3.74653			0.3	0.3	1	Inf	1	-Inf:Inf	
FABP5,HCN2	1,1	Prot	value<cut,value<cut	6	6	1	0.18288	0.34984	1	1	1.98719	-2.92644			0.3	0.3	1	Inf	1	-Inf:Inf	
DLK1,TRIM16	2,3	Prot	cut<value<cut,value>cut	6	6	0.92857	0.18294	0.31667	1	1	-1.88425	-0.21	-0.9991		0.3	0.3	1	Inf	1	-Inf:Inf	
LOC719667,LTC4S	1,1	Prot	value<cut,value<cut	7	7	1	0.18776	0.36618	1	1	4.03736	-0.44329			0.35	0.35	1	Inf	1	-Inf:Inf	
X00000053274,HEY1	3,1	Prot	value>cut,value<cut	6	6	1	0.17857	0.34284	1	1	1.57575	-2.0395			0.3	0.3	1	Inf	1	-Inf:Inf	
FABP5,X00000053274	1,3	Prot	value<cut,value>cut	6	6	1	0.18003	0.35245	1	1	1.99315	1.47295			0.3	0.3	1	Inf	1	-Inf:Inf	
X00000053274,X00000059200	3,3	Prot	value>cut,value>cut	6	6	1	0.18003	0.35899	1	1	1.42025	2.67283			0.3	0.3	1	Inf	1	-Inf:Inf	
X00000037843,LTC4S	1,1	Prot	value<cut,value<cut	7	7	1	0.1873	0.3701	1	1	2.47277	-0.42562			0.35	0.35	1	Inf	1	-Inf:Inf	
VSTM1,RBM46	1,3	Prot	value<cut,value>cut	6	6	0.97959	0.17483	0.33447	1	1	4.37486	-1.06286			0.3	0.3	1	Inf	1	-Inf:Inf	
STARD8,HCN2	2,1	Prot	cut<value<cut,value<cut	6	6	1	0.17143	0.33333	1	1	0.6779	1.4296	-2.7443		0.3	0.3	1	Inf	1	-Inf:Inf	
STARD8,LTC4S	2,1	Prot	cut<value<cut,value<cut	6	6	1	0.17857	0.35191	1	1	0.65845	1.4621	-0.46635		0.3	0.3	1	Inf	1	-Inf:Inf	
X00000037843,X00000059995	1,2	Prot	value<cut,cut<value<cut	6	6	1	0.17143	0.32456	1	1	2.4691	-0.34585	0.6708		0.3	0.3	1	Inf	1	-Inf:Inf	
KIR3DL0,TARM1	1,3	NonProt	value<cut,value>cut	7	6	0.88393	0.20476	0.36914	1	1	2.82625	2.00667			0.36842	0.31579	1	6.31578947368421	1	0.836:47.694	
TARM1,A1BG	3,1	NonProt	value>cut,value<cut	7	6	0.8801	0.20329	0.37313	1	1	2.00887	-2.02629			0.36842	0.31579	1	6.31578947368421	1	0.836:47.694	
LOC701920,CTH	1,3	NonProt	value<cut,value>cut	8	7	0.88448	0.22152	0.40614	1	1	5.25706	-0.7818			0.42105	0.36842	1	7.36842105263158	1	0.998:54.391	
DLK1,CTH	3,3	NonProt	value>cut,value>cut	7	6	0.90476	0.2	0.36492	1	1	-0.0565	-0.75163			0.36842	0.31579	1	6.31578947368421	1	0.836:47.694	
DLK1,SMIM2	3,3	NonProt	value>cut,value>cut	7	6	0.86984	0.20429	0.37034	1	1	-0.1179	1.02178			0.36842	0.31579	1	6.31578947368421	1	0.836:47.694	
LOC719667,X00000053012	3,1	NonProt	value>cut,value<cut	6	6	1	0.18492	0.37827	1	1	4.98958	2.55917			0.31579	0.31579	1	Inf	1	-Inf:Inf	
KRTAP29.1,A1BG	2,1	NonProt	cut<value<cut,value<cut	6	6	1	0.17143	0.34314	1	1	-4.94375	-1.32225	-1.9115		0.31579	0.31579	1	Inf	1	-Inf:Inf	
TMEM38A,DLK1	3,3	NonProt	value>cut,value>cut	6	6	1	0.17143	0.35294	1	1	3.2525	-0.1047			0.31579	0.31579	1	Inf	1	-Inf:Inf	
DLK1,HCN2	3,3	NonProt	value>cut,value>cut	6	6	1	0.17619	0.35662	1	1	0.0016	-2.1293			0.31579	0.31579	1	Inf	1	-Inf:Inf	
X00000053012,DLK1	1,3	NonProt	value<cut,value>cut	7	7	1	0.19184	0.39572	1	1	2.5859	0.0069			0.36842	0.36842	1	Inf	1	-Inf:Inf	
KIR3DL0,DLK1	1,3	NonProt	value<cut,value>cut	7	7	1	0.20992	0.42887	1	1	2.83325	-0.00255			0.36842	0.36842	1	Inf	1	-Inf:Inf	
VSTM1,TNNT2	3,3	NonProt	value>cut,value>cut	7	7	1	0.19444	0.4023	1	1	5.21233	-0.58397			0.36842	0.36842	1	Inf	1	-Inf:Inf	
DLK1,A1BG	3,1	NonProt	value>cut,value<cut	6	6	1	0.18367	0.37197	1	1	0.0069	-1.95493			0.31579	0.31579	1	Inf	1	-Inf:Inf	
KIR3DL0,LOC715623	1,2	NonProt	value<cut,cut<value<cut	6	6	0.92857	0.18571	0.35294	1	1	2.8565	-1.7829	-0.4805		0.31579	0.31579	1	Inf	1	-Inf:Inf	
X00000059200,THRB	1,3	NonProt	value<cut,value>cut	7	6	0.87302	0.19938	0.35993	1	1	-0.42827	-3.14161			0.36842	0.31579	1	6.31578947368421	1	0.836:47.694	
X00000053274,X00000058427	1,3	NonProt	value<cut,value>cut	8	7	0.89286	0.22766	0.42519	1	1	-0.3194	1.81881			0.42105	0.36842	1	7.36842105263158	1	0.998:54.391	
LOC701920,TARM1	1,3	NonProt	value<cut,value>cut	7	7	1	0.20802	0.42733	1	1	5.257	2.01786			0.36842	0.36842	1	Inf	1	-Inf:Inf	
THRB,LTC4S	1,1	Prot	value<cut,value<cut	7	6	0.90476	0.19048	0.33987	1	1	-4.86687	-0.464			0.35	0.3	1	5.7	1	0.755:43.043	
X00000064715,LOC702786	3,1	Prot	value>cut,value<cut	7	6	0.85714	0.2	0.32456	1	1	1.8839	-4.94355			0.35	0.3	1	5.7	1	0.755:43.043	
VSTM1,A1BG	1,3	Prot	value<cut,value>cut	8	8	0.96875	0.22857	0.43124	1	1	4.46225	-1.40897			0.4	0.4	1	Inf	1	-Inf:Inf	
VSTM1,LTC4S	1,1	Prot	value<cut,value<cut	8	7	0.9875	0.21373	0.41326	1	1	4.40335	-0.43885			0.4	0.35	1	6.65	1	0.901:49.088	
DLK1,LAMC1	2,2	Prot	cut<value<cut,cut<value<cut	6	6	1	0.18333	0.34444	1	1	-1.88425	-0.21	0.90105	1.74415	0.3	0.3	1	Inf	1	-Inf:Inf	
VSTM1,TMX2	1,3	Prot	value<cut,value>cut	6	6	1	0.17798	0.34643	1	1	4.38725	3.241			0.3	0.3	1	Inf	1	-Inf:Inf	
X00000037843,X00000060146	1,2	Prot	value<cut,cut<value<cut	6	6	1	0.17048	0.331	1	1	2.46764	-4.829	-3.0233		0.3	0.3	1	Inf	1	-Inf:Inf	
X00000053012,MYH15	3,1	Prot	value>cut,value<cut	7	6	0.87723	0.20288	0.34398	1	1	2.87128	-2.34529			0.35	0.3	1	5.7	1	0.755:43.043	
X00000064715,SDK2	3,3	Prot	value>cut,value>cut	7	6	0.85714	0.2	0.33333	1	1	1.789	0.5862			0.35	0.3	1	5.7	1	0.755:43.043	
TMX2,SDK2	3,3	Prot	value>cut,value>cut	6	6	1	0.17619	0.33819	1	1	3.2404	0.6295			0.3	0.3	1	Inf	1	-Inf:Inf	
TARM1,X00000060146	1,2	Prot	value<cut,cut<value<cut	6	6	1	0.16984	0.32876	1	1	1.2874	-4.831	-3.06483		0.3	0.3	1	Inf	1	-Inf:Inf	
X00000053012,SDK2	1,1	NonProt	value<cut,value<cut	7	6	0.88393	0.20476	0.36969	1	1	2.57417	-0.90132			0.36842	0.31579	1	6.31578947368421	1	0.836:47.694	
TARM1,HCN2	3,3	NonProt	value>cut,value>cut	7	6	0.88571	0.19317	0.34951	1	1	1.98636	-2.1643			0.36842	0.31579	1	6.31578947368421	1	0.836:47.694	
X00000053012,ZNF576	1,1	NonProt	value<cut,value<cut	7	6	0.8648	0.21134	0.37611	1	1	2.57304	3.74386			0.36842	0.31579	1	6.31578947368421	1	0.836:47.694	
X00000053274,ZNF576	1,1	NonProt	value<cut,value<cut	8	7	0.89236	0.23135	0.42759	1	1	-0.3492	3.7435			0.42105	0.36842	1	7.36842105263158	1	0.998:54.391	
KRTAP29.1,ZNF576	2,1	NonProt	cut<value<cut,value<cut	7	6	0.86071	0.20571	0.36127	1	1	-4.9835	-1.8781	3.7426		0.36842	0.31579	1	6.31578947368421	1	0.836:47.694	
LTC4S,LAMC1	2,3	NonProt	cut<value<cut,value>cut	6	6	1	0.17143	0.34559	1	1	-0.44584	0.62852	1.7817		0.31579	0.31579	1	Inf	1	-Inf:Inf	
KIR3DL0,KRTAP29.1	1,2	NonProt	value<cut,cut<value<cut	6	6	1	0.18095	0.36649	1	1	2.82625	-4.99008	-2.28808		0.31579	0.31579	1	Inf	1	-Inf:Inf	
LOC702786,A1BG	2,1	NonProt	cut<value<cut,value<cut	6	6	1	0.17143	0.34314	1	1	-4.92775	-1.59345	-1.9115		0.31579	0.31579	1	Inf	1	-Inf:Inf	
LOC701920,HCN2	1,3	NonProt	value<cut,value>cut	6	6	1	0.17143	0.34641	1	1	5.2565	-2.1035			0.31579	0.31579	1	Inf	1	-Inf:Inf	
LOC709056,ZNF576	1,1	NonProt	value<cut,value<cut	8	7	0.98611	0.21359	0.43495	1	1	-0.41563	3.742			0.42105	0.36842	1	7.36842105263158	1	0.998:54.391	
ZNF576,X00000058427	1,3	NonProt	value<cut,value>cut	6	6	1	0.17798	0.36586	1	1	3.75013	1.82162			0.31579	0.31579	1	Inf	1	-Inf:Inf	
X00000053012,A1BG	1,1	NonProt	value<cut,value<cut	6	6	0.92857	0.18571	0.35294	1	1	2.59025	-2.0635			0.31579	0.31579	1	Inf	1	-Inf:Inf	
X00000064715,ZNF576	2,1	NonProt	cut<value<cut,value<cut	6	6	1	0.17143	0.34314	1	1	-0.0597	1.8108	3.745		0.31579	0.31579	1	Inf	1	-Inf:Inf	
TMX2,HEY1	3,1	Prot	value>cut,value<cut	6	6	1	0.17024	0.32061	1	1	3.24	-2.03627			0.3	0.3	1	Inf	1	-Inf:Inf	
CFAP70,X00000059995	1,2	Prot	value<cut,cut<value<cut	7	6	0.85714	0.2	0.34314	1	1	0.014	-0.3484	0.6956		0.35	0.3	1	5.7	1	0.755:43.043	
X00000053274,MYH15	3,1	Prot	value>cut,value<cut	7	6	0.86161	0.20575	0.34951	1	1	1.48962	-2.3669			0.35	0.3	1	5.7	1	0.755:43.043	
A1BG,X00000059995	2,2	Prot	cut<value<cut,cut<value<cut	7	6	0.85714	0.2	0.33333	1	1	-1.9115	-1.4371	-0.2925	0.6708	0.35	0.3	1	5.7	1	0.755:43.043	
LOC709056,LILRB1	2,1	Prot	cut<value<cut,value<cut	7	6	0.89286	0.2	0.35191	1	1	-0.4101	0.6988	7.2935		0.35	0.3	1	5.7	1	0.755:43.043	
X00000053274,X00000060146	3,1	Prot	value>cut,value<cut	6	6	1	0.17064	0.32847	1	1	1.51545	-4.82817			0.3	0.3	1	Inf	1	-Inf:Inf	
X00000053274,LOC709056	3,2	Prot	value>cut,cut<value<cut	6	6	1	0.17857	0.35483	1	1	1.48055	-0.41854	0.72322		0.3	0.3	1	Inf	1	-Inf:Inf	
X00000037843,X00000064369	1,3	Prot	value<cut,value>cut	6	6	1	0.17944	0.35045	1	1	2.47125	3.2812			0.3	0.3	1	Inf	1	-Inf:Inf	
LTC4S,ZNF576	1,2	Prot	value<cut,cut<value<cut	6	6	1	0.17738	0.34951	1	1	-0.46008	3.741	3.94075		0.3	0.3	1	Inf	1	-Inf:Inf	
X00000053274,X00000037843	2,1	Prot	cut<value<cut,value<cut	6	6	1	0.17143	0.33402	1	1	-0.41087	1.46303	2.4711		0.3	0.3	1	Inf	1	-Inf:Inf	
X00000037843,C5H4orf45	1,1	Prot	value<cut,value<cut	6	6	1	0.17143	0.33024	1	1	2.4703	0.2062			0.3	0.3	1	Inf	1	-Inf:Inf	
X00000037843,TMEM38A	1,1	Prot	value<cut,value<cut	8	8	1	0.23357	0.45633	1	1	2.47125	2.7784			0.4	0.4	1	Inf	1	-Inf:Inf	
VSTM1,TMEM38A	1,1	Prot	value<cut,value<cut	7	6	0.98438	0.18859	0.36223	1	1	4.41756	2.77725			0.35	0.3	1	5.7	1	0.755:43.043	
X00000037843,LILRB1	1,1	Prot	value<cut,value<cut	6	6	0.96429	0.17738	0.3348	1	1	2.46772	7.27575			0.3	0.3	1	Inf	1	-Inf:Inf	
VSTM1,X00000064369	1,3	Prot	value<cut,value>cut	6	6	1	0.18095	0.35308	1	1	4.42367	3.29547			0.3	0.3	1	Inf	1	-Inf:Inf	
LAMC1,X00000058729	3,1	NonProt	value>cut,value<cut	7	6	0.85714	0.2	0.34314	1	1	1.787	-4.49835			0.36842	0.31579	1	6.31578947368421	1	0.836:47.694	
X00000053274,TRIM16	1,2	NonProt	value<cut,cut<value<cut	7	6	0.85714	0.2	0.35294	1	1	-0.3996	-1.7125	-1.0518		0.36842	0.31579	1	6.31578947368421	1	0.836:47.694	
A1BG,HCN2	1,3	NonProt	value<cut,value>cut	7	6	0.88929	0.2	0.36127	1	1	-1.9115	-2.12812			0.36842	0.31579	1	6.31578947368421	1	0.836:47.694	
X00000053274,KRTAP29.1	1,2	NonProt	value<cut,cut<value<cut	6	6	0.92857	0.18571	0.34314	1	1	-0.4787	-5.0165	-4.5985		0.31579	0.31579	1	Inf	1	-Inf:Inf	
KIR3DL0,HCN2	1,3	NonProt	value<cut,value>cut	8	7	0.89683	0.21526	0.39883	1	1	2.82711	-2.15033			0.42105	0.36842	1	7.36842105263158	1	0.998:54.391	
LOC702786,HCN2	2,3	NonProt	cut<value<cut,value>cut	6	6	1	0.17075	0.35399	1	1	-4.97427	-1.5147	-2.15971		0.31579	0.31579	1	Inf	1	-Inf:Inf	
SDK2,ZNF576	2,1	NonProt	cut<value<cut,value<cut	6	6	1	0.17143	0.34865	1	1	-0.83147	0.62455	3.741		0.31579	0.31579	1	Inf	1	-Inf:Inf	
TNNT2,A1BG	3,1	NonProt	value>cut,value<cut	6	6	1	0.17143	0.34314	1	1	-0.4817	-1.9115			0.31579	0.31579	1	Inf	1	-Inf:Inf	
THRB,X00000064369	1,3	Prot	value<cut,value>cut	6	6	0.92857	0.18571	0.33333	1	1	-4.88715	3.2287			0.3	0.3	1	Inf	1	-Inf:Inf	
VSTM1,SDK2	1,3	Prot	value<cut,value>cut	7	6	0.90476	0.2	0.35157	1	1	4.50083	0.56357			0.35	0.3	1	5.7	1	0.755:43.043	
VSTM1,TNNT2	1,1	Prot	value<cut,value<cut	6	6	1	0.17075	0.33167	1	1	4.37486	-2.40709			0.3	0.3	1	Inf	1	-Inf:Inf	
TNNT2,X00000060253	1,3	Prot	value<cut,value>cut	6	6	0.92857	0.18571	0.34314	1	1	-2.3553	2.0577			0.3	0.3	1	Inf	1	-Inf:Inf	
X00000064715,TMX2	3,3	Prot	value>cut,value>cut	6	6	1	0.17143	0.33333	1	1	1.789	3.24			0.3	0.3	1	Inf	1	-Inf:Inf	
X00000064715,TARM1	3,1	Prot	value>cut,value<cut	6	6	1	0.18288	0.35427	1	1	1.92504	1.34364			0.3	0.3	1	Inf	1	-Inf:Inf	
RBM46,LOC701920	3,2	Prot	value>cut,cut<value<cut	7	6	0.85714	0.2	0.33333	1	1	-1.2248	5.2565	5.525		0.35	0.3	1	5.7	1	0.755:43.043	
LOC709056,X00000060253	2,3	Prot	cut<value<cut,value>cut	6	6	1	0.17143	0.33767	1	1	-0.41346	0.73466	2.05994		0.3	0.3	1	Inf	1	-Inf:Inf	
KIR3DL0,MAOA	1,2	NonProt	value<cut,cut<value<cut	7	6	0.83036	0.20556	0.35907	1	1	2.83575	0.23578	0.67792		0.36842	0.31579	1	6.31578947368421	1	0.836:47.694	
X00000064715,X00000053012	2,1	NonProt	cut<value<cut,value<cut	6	6	1	0.17143	0.35294	1	1	-0.0597	1.789	2.5668		0.31579	0.31579	1	Inf	1	-Inf:Inf	
X00000053012,X00000059995	1,1	NonProt	value<cut,value<cut	6	6	1	0.17551	0.35662	1	1	2.57397	-0.40484			0.31579	0.31579	1	Inf	1	-Inf:Inf	
KIR3DL0,X00000053012	1,1	NonProt	value<cut,value<cut	6	6	1	0.17143	0.34314	1	1	2.9035	2.5668			0.31579	0.31579	1	Inf	1	-Inf:Inf	
X00000064715,LILRB1	2,3	NonProt	cut<value<cut,value>cut	6	6	1	0.17143	0.33987	1	1	-0.0597	1.81807	7.7935		0.31579	0.31579	1	Inf	1	-Inf:Inf	
MYH15,ZNF576	2,1	NonProt	cut<value<cut,value<cut	8	6	0.86508	0.21429	0.37643	1	1	-2.30368	-1.4718	3.743		0.42105	0.31579	1	3.15789473684211	1	0.725:13.762	
ZNF576,X00000059995	1,1	NonProt	value<cut,value<cut	7	6	0.85714	0.2	0.36397	1	1	3.741	-0.34585			0.36842	0.31579	1	6.31578947368421	1	0.836:47.694	
X00000037843,LOC702786	3,2	NonProt	value>cut,cut<value<cut	7	6	0.85714	0.2	0.35294	1	1	2.7623	-5.0053	-3.38		0.36842	0.31579	1	6.31578947368421	1	0.836:47.694	
LOC709056,X00000059995	1,1	NonProt	value<cut,value<cut	6	6	1	0.17143	0.35294	1	1	-0.4557	-0.2925			0.31579	0.31579	1	Inf	1	-Inf:Inf	
VSTM1,LOC702786	3,2	NonProt	value>cut,cut<value<cut	7	7	1	0.19651	0.40445	1	1	5.2022	-4.97515	-1.47316		0.36842	0.36842	1	Inf	1	-Inf:Inf	
LOC719667,LOC702786	3,2	NonProt	value>cut,cut<value<cut	6	6	1	0.17143	0.35355	1	1	4.98125	-4.92238	-0.9839		0.31579	0.31579	1	Inf	1	-Inf:Inf	
LOC709056,LOC702786	1,2	NonProt	value<cut,cut<value<cut	8	8	1	0.21542	0.44351	1	1	-0.41733	-4.96669	-1.5147		0.42105	0.42105	1	Inf	1	-Inf:Inf	
TMEM38A,LAMC1	2,3	NonProt	cut<value<cut,value>cut	6	6	1	0.17857	0.36254	1	1	2.77038	3.21813	1.80805		0.31579	0.31579	1	Inf	1	-Inf:Inf	
THRB,X00000058729	3,1	NonProt	value>cut,value<cut	6	6	0.92857	0.18571	0.34314	1	1	-3.20135	-4.49835			0.31579	0.31579	1	Inf	1	-Inf:Inf	
TMX2,KRTAP29.1	1,2	NonProt	value<cut,cut<value<cut	8	6	0.86607	0.21429	0.37725	1	1	2.88625	-5.0165	-3.65362		0.42105	0.31579	1	3.15789473684211	1	0.725:13.762	
THRB,X00000064369	3,1	NonProt	value>cut,value<cut	7	7	0.96875	0.20992	0.41656	1	1	-3.12966	2.57726			0.36842	0.36842	1	Inf	1	-Inf:Inf	
TNNT2,F2RL3	3,3	NonProt	value>cut,value>cut	6	6	1	0.17619	0.36961	1	1	-0.60528	-1.91258			0.31579	0.31579	1	Inf	1	-Inf:Inf	
TNNT2,SDK2	3,1	NonProt	value>cut,value<cut	6	6	1	0.17143	0.34314	1	1	-0.52218	-0.85385			0.31579	0.31579	1	Inf	1	-Inf:Inf	
F2RL3,X00000059995	3,1	NonProt	value>cut,value<cut	6	6	1	0.17064	0.3607	1	1	-1.91617	-0.3979			0.31579	0.31579	1	Inf	1	-Inf:Inf	
X00000059200,TNNT2	1,3	NonProt	value<cut,value>cut	6	6	1	0.18286	0.37631	1	1	-0.4205	-0.53156			0.31579	0.31579	1	Inf	1	-Inf:Inf	
TNNT2,STARD8	3,3	NonProt	value>cut,value>cut	6	6	1	0.17143	0.36397	1	1	-0.7514	1.4621			0.31579	0.31579	1	Inf	1	-Inf:Inf	
TNNT2,X00000059995	3,1	NonProt	value>cut,value<cut	6	6	1	0.17143	0.35294	1	1	-0.4817	-0.2925			0.31579	0.31579	1	Inf	1	-Inf:Inf	
TNNT2,KRTAP29.1	3,2	NonProt	value>cut,cut<value<cut	7	6	0.97959	0.18776	0.37792	1	1	-0.60563	-5.00057	-1.68207		0.36842	0.31579	1	6.31578947368421	1	0.836:47.694	
LOC701920,LTC4S	1,3	NonProt	value<cut,value>cut	8	7	0.89517	0.22857	0.41823	1	1	5.2525	0.6264			0.42105	0.36842	1	7.36842105263158	1	0.998:54.391	
LOC701920,SMIM2	1,3	NonProt	value<cut,value>cut	7	6	0.88265	0.20816	0.37891	1	1	5.25693	1.0598			0.36842	0.31579	1	6.31578947368421	1	0.836:47.694	
VSTM1,ESR1	2,1	NonProt	cut<value<cut,value<cut	7	6	0.8631	0.20952	0.37337	1	1	4.50083	5.2235	0.6029		0.36842	0.31579	1	6.31578947368421	1	0.836:47.694	
TMX2,LTC4S	1,3	NonProt	value<cut,value>cut	7	6	0.89286	0.19286	0.34314	1	1	2.88625	0.61908			0.36842	0.31579	1	6.31578947368421	1	0.836:47.694	
X00000053274,LOC709056	1,1	NonProt	value<cut,value<cut	7	7	1	0.18869	0.38751	1	1	-0.36874	-0.41854			0.36842	0.36842	1	Inf	1	-Inf:Inf	
X00000060146,ZNF576	3,1	NonProt	value>cut,value<cut	8	7	0.86786	0.21587	0.39322	1	1	-2.9579	3.741			0.42105	0.36842	1	7.36842105263158	1	0.998:54.391	
X00000037843,X00000060253	2,2	NonProt	cut<value<cut,cut<value<cut	7	6	0.85714	0.2	0.34314	1	1	2.473	2.7623	1.2214	2.0577	0.36842	0.31579	1	6.31578947368421	1	0.836:47.694	
X00000053012,KRTAP29.1	1,2	NonProt	value<cut,cut<value<cut	8	7	0.89153	0.23422	0.43273	1	1	2.58136	-4.99089	-1.24006		0.42105	0.36842	1	7.36842105263158	1	0.998:54.391	
TMX2,X00000053012	1,1	NonProt	value<cut,value<cut	7	6	0.87946	0.20645	0.3751	1	1	2.88019	2.57812			0.36842	0.31579	1	6.31578947368421	1	0.836:47.694	
LOC702786,ZNF576	2,1	NonProt	cut<value<cut,value<cut	7	6	0.86071	0.20571	0.36127	1	1	-5.00344	-2.40472	3.745		0.36842	0.31579	1	6.31578947368421	1	0.836:47.694	
TMX2,LOC702786	1,2	NonProt	value<cut,cut<value<cut	7	6	0.8817	0.21071	0.3797	1	1	2.87675	-4.96268	-1.43054		0.36842	0.31579	1	6.31578947368421	1	0.836:47.694	
X00000053274,TMX2	1,1	NonProt	value<cut,value<cut	7	6	0.88265	0.20737	0.37284	1	1	-0.40443	2.87179			0.36842	0.31579	1	6.31578947368421	1	0.836:47.694	
X00000064715,KRTAP29.1	2,2	NonProt	cut<value<cut,cut<value<cut	6	6	1	0.17714	0.35621	1	1	0.05292	1.92414	-5.0056	-2.5298	0.31579	0.31579	1	Inf	1	-Inf:Inf	
LOC709056,LTC4S	1,3	NonProt	value<cut,value>cut	6	6	1	0.18016	0.37228	1	1	-0.42788	0.5942			0.31579	0.31579	1	Inf	1	-Inf:Inf	
TMEM38A,X00000053012	3,1	NonProt	value>cut,value<cut	6	6	0.92857	0.18571	0.35294	1	1	3.238	2.59025			0.31579	0.31579	1	Inf	1	-Inf:Inf	
LOC701920,X00000060253	1,2	NonProt	value<cut,cut<value<cut	6	6	1	0.17143	0.35355	1	1	5.2505	1.20235	2.04555		0.31579	0.31579	1	Inf	1	-Inf:Inf	
KRTAP29.1,C5H4orf45	2,3	NonProt	cut<value<cut,value>cut	6	6	1	0.17143	0.35294	1	1	-5.00125	-2.9635	1.4498		0.31579	0.31579	1	Inf	1	-Inf:Inf	
TARM1,THRB	1,1	Prot	value<cut,value<cut	7	6	0.89286	0.19286	0.33385	1	1	1.34478	-4.8731			0.35	0.3	1	5.7	1	0.755:43.043	
LOC719667,TARM1	2,1	Prot	cut<value<cut,value<cut	8	7	0.89286	0.21799	0.373	1	1	4.08242	4.97808	1.33245		0.4	0.35	1	6.65	1	0.901:49.088	
KRTAP29.1,MYH15	3,1	Prot	value>cut,value<cut	6	6	1	0.17798	0.34361	1	1	-0.82025	-2.34529			0.3	0.3	1	Inf	1	-Inf:Inf	
X00000037843,TARM1	1,1	Prot	value<cut,value<cut	7	6	0.96173	0.19184	0.35778	1	1	2.47107	1.3588			0.35	0.3	1	5.7	1	0.755:43.043	
TNNT2,TARM1	1,1	Prot	value<cut,value<cut	6	6	1	0.17714	0.35229	1	1	-2.37296	1.35798			0.3	0.3	1	Inf	1	-Inf:Inf	
LOC709056,THRB	2,1	Prot	cut<value<cut,value<cut	7	6	0.88571	0.19317	0.32708	1	1	-0.42806	0.71524	-4.87808		0.35	0.3	1	5.7	1	0.755:43.043	
X00000037843,RBM46	1,3	Prot	value<cut,value>cut	6	6	1	0.17143	0.33333	1	1	2.4673	-1.2248			0.3	0.3	1	Inf	1	-Inf:Inf	
VSTM1,X00000060253	1,3	Prot	value<cut,value>cut	6	6	1	0.17143	0.33987	1	1	4.393	2.06143			0.3	0.3	1	Inf	1	-Inf:Inf	
KIR3DL0,KRTAP29.1	2,3	Prot	cut<value<cut,value>cut	6	6	1	0.18286	0.35645	1	1	2.8202	3.6149	-2.48		0.3	0.3	1	Inf	1	-Inf:Inf	
TNNT2,MAOA	1,1	Prot	value<cut,value<cut	6	6	0.92857	0.18571	0.34314	1	1	-2.3966	0.2491			0.3	0.3	1	Inf	1	-Inf:Inf	
C5H4orf45,SDK2	1,3	Prot	value<cut,value>cut	7	6	0.92857	0.2	0.36068	1	1	0.3585	0.55225			0.35	0.3	1	5.7	1	0.755:43.043	
X00000064715,LAMC1	3,2	Prot	value>cut,cut<value<cut	7	6	0.88571	0.19317	0.331	1	1	1.94092	0.92156	1.78618		0.35	0.3	1	5.7	1	0.755:43.043	
X00000053274,KIR3DL0	3,2	Prot	value>cut,cut<value<cut	6	6	0.92857	0.18571	0.35294	1	1	1.2815	2.85425	3.7		0.3	0.3	1	Inf	1	-Inf:Inf	
X00000053274,X00000064715	3,3	Prot	value>cut,value>cut	6	6	1	0.17619	0.3502	1	1	1.47122	1.91168			0.3	0.3	1	Inf	1	-Inf:Inf	
LOC114669850,LAMC1	2,3	NonProt	cut<value<cut,value>cut	7	6	0.85714	0.2	0.33333	1	1	-0.0248	1.51495	1.8291		0.36842	0.31579	1	6.31578947368421	1	0.836:47.694	
CFAP70,THRB	3,3	NonProt	value>cut,value>cut	7	6	0.88095	0.19524	0.34355	1	1	2.25585	-3.147			0.36842	0.31579	1	6.31578947368421	1	0.836:47.694	
C5H4orf45,HEY1	3,2	NonProt	value>cut,cut<value<cut	7	6	0.90476	0.19048	0.33333	1	1	1.7828	-1.87213	-0.72477		0.36842	0.31579	1	6.31578947368421	1	0.836:47.694	
F2RL3,HCN2	3,3	NonProt	value>cut,value>cut	6	6	1	0.17718	0.36428	1	1	-1.76028	-2.1865			0.31579	0.31579	1	Inf	1	-Inf:Inf	
FABP5,LOC709056	3,1	NonProt	value>cut,value<cut	6	6	1	0.17407	0.35775	1	1	2.46401	-0.40559			0.31579	0.31579	1	Inf	1	-Inf:Inf	
THRB,LAMC1	3,3	NonProt	value>cut,value>cut	6	6	1	0.17857	0.36295	1	1	-3.11983	1.78336			0.31579	0.31579	1	Inf	1	-Inf:Inf	
X00000064715,CFAP70	3,2	Prot	value>cut,cut<value<cut	7	7	0.89286	0.21016	0.35937	1	1	1.99134	0.15134	2.2823		0.35	0.35	1	Inf	1	-Inf:Inf	
TNNT2,LOC709056	1,2	Prot	value<cut,cut<value<cut	8	7	0.89921	0.22286	0.39852	1	1	-2.41462	-0.40774	0.70846		0.4	0.35	1	6.65	1	0.901:49.088	
X00000053012,USP31	3,1	Prot	value>cut,value<cut	6	6	0.96429	0.18433	0.35221	1	1	2.8597	0.17918			0.3	0.3	1	Inf	1	-Inf:Inf	
LOC709056,USP31	2,1	Prot	cut<value<cut,value<cut	6	6	1	0.17143	0.34641	1	1	-0.427	0.70417	0.20487		0.3	0.3	1	Inf	1	-Inf:Inf	
LOC719667,X00000064715	1,3	Prot	value<cut,value>cut	6	6	1	0.17143	0.35294	1	1	4.5205	1.9356			0.3	0.3	1	Inf	1	-Inf:Inf	
X00000053274,LAMC1	1,3	NonProt	value<cut,value>cut	7	6	0.89286	0.20247	0.37123	1	1	-0.34098	1.77892			0.36842	0.31579	1	6.31578947368421	1	0.836:47.694	
RBM46,LAMC1	2,3	NonProt	cut<value<cut,value>cut	7	6	0.86071	0.20571	0.36111	1	1	-2.48872	-1.08788	1.8291		0.36842	0.31579	1	6.31578947368421	1	0.836:47.694	
SDK2,X00000058729	1,2	NonProt	value<cut,cut<value<cut	7	6	0.92857	0.2	0.36111	1	1	-0.72615	-4.52695	-2.3626		0.36842	0.31579	1	6.31578947368421	1	0.836:47.694	
LOC709056,A1BG	1,2	NonProt	value<cut,cut<value<cut	6	6	1	0.17075	0.35084	1	1	-0.41323	-1.98286	-1.43671		0.31579	0.31579	1	Inf	1	-Inf:Inf	
X00000037843,LAMC1	3,3	NonProt	value>cut,value>cut	6	6	1	0.17143	0.33333	1	1	2.7269	1.8291			0.31579	0.31579	1	Inf	1	-Inf:Inf	
TMEM38A,SDK2	3,1	NonProt	value>cut,value<cut	6	6	1	0.17143	0.33333	1	1	3.0765	-0.8017			0.31579	0.31579	1	Inf	1	-Inf:Inf	
X00000037843,SDK2	3,1	NonProt	value>cut,value<cut	6	6	1	0.17143	0.35417	1	1	2.86295	-0.8017			0.31579	0.31579	1	Inf	1	-Inf:Inf	
LILRB1	3	NonProt	value>cut	11	10	0.90909	0.31429	0.55556	1	1	7.693				0.57895	0.52632	1	10.5263157894737	1	1.487:74.534	
TMX2,ZNF576	1,1	NonProt	value<cut,value<cut	8	7	0.86905	0.21905	0.378	1	1	2.8525	3.74767			0.42105	0.36842	1	7.36842105263158	1	0.998:54.391	
F2RL3,LILRB1	2,3	NonProt	cut<value<cut,value>cut	6	6	1	0.17143	0.33987	1	1	-3.3308	-1.5483	7.75283		0.31579	0.31579	1	Inf	1	-Inf:Inf	
KIR3DL0,TMEM38A	1,3	NonProt	value<cut,value>cut	6	6	1	0.17143	0.33333	1	1	2.9505	3.0765			0.31579	0.31579	1	Inf	1	-Inf:Inf	
X00000053012,CTH	1,3	NonProt	value<cut,value>cut	7	7	1	0.19592	0.39764	1	1	2.56781	-0.7621			0.36842	0.36842	1	Inf	1	-Inf:Inf	
KIR3DL0,X00000064369	1,2	NonProt	value<cut,cut<value<cut	6	6	1	0.17143	0.33333	1	1	2.9505	2.5776	3.3062		0.31579	0.31579	1	Inf	1	-Inf:Inf	
LOC702786,TRIM16	2,1	NonProt	cut<value<cut,value<cut	7	6	0.95238	0.19048	0.37337	1	1	-4.94643	-1.0314	-1.66187		0.36842	0.31579	1	6.31578947368421	1	0.836:47.694	
TMX2,CFAP70	1,3	NonProt	value<cut,value>cut	6	6	1	0.17143	0.33824	1	1	2.8605	2.3067			0.31579	0.31579	1	Inf	1	-Inf:Inf	
KIR3DL0,TRIM16	1,1	NonProt	value<cut,value<cut	6	6	1	0.17143	0.35417	1	1	2.85425	-1.67025			0.31579	0.31579	1	Inf	1	-Inf:Inf	
ESR1,A1BG	1,2	NonProt	value<cut,cut<value<cut	7	6	0.85714	0.2	0.33333	1	1	0.6029	-1.9115	-1.3534		0.36842	0.31579	1	6.31578947368421	1	0.836:47.694	
A1BG,LAMC1	2,3	NonProt	cut<value<cut,value>cut	7	6	0.85714	0.2	0.33333	1	1	-1.9115	-1.3534	1.8291		0.36842	0.31579	1	6.31578947368421	1	0.836:47.694	
LOC715623,A1BG	1,2	NonProt	value<cut,cut<value<cut	7	6	0.85714	0.2	0.33333	1	1	-1.7648	-1.9115	-1.3534		0.36842	0.31579	1	6.31578947368421	1	0.836:47.694	
X00000059200,X00000059995	1,1	NonProt	value<cut,value<cut	7	6	0.90476	0.19048	0.35376	1	1	-0.41623	-0.41327			0.36842	0.31579	1	6.31578947368421	1	0.836:47.694	
X00000053274,CBS	1,2	NonProt	value<cut,cut<value<cut	6	6	1	0.17143	0.33333	1	1	-0.3996	-1.861	-0.0623		0.31579	0.31579	1	Inf	1	-Inf:Inf	
LILRB1,ESR1	3,1	NonProt	value>cut,value<cut	7	6	0.90476	0.18862	0.36111	1	1	7.705	0.6029			0.36842	0.31579	1	6.31578947368421	1	0.836:47.694	
LILRB1,X00000059995	3,1	NonProt	value>cut,value<cut	6	6	1	0.17143	0.33333	1	1	7.693	-0.4414			0.31579	0.31579	1	Inf	1	-Inf:Inf	
VSTM1,TARM1	1,1	Prot	value<cut,value<cut	7	7	0.91071	0.20952	0.37771	1	1	4.4315	1.3775			0.35	0.35	1	Inf	1	-Inf:Inf	
FABP5,X00000060146	1,1	Prot	value<cut,value<cut	7	6	0.88393	0.20384	0.35279	1	1	1.9938	-4.82742			0.35	0.3	1	5.7	1	0.755:43.043	
F2RL3,ZNF576	1,2	Prot	value<cut,cut<value<cut	6	6	1	0.18095	0.36017	1	1	-3.38853	3.741	3.94067		0.3	0.3	1	Inf	1	-Inf:Inf	
VSTM1,CBS	1,3	Prot	value<cut,value>cut	6	6	1	0.17143	0.34314	1	1	4.41025	-0.10475			0.3	0.3	1	Inf	1	-Inf:Inf	
USP31,X00000059995	1,2	Prot	value<cut,cut<value<cut	6	6	0.92857	0.18571	0.33437	1	1	0.09975	-0.4203	0.6956		0.3	0.3	1	Inf	1	-Inf:Inf	
VSTM1,USP31	1,1	Prot	value<cut,value<cut	6	6	1	0.17714	0.35335	1	1	4.3583	0.11466			0.3	0.3	1	Inf	1	-Inf:Inf	
TRIM16,USP31	3,1	Prot	value>cut,value<cut	6	6	1	0.18571	0.38235	1	1	-0.9991	0.16155			0.3	0.3	1	Inf	1	-Inf:Inf	
USP31,CTH	1,1	Prot	value<cut,value<cut	7	6	0.85714	0.2	0.34056	1	1	0.12303	-1.48927			0.35	0.3	1	5.7	1	0.755:43.043	
STARD8,TMX2	2,2	Prot	cut<value<cut,cut<value<cut	7	6	0.92857	0.19286	0.35681	1	1	0.6776	1.48085	2.85363	3.23463	0.35	0.3	1	5.7	1	0.755:43.043	
TARM1,LILRB1	1,1	Prot	value<cut,value<cut	7	6	0.88095	0.19524	0.33402	1	1	1.3775	7.30633			0.35	0.3	1	5.7	1	0.755:43.043	
LILRB1,CFAP70	2,2	Prot	cut<value<cut,cut<value<cut	7	6	0.85714	0.19815	0.32876	1	1	7.281	7.699	0.19383	2.29733	0.35	0.3	1	5.7	1	0.755:43.043	
X00000053274,CFAP70	3,2	Prot	value>cut,cut<value<cut	6	6	1	0.17143	0.35294	1	1	1.2815	0.1854	2.3348		0.3	0.3	1	Inf	1	-Inf:Inf	
X00000053274,HCN2	3,1	Prot	value>cut,value<cut	6	6	1	0.17143	0.34804	1	1	1.4396	-2.89575			0.3	0.3	1	Inf	1	-Inf:Inf	
X00000053012,ESR1	3,3	Prot	value>cut,value>cut	6	6	1	0.17603	0.35235	1	1	2.8609	1.05258			0.3	0.3	1	Inf	1	-Inf:Inf	
ESR1,X00000059995	3,2	Prot	value>cut,cut<value<cut	6	6	0.95238	0.1791	0.32291	1	1	1.05813	-0.42733	0.68037		0.3	0.3	1	Inf	1	-Inf:Inf	
X00000064313,C5H4orf45	3,1	Prot	value>cut,value<cut	6	6	1	0.17143	0.35294	1	1	-0.96	0.5411			0.3	0.3	1	Inf	1	-Inf:Inf	
TMX2,LOC701920	3,3	Prot	value>cut,value>cut	6	6	1	0.18175	0.3602	1	1	3.2357	5.503			0.3	0.3	1	Inf	1	-Inf:Inf	
USP31,X00000058427	1,1	Prot	value<cut,value<cut	6	6	1	0.17143	0.35294	1	1	0.1535	1.211			0.3	0.3	1	Inf	1	-Inf:Inf	
CBS,USP31	3,1	Prot	value>cut,value<cut	6	6	1	0.17143	0.35294	1	1	-0.0623	0.1535			0.3	0.3	1	Inf	1	-Inf:Inf	
TRIM16,X00000060253	1,1	NonProt	value<cut,value<cut	7	6	0.85714	0.2	0.33333	1	1	-1.7125	1.18767			0.36842	0.31579	1	6.31578947368421	1	0.836:47.694	
X00000060253,MAOA	1,2	NonProt	value<cut,cut<value<cut	7	6	0.85714	0.2	0.34722	1	1	1.16227	0.23777	0.67283		0.36842	0.31579	1	6.31578947368421	1	0.836:47.694	
X00000037843,X00000053012	3,1	NonProt	value>cut,value<cut	7	7	0.92602	0.21145	0.40733	1	1	2.83611	2.59167			0.36842	0.36842	1	Inf	1	-Inf:Inf	
KIR3DL0,SMIM2	1,3	NonProt	value<cut,value>cut	6	6	1	0.18492	0.37132	1	1	2.84192	1.03498			0.31579	0.31579	1	Inf	1	-Inf:Inf	
VSTM1,X00000053012	3,1	NonProt	value>cut,value<cut	8	8	1	0.21706	0.44276	1	1	5.19688	2.57779			0.42105	0.42105	1	Inf	1	-Inf:Inf	
VSTM1,CFAP70	3,3	NonProt	value>cut,value>cut	6	6	1	0.17143	0.34865	1	1	5.22625	2.34422			0.31579	0.31579	1	Inf	1	-Inf:Inf	
TARM1,X00000053012	3,1	NonProt	value>cut,value<cut	8	7	0.86905	0.2172	0.39188	1	1	1.94633	2.59373			0.42105	0.36842	1	7.36842105263158	1	0.998:54.391	
STARD8,F2RL3	3,3	NonProt	value>cut,value>cut	8	7	0.88922	0.21336	0.40176	1	1	1.44787	-1.81822			0.42105	0.36842	1	7.36842105263158	1	0.998:54.391	
THRB,SMIM2	3,2	NonProt	value>cut,cut<value<cut	7	6	0.90476	0.2	0.36574	1	1	-3.1894	-0.24807	1.12097		0.36842	0.31579	1	6.31578947368421	1	0.836:47.694	
X00000037843,LILRB1	3,3	NonProt	value>cut,value>cut	7	6	0.90476	0.2	0.37228	1	1	2.8294	7.699			0.36842	0.31579	1	6.31578947368421	1	0.836:47.694	
VSTM1,LILRB1	3,3	NonProt	value>cut,value>cut	6	6	1	0.1791	0.37459	1	1	5.19367	7.699			0.31579	0.31579	1	Inf	1	-Inf:Inf	
LILRB1,DLK1	3,3	NonProt	value>cut,value>cut	6	6	1	0.17024	0.35907	1	1	7.702	-0.04695			0.31579	0.31579	1	Inf	1	-Inf:Inf	
KIR3DL0,LILRB1	1,3	NonProt	value<cut,value>cut	6	6	1	0.17143	0.33333	1	1	2.9505	7.693			0.31579	0.31579	1	Inf	1	-Inf:Inf	
X00000053012,LILRB1	1,3	NonProt	value<cut,value>cut	7	7	1	0.20992	0.43581	1	1	2.58318	7.73331			0.36842	0.36842	1	Inf	1	-Inf:Inf	
KIR3DL0,F2RL3	1,3	NonProt	value<cut,value>cut	6	6	1	0.17143	0.34314	1	1	2.9035	-1.5483			0.31579	0.31579	1	Inf	1	-Inf:Inf	
X00000053274,KIR3DL0	2,1	NonProt	cut<value<cut,value<cut	6	6	1	0.17143	0.33333	1	1	-0.3996	1.2815	2.9505		0.31579	0.31579	1	Inf	1	-Inf:Inf	
KIR3DL0,CTH	1,3	NonProt	value<cut,value>cut	6	6	1	0.16984	0.34722	1	1	2.88633	-0.8744			0.31579	0.31579	1	Inf	1	-Inf:Inf	
LOC719667,TARM1	3,3	NonProt	value>cut,value>cut	7	7	1	0.18859	0.38741	1	1	4.98919	2.02135			0.36842	0.36842	1	Inf	1	-Inf:Inf	
LOC719667,KIR3DL0	3,1	NonProt	value>cut,value<cut	6	6	1	0.17937	0.36574	1	1	4.98417	2.88633			0.31579	0.31579	1	Inf	1	-Inf:Inf	
TARM1,CTH	3,3	NonProt	value>cut,value>cut	6	6	1	0.17603	0.36201	1	1	1.97268	-0.7964			0.31579	0.31579	1	Inf	1	-Inf:Inf	
A1BG	3	Prot	value>cut	11	10	0.91098	0.31905	0.55503	1	1	-1.4227				0.55	0.5	1	9.5	1	1.342:67.267	
KIR3DL0,ZNF576	2,2	Prot	cut<value<cut,cut<value<cut	7	6	0.85714	0.2	0.35294	1	1	2.9505	3.7	3.741	3.9385	0.35	0.3	1	5.7	1	0.755:43.043	
A1BG,LTC4S	3,1	Prot	value>cut,value<cut	6	6	1	0.16984	0.33529	1	1	-1.45523	-0.46503			0.3	0.3	1	Inf	1	-Inf:Inf	
A1BG,X00000058729	3,3	Prot	value>cut,value>cut	6	6	0.95238	0.18095	0.34056	1	1	-1.4275	-2.40723			0.3	0.3	1	Inf	1	-Inf:Inf	
KIR3DL0,DLK1	2,2	Prot	cut<value<cut,cut<value<cut	6	6	1	0.17143	0.35294	1	1	2.9505	3.7	-1.8118	0.1419	0.3	0.3	1	Inf	1	-Inf:Inf	
F2RL3,A1BG	1,3	Prot	value<cut,value>cut	6	6	1	0.17143	0.35294	1	1	-3.3308	-1.3534			0.3	0.3	1	Inf	1	-Inf:Inf	
TNNT2,A1BG	1,3	Prot	value<cut,value>cut	6	6	1	0.17024	0.32552	1	1	-2.4445	-1.4227			0.3	0.3	1	Inf	1	-Inf:Inf	
LTC4S,HCN2	1,1	Prot	value<cut,value<cut	7	6	0.8631	0.20952	0.35928	1	1	-0.40643	-2.90567			0.35	0.3	1	5.7	1	0.755:43.043	
A1BG,HEY1	3,1	Prot	value>cut,value<cut	6	6	1	0.17024	0.3348	1	1	-1.40897	-1.94923			0.3	0.3	1	Inf	1	-Inf:Inf	
VSTM1,LOC709056	3,1	NonProt	value>cut,value<cut	7	7	1	0.19841	0.40278	1	1	5.17313	-0.427			0.36842	0.36842	1	Inf	1	-Inf:Inf	
LOC709056,CTH	1,3	NonProt	value<cut,value>cut	7	6	0.97619	0.19048	0.37187	1	1	-0.39488	-0.7203			0.36842	0.31579	1	6.31578947368421	1	0.836:47.694	
TARM1,LILRB1	3,3	NonProt	value>cut,value>cut	6	6	1	0.17143	0.33333	1	1	1.9697	7.693			0.31579	0.31579	1	Inf	1	-Inf:Inf	
TNNT2,TARM1	3,3	NonProt	value>cut,value>cut	6	6	0.97143	0.17619	0.35392	1	1	-0.69654	1.98636			0.31579	0.31579	1	Inf	1	-Inf:Inf	
LOC709056,KRTAP29.1	1,2	NonProt	value<cut,cut<value<cut	7	7	1	0.20992	0.43449	1	1	-0.40291	-5.00669	-1.60675		0.36842	0.36842	1	Inf	1	-Inf:Inf	
X00000037843,RBM46	2,1	NonProt	cut<value<cut,value<cut	7	6	0.85714	0.2	0.33333	1	1	2.473	2.7446	-2.4869		0.36842	0.31579	1	6.31578947368421	1	0.836:47.694	
LOC719667,X00000056965	3,1	NonProt	value>cut,value<cut	6	6	1	0.17024	0.34865	1	1	5.00238	-3.4486			0.31579	0.31579	1	Inf	1	-Inf:Inf	
KIR3DL0,LOC701920	1,1	NonProt	value<cut,value<cut	6	6	1	0.18512	0.38006	1	1	2.81363	5.25713			0.31579	0.31579	1	Inf	1	-Inf:Inf	
X00000064715,TMX2	1,1	NonProt	value<cut,value<cut	7	6	0.85714	0.2	0.33333	1	1	-0.0934	2.857			0.36842	0.31579	1	6.31578947368421	1	0.836:47.694	
TMX2,MYH15	1,2	NonProt	value<cut,cut<value<cut	7	6	0.85714	0.2	0.34314	1	1	2.857	-2.1852	-1.484		0.36842	0.31579	1	6.31578947368421	1	0.836:47.694	
THRB,HCN2	3,3	NonProt	value>cut,value>cut	6	6	0.95238	0.18003	0.35743	1	1	-3.19057	-2.14795			0.31579	0.31579	1	Inf	1	-Inf:Inf	
KIR3DL0,X00000064715	1,1	NonProt	value<cut,value<cut	6	6	1	0.17143	0.34314	1	1	2.9035	-0.01805			0.31579	0.31579	1	Inf	1	-Inf:Inf	
X00000037843,F2RL3	1,1	Prot	value<cut,value<cut	7	6	0.90476	0.19048	0.34641	1	1	2.4711	-3.39037			0.35	0.3	1	5.7	1	0.755:43.043	
LOC709056,ESR1	2,3	Prot	cut<value<cut,value>cut	7	6	0.95238	0.18862	0.35196	1	1	-0.427	0.7151	1.05813		0.35	0.3	1	5.7	1	0.755:43.043	
C5H4orf45,USP31	1,1	Prot	value<cut,value<cut	7	6	0.85714	0.2	0.35294	1	1	0.34017	0.22357			0.35	0.3	1	5.7	1	0.755:43.043	
X00000053012,C5H4orf45	3,1	Prot	value>cut,value<cut	7	6	0.88929	0.20444	0.3441	1	1	2.87166	0.2548			0.35	0.3	1	5.7	1	0.755:43.043	
TARM1,TRIM16	1,3	Prot	value<cut,value>cut	6	6	0.92857	0.18571	0.33437	1	1	1.369	-0.9464			0.3	0.3	1	Inf	1	-Inf:Inf	
TARM1,CBS	1,3	Prot	value<cut,value>cut	7	6	0.85714	0.2	0.35294	1	1	1.369	-0.0623			0.35	0.3	1	5.7	1	0.755:43.043	
X00000037843,X00000059200	1,3	Prot	value<cut,value>cut	6	6	1	0.17048	0.32708	1	1	2.46764	2.81416			0.3	0.3	1	Inf	1	-Inf:Inf	
LOC701920,A1BG	3,3	Prot	value>cut,value>cut	6	6	1	0.17143	0.33808	1	1	5.5238	-1.44232			0.3	0.3	1	Inf	1	-Inf:Inf	
CBS,TRIM16	3,3	Prot	value>cut,value>cut	6	6	1	0.17143	0.35294	1	1	-0.0623	-0.9464			0.3	0.3	1	Inf	1	-Inf:Inf	
X00000037843,KIR3DL0	1,2	Prot	value<cut,cut<value<cut	6	6	1	0.17143	0.33402	1	1	2.4673	2.86167	3.656		0.3	0.3	1	Inf	1	-Inf:Inf	
X00000053274,LTC4S	3,1	Prot	value>cut,value<cut	6	6	1	0.17143	0.35294	1	1	1.31457	-0.40033			0.3	0.3	1	Inf	1	-Inf:Inf	
KIR3DL0,LTC4S	2,1	Prot	cut<value<cut,value<cut	6	6	1	0.17143	0.35294	1	1	2.85425	3.7	-0.4186		0.3	0.3	1	Inf	1	-Inf:Inf	
LILRB1,HCN2	1,2	Prot	value<cut,cut<value<cut	7	6	0.85714	0.2	0.35294	1	1	7.255	-2.8193	-2.1949		0.35	0.3	1	5.7	1	0.755:43.043	
A1BG,THRB	3,1	Prot	value>cut,value<cut	7	7	1	0.19317	0.37915	1	1	-1.4146	-4.87432			0.35	0.35	1	Inf	1	-Inf:Inf	
LILRB1,A1BG	1,3	Prot	value<cut,value>cut	7	7	1	0.18955	0.36463	1	1	7.29283	-1.43665			0.35	0.35	1	Inf	1	-Inf:Inf	
KIR3DL0,LAMC1	2,2	Prot	cut<value<cut,cut<value<cut	6	6	1	0.17143	0.35294	1	1	2.9505	3.7	0.903	1.8291	0.3	0.3	1	Inf	1	-Inf:Inf	
FABP5,X00000037843	2,1	Prot	cut<value<cut,value<cut	6	6	1	0.17064	0.33173	1	1	1.99295	2.45695	2.47008		0.3	0.3	1	Inf	1	-Inf:Inf	
TMEM38A,LOC114669850	2,2	NonProt	cut<value<cut,cut<value<cut	6	6	0.92857	0.18571	0.33333	1	1	2.74925	3.15075	-0.0248	1.51495	0.31579	0.31579	1	Inf	1	-Inf:Inf	
X00000059200,X00000064369	1,1	NonProt	value<cut,value<cut	6	6	1	0.17798	0.36816	1	1	-0.42692	2.57567			0.31579	0.31579	1	Inf	1	-Inf:Inf	
FABP5,LOC702786	3,2	NonProt	value>cut,cut<value<cut	6	6	1	0.17738	0.36806	1	1	2.5016	-5.02065	-1.90228		0.31579	0.31579	1	Inf	1	-Inf:Inf	
KRTAP29.1,HCN2	2,3	NonProt	cut<value<cut,value>cut	6	6	1	0.18095	0.36206	1	1	-4.98058	-1.7825	-2.13925		0.31579	0.31579	1	Inf	1	-Inf:Inf	
X00000059200,ZNF576	1,1	NonProt	value<cut,value<cut	6	6	1	0.17143	0.35417	1	1	-0.4139	3.741			0.31579	0.31579	1	Inf	1	-Inf:Inf	
VSTM1,TRIM16	1,3	Prot	value<cut,value>cut	7	6	0.90476	0.19048	0.34056	1	1	4.4315	-0.98153			0.35	0.3	1	5.7	1	0.755:43.043	
X00000059200,KRTAP29.1	3,3	Prot	value>cut,value>cut	7	6	0.86012	0.2037	0.3368	1	1	2.79133	-1.70158			0.35	0.3	1	5.7	1	0.755:43.043	
A1BG,ZNF576	2,1	NonProt	cut<value<cut,value<cut	7	6	0.85714	0.2	0.33987	1	1	-1.9115	-1.4275	3.74767		0.36842	0.31579	1	6.31578947368421	1	0.836:47.694	
TARM1,ESR1	3,1	NonProt	value>cut,value<cut	7	6	0.85714	0.2	0.33333	1	1	1.9697	0.6029			0.36842	0.31579	1	6.31578947368421	1	0.836:47.694	
DLK1,X00000059995	3,1	NonProt	value>cut,value<cut	6	6	1	0.17143	0.34314	1	1	-0.0066	-0.44865			0.31579	0.31579	1	Inf	1	-Inf:Inf	
KRTAP29.1,CTH	2,3	NonProt	cut<value<cut,value>cut	7	6	0.94866	0.19286	0.36989	1	1	-4.9885	-1.22756	-0.74224		0.36842	0.31579	1	6.31578947368421	1	0.836:47.694	
LOC709056,LILRB1	1,3	NonProt	value<cut,value>cut	6	6	1	0.17143	0.35376	1	1	-0.427	7.699			0.31579	0.31579	1	Inf	1	-Inf:Inf	
C5H4orf45,ZNF576	3,1	NonProt	value>cut,value<cut	6	6	1	0.17064	0.35417	1	1	1.86053	3.74233			0.31579	0.31579	1	Inf	1	-Inf:Inf	
X00000037843,TARM1	3,3	NonProt	value>cut,value>cut	7	6	0.89286	0.19286	0.34865	1	1	2.8718	2.0257			0.36842	0.31579	1	6.31578947368421	1	0.836:47.694	
TARM1,SMIM2	3,3	NonProt	value>cut,value>cut	8	6	0.86541	0.2131	0.3844	1	1	1.98358	1.01142			0.42105	0.31579	1	3.15789473684211	1	0.725:13.762	
VSTM1,TARM1	3,3	NonProt	value>cut,value>cut	8	6	0.8373	0.2125	0.36428	1	1	5.20675	1.99108			0.42105	0.31579	1	3.15789473684211	1	0.725:13.762	
KIR3DL0,LTC4S	1,3	NonProt	value<cut,value>cut	6	6	1	0.17143	0.33333	1	1	2.9505	0.5971			0.31579	0.31579	1	Inf	1	-Inf:Inf	
VSTM1,SDK2	3,1	NonProt	value>cut,value<cut	6	6	1	0.17143	0.33725	1	1	5.2101	-0.8672			0.31579	0.31579	1	Inf	1	-Inf:Inf	
KIR3DL0,LOC702786	1,2	NonProt	value<cut,cut<value<cut	6	6	1	0.18452	0.37153	1	1	2.85925	-4.9764	-1.35992		0.31579	0.31579	1	Inf	1	-Inf:Inf	
CFAP70,X00000064369	3,1	NonProt	value>cut,value<cut	7	6	0.85714	0.2	0.33987	1	1	2.34737	2.5557			0.36842	0.31579	1	6.31578947368421	1	0.836:47.694	
LOC709056,C5H4orf45	1,3	NonProt	value<cut,value>cut	7	6	0.86071	0.2046	0.37402	1	1	-0.40306	1.74288			0.36842	0.31579	1	6.31578947368421	1	0.836:47.694	
X00000037843,DLK1	3,3	NonProt	value>cut,value>cut	6	6	1	0.17143	0.34722	1	1	2.8294	0.0425			0.31579	0.31579	1	Inf	1	-Inf:Inf	
STARD8,THRB	3,3	NonProt	value>cut,value>cut	7	7	1	0.18776	0.38177	1	1	1.47353	-3.14964			0.36842	0.36842	1	Inf	1	-Inf:Inf	
X00000037843,STARD8	3,3	NonProt	value>cut,value>cut	6	6	1	0.18571	0.38058	1	1	2.87475	1.46377			0.31579	0.31579	1	Inf	1	-Inf:Inf	
A1BG,X00000059995	2,1	NonProt	cut<value<cut,value<cut	6	6	1	0.16905	0.35417	1	1	-2.00925	-1.4227	-0.4414		0.31579	0.31579	1	Inf	1	-Inf:Inf	
FABP5,ZNF576	3,1	NonProt	value>cut,value<cut	6	6	1	0.17798	0.36657	1	1	2.47014	3.7445			0.31579	0.31579	1	Inf	1	-Inf:Inf	
X00000059200,TMX2	1,1	NonProt	value<cut,value<cut	6	6	1	0.17143	0.35417	1	1	-0.4139	2.857			0.31579	0.31579	1	Inf	1	-Inf:Inf	
LILRB1,X00000060253	3,1	NonProt	value>cut,value<cut	6	6	0.95238	0.18095	0.34722	1	1	7.72867	1.18767			0.31579	0.31579	1	Inf	1	-Inf:Inf	
VSTM1,TMX2	3,1	NonProt	value>cut,value<cut	6	6	1	0.17064	0.34355	1	1	5.19367	2.86617			0.31579	0.31579	1	Inf	1	-Inf:Inf	
CBS,KRTAP29.1	2,2	NonProt	cut<value<cut,cut<value<cut	6	6	1	0.17143	0.33333	1	1	-1.861	-0.01145	-5.01425	-4.338	0.31579	0.31579	1	Inf	1	-Inf:Inf	
X00000059200,LOC702786	3,3	Prot	value>cut,value>cut	7	6	0.86071	0.20444	0.33749	1	1	2.7762	-0.97548			0.35	0.3	1	5.7	1	0.755:43.043	
KIR3DL0,A1BG	2,3	Prot	cut<value<cut,value>cut	6	6	1	0.17143	0.35294	1	1	2.9505	3.7	-1.3534		0.3	0.3	1	Inf	1	-Inf:Inf	
USP31,X00000064369	1,3	Prot	value<cut,value>cut	6	6	1	0.18003	0.34606	1	1	0.09577	3.28768			0.3	0.3	1	Inf	1	-Inf:Inf	
KIR3DL0,LOC702786	2,3	Prot	cut<value<cut,value>cut	7	7	0.975	0.19317	0.35978	1	1	2.839	3.6149	-1.4832		0.35	0.35	1	Inf	1	-Inf:Inf	
TARM1,LTC4S	2,1	Prot	cut<value<cut,value<cut	7	6	0.85714	0.19889	0.331	1	1	1.34962	1.98304	-0.40994		0.35	0.3	1	5.7	1	0.755:43.043	
TMEM38A,LTC4S	1,1	Prot	value<cut,value<cut	7	6	0.98438	0.18869	0.36073	1	1	2.77513	-0.44744			0.35	0.3	1	5.7	1	0.755:43.043	
ESR1,MYH15	3,1	Prot	value>cut,value<cut	6	6	1	0.17143	0.34159	1	1	1.07178	-2.31424			0.3	0.3	1	Inf	1	-Inf:Inf	
X00000053012,SDK2	2,3	Prot	cut<value<cut,value>cut	7	6	0.85714	0.2	0.33333	1	1	2.6072	2.8896	0.7789		0.35	0.3	1	5.7	1	0.755:43.043	
X00000037843,TMX2	1,2	Prot	value<cut,cut<value<cut	6	6	1	0.17143	0.32456	1	1	2.4673	2.857	3.24		0.3	0.3	1	Inf	1	-Inf:Inf	
THRB,X00000060253	1,3	Prot	value<cut,value>cut	7	7	0.975	0.19429	0.37042	1	1	-4.85688	2.06112			0.35	0.35	1	Inf	1	-Inf:Inf	
X00000060253,LAMC1	3,1	Prot	value>cut,value<cut	6	6	1	0.17143	0.33333	1	1	2.0932	0.9754			0.3	0.3	1	Inf	1	-Inf:Inf	
X00000037843,HCN2	1,2	Prot	value<cut,cut<value<cut	6	6	1	0.16984	0.31637	1	1	2.46407	-3.0387	-2.1321		0.3	0.3	1	Inf	1	-Inf:Inf	
X00000037843,LOC709056	2,1	NonProt	cut<value<cut,value<cut	7	6	0.85714	0.2	0.35376	1	1	2.4711	2.87923	-0.39487		0.36842	0.31579	1	6.31578947368421	1	0.836:47.694	
X00000053274,LOC715623	1,1	NonProt	value<cut,value<cut	6	6	1	0.16984	0.35376	1	1	-0.3475	-1.80267			0.31579	0.31579	1	Inf	1	-Inf:Inf	
THRB,X00000058427	1,2	Prot	value<cut,cut<value<cut	7	6	0.85714	0.2	0.33333	1	1	-4.8763	1.2056	1.8339		0.35	0.3	1	5.7	1	0.755:43.043	
X00000053274,STARD8	3,1	Prot	value>cut,value<cut	7	6	0.85714	0.2	0.33333	1	1	1.5977	0.6779			0.35	0.3	1	5.7	1	0.755:43.043	
THRB,HCN2	1,2	Prot	value<cut,cut<value<cut	6	6	1	0.17143	0.33333	1	1	-4.8763	-3.1067	-2.0401		0.3	0.3	1	Inf	1	-Inf:Inf	
LOC709056,C5H4orf45	2,1	Prot	cut<value<cut,value<cut	6	6	1	0.17937	0.34728	1	1	-0.39487	0.78023	0.13517		0.3	0.3	1	Inf	1	-Inf:Inf	
THRB,HEY1	1,1	Prot	value<cut,value<cut	6	6	1	0.17857	0.34856	1	1	-4.87242	-1.9763			0.3	0.3	1	Inf	1	-Inf:Inf	
RBM46,CTH	3,2	Prot	value>cut,cut<value<cut	7	6	0.85714	0.2	0.33333	1	1	-0.9358	-1.5624	-0.6032		0.35	0.3	1	5.7	1	0.755:43.043	
LAMC1,X00000059995	2,3	Prot	cut<value<cut,value>cut	7	6	0.85714	0.2	0.33333	1	1	0.9754	1.853	0.6267		0.35	0.3	1	5.7	1	0.755:43.043	
KRTAP29.1,C5H4orf45	3,1	Prot	value>cut,value<cut	6	6	1	0.17143	0.32456	1	1	0.31275	0.1759			0.3	0.3	1	Inf	1	-Inf:Inf	
VSTM1,KRTAP29.1	1,3	Prot	value<cut,value>cut	6	6	1	0.17024	0.3299	1	1	4.31225	0.375			0.3	0.3	1	Inf	1	-Inf:Inf	
X00000064715,X00000059995	3,3	Prot	value>cut,value>cut	6	6	1	0.16905	0.31667	1	1	1.9788	0.6383			0.3	0.3	1	Inf	1	-Inf:Inf	
VSTM1,MYH15	1,1	Prot	value<cut,value<cut	6	6	1	0.17143	0.33385	1	1	4.3465	-2.27085			0.3	0.3	1	Inf	1	-Inf:Inf	
FABP5,TNNT2	1,1	Prot	value<cut,value<cut	7	6	0.92857	0.2	0.36111	1	1	1.98845	-2.3553			0.35	0.3	1	5.7	1	0.755:43.043	
FABP5,X00000053012	1,3	Prot	value<cut,value>cut	6	6	1	0.18003	0.35279	1	1	1.99315	2.86568			0.3	0.3	1	Inf	1	-Inf:Inf	
LOC719667,CTH	3,3	NonProt	value>cut,value>cut	7	6	0.8869	0.20847	0.39018	1	1	4.97058	-0.82883			0.36842	0.31579	1	6.31578947368421	1	0.836:47.694	
TMEM38A,LOC702786	3,2	NonProt	value>cut,cut<value<cut	7	6	0.85714	0.2	0.35294	1	1	3.2235	-4.9522	-0.37435		0.36842	0.31579	1	6.31578947368421	1	0.836:47.694	
FABP5,X00000060146	3,3	NonProt	value>cut,value>cut	6	6	0.92857	0.18571	0.36397	1	1	2.5097	-2.86625			0.31579	0.31579	1	Inf	1	-Inf:Inf	
LOC719667,KRTAP29.1	3,2	NonProt	value>cut,cut<value<cut	6	6	1	0.17143	0.35376	1	1	4.987	-4.9425	0.85983		0.31579	0.31579	1	Inf	1	-Inf:Inf	
X00000064313,KRTAP29.1	1,2	NonProt	value<cut,cut<value<cut	6	6	1	0.17143	0.36397	1	1	-2.6169	-5.01225	-1.204		0.31579	0.31579	1	Inf	1	-Inf:Inf	
X00000053012,TRIM16	1,1	NonProt	value<cut,value<cut	6	6	1	0.17143	0.35294	1	1	2.6072	-1.628			0.31579	0.31579	1	Inf	1	-Inf:Inf	
DLK1,LOC702786	3,2	NonProt	value>cut,cut<value<cut	6	6	0.92857	0.18571	0.36397	1	1	-0.1299	-4.917	-0.37435		0.31579	0.31579	1	Inf	1	-Inf:Inf	
LILRB1,LOC702786	3,2	NonProt	value>cut,cut<value<cut	6	6	1	0.17064	0.3607	1	1	7.73783	-4.94847	-0.54677		0.31579	0.31579	1	Inf	1	-Inf:Inf	
LOC702786,CTH	2,3	NonProt	cut<value<cut,value>cut	7	6	0.94133	0.19184	0.36718	1	1	-4.9591	-1.15204	-0.74399		0.36842	0.31579	1	6.31578947368421	1	0.836:47.694	
LOC702786,C5H4orf45	2,3	NonProt	cut<value<cut,value>cut	6	6	1	0.17143	0.35294	1	1	-4.9522	-0.9418	1.5752		0.31579	0.31579	1	Inf	1	-Inf:Inf	
TNNT2,TMX2	1,2	Prot	value<cut,cut<value<cut	7	6	0.85714	0.2	0.33333	1	1	-2.361	2.857	3.24		0.35	0.3	1	5.7	1	0.755:43.043	
F2RL3,LTC4S	1,1	Prot	value<cut,value<cut	7	6	0.85714	0.2	0.33333	1	1	-3.3308	-0.2908			0.35	0.3	1	5.7	1	0.755:43.043	
X00000053012,LTC4S	3,1	Prot	value>cut,value<cut	6	6	1	0.17143	0.33875	1	1	2.87615	-0.40035			0.3	0.3	1	Inf	1	-Inf:Inf	
TNNT2,LOC701920	1,2	Prot	value<cut,cut<value<cut	6	6	1	0.17143	0.34314	1	1	-2.361	5.2565	5.4955		0.3	0.3	1	Inf	1	-Inf:Inf	
LOC719667,USP31	2,1	Prot	cut<value<cut,value<cut	6	6	1	0.17143	0.33987	1	1	3.95933	4.972	0.1246		0.3	0.3	1	Inf	1	-Inf:Inf	
F2RL3,C5H4orf45	1,1	Prot	value<cut,value<cut	6	6	1	0.17143	0.32456	1	1	-3.4174	0.25165			0.3	0.3	1	Inf	1	-Inf:Inf	
VSTM1,F2RL3	1,1	Prot	value<cut,value<cut	6	6	1	0.17959	0.35218	1	1	4.38957	-3.75299			0.3	0.3	1	Inf	1	-Inf:Inf	
TNNT2,C5H4orf45	1,1	Prot	value<cut,value<cut	6	6	1	0.17143	0.33333	1	1	-2.361	0.1759			0.3	0.3	1	Inf	1	-Inf:Inf	
F2RL3,DLK1	1,2	Prot	value<cut,cut<value<cut	6	6	0.92857	0.18571	0.34314	1	1	-3.3308	-1.88425	-0.0066		0.3	0.3	1	Inf	1	-Inf:Inf	
USP31,ZNF576	1,3	Prot	value<cut,value>cut	6	6	0.92857	0.18294	0.31667	1	1	0.06835	3.94175			0.3	0.3	1	Inf	1	-Inf:Inf	
VSTM1,ZNF576	1,3	Prot	value<cut,value>cut	6	6	1	0.17143	0.33402	1	1	4.3465	3.945			0.3	0.3	1	Inf	1	-Inf:Inf	
X00000037843,SMIM2	1,1	Prot	value<cut,value<cut	6	6	1	0.17143	0.33729	1	1	2.4736	-0.2696			0.3	0.3	1	Inf	1	-Inf:Inf	
LOC719667,TNNT2	2,1	Prot	cut<value<cut,value<cut	6	6	1	0.17143	0.33333	1	1	3.995	4.964	-2.361		0.3	0.3	1	Inf	1	-Inf:Inf	
RBM46,LOC709056	3,2	Prot	value>cut,cut<value<cut	6	6	1	0.17143	0.34314	1	1	-1.00085	-0.3788	0.8126		0.3	0.3	1	Inf	1	-Inf:Inf	
ESR1,USP31	3,1	Prot	value>cut,value<cut	6	6	1	0.17024	0.32552	1	1	1.05385	0.13258			0.3	0.3	1	Inf	1	-Inf:Inf	
TMX2,X00000053012	3,2	Prot	value>cut,cut<value<cut	6	6	1	0.18191	0.34521	1	1	3.2406	2.59224	2.87166		0.3	0.3	1	Inf	1	-Inf:Inf	
USP31,LAMC1	1,2	Prot	value<cut,cut<value<cut	6	6	1	0.17143	0.32164	1	1	0.0609	0.94073	1.83707		0.3	0.3	1	Inf	1	-Inf:Inf	
FABP5,USP31	1,1	Prot	value<cut,value<cut	6	6	1	0.17143	0.34314	1	1	1.98845	0.21915			0.3	0.3	1	Inf	1	-Inf:Inf	
TMEM38A,KRTAP29.1	3,2	NonProt	value>cut,cut<value<cut	7	6	0.90476	0.19048	0.34641	1	1	3.224	-5.00567	-1.2375		0.36842	0.31579	1	6.31578947368421	1	0.836:47.694	
DLK1,KRTAP29.1	3,2	NonProt	value>cut,cut<value<cut	6	6	0.92857	0.18571	0.36397	1	1	-0.1299	-4.97275	0.31275		0.31579	0.31579	1	Inf	1	-Inf:Inf	
F2RL3,DLK1	3,3	NonProt	value>cut,value>cut	6	6	1	0.17048	0.34951	1	1	-1.75826	-0.0399			0.31579	0.31579	1	Inf	1	-Inf:Inf	
LOC701920,X00000064313	1,1	NonProt	value<cut,value<cut	7	7	1	0.19429	0.396	1	1	5.2619	-2.65678			0.36842	0.36842	1	Inf	1	-Inf:Inf	
LILRB1,KRTAP29.1	3,2	NonProt	value>cut,cut<value<cut	6	6	1	0.17024	0.35907	1	1	7.74688	-4.999	-1.198		0.31579	0.31579	1	Inf	1	-Inf:Inf	
X00000059995,MAOA	3,2	Prot	value>cut,cut<value<cut	7	6	0.85714	0.2	0.33333	1	1	0.6267	0.2151	0.6635		0.35	0.3	1	5.7	1	0.755:43.043	
DLK1,LTC4S	1,1	Prot	value<cut,value<cut	6	6	1	0.17143	0.34314	1	1	-1.9201	-0.3273			0.3	0.3	1	Inf	1	-Inf:Inf	
STARD8,SMIM2	3,3	NonProt	value>cut,value>cut	6	6	1	0.17143	0.36397	1	1	1.48085	0.96565			0.31579	0.31579	1	Inf	1	-Inf:Inf	
STARD8,LOC114669850	3,1	NonProt	value>cut,value<cut	6	6	1	0.18571	0.38269	1	1	1.4746	-0.16588			0.31579	0.31579	1	Inf	1	-Inf:Inf	
STARD8,HCN2	3,3	NonProt	value>cut,value>cut	6	6	1	0.17143	0.34951	1	1	1.4761	-2.1214			0.31579	0.31579	1	Inf	1	-Inf:Inf	
FABP5,TRIM16	1,2	Prot	value<cut,cut<value<cut	7	6	0.85714	0.2	0.33333	1	1	1.991	-1.628	-0.9268		0.35	0.3	1	5.7	1	0.755:43.043	
TMX2,A1BG	3,3	Prot	value>cut,value>cut	7	7	0.89286	0.21032	0.36739	1	1	3.2416	-1.44232			0.35	0.35	1	Inf	1	-Inf:Inf	
X00000053274,TNNT2	3,1	Prot	value>cut,value<cut	6	6	0.92857	0.18571	0.33333	1	1	1.5977	-2.3553			0.3	0.3	1	Inf	1	-Inf:Inf	
TMX2,F2RL3	3,1	Prot	value>cut,value<cut	6	6	1	0.17064	0.3252	1	1	3.241	-3.94278			0.3	0.3	1	Inf	1	-Inf:Inf	
TMEM38A,DLK1	1,1	Prot	value<cut,value<cut	7	6	0.90476	0.18889	0.32876	1	1	2.7665	-1.9323			0.35	0.3	1	5.7	1	0.755:43.043	
FABP5,MYH15	1,1	Prot	value<cut,value<cut	6	6	1	0.18095	0.36601	1	1	1.99187	-2.31273			0.3	0.3	1	Inf	1	-Inf:Inf	
KRTAP29.1,SDK2	2,1	NonProt	cut<value<cut,value<cut	8	6	0.86607	0.21429	0.38235	1	1	-4.997	0.31275	-0.8912		0.42105	0.31579	1	3.15789473684211	1	0.725:13.762	
X00000064715,X00000058427	1,3	NonProt	value<cut,value>cut	7	6	0.85714	0.2	0.36397	1	1	-0.026	1.83405			0.36842	0.31579	1	6.31578947368421	1	0.836:47.694	
LOC702786,SMIM2	2,3	NonProt	cut<value<cut,value>cut	6	6	0.92857	0.18571	0.35907	1	1	-4.92785	-0.63298	1.03332		0.31579	0.31579	1	Inf	1	-Inf:Inf	
KRTAP29.1,SMIM2	2,3	NonProt	cut<value<cut,value>cut	6	6	0.92857	0.18571	0.34314	1	1	-4.9395	0.31275	1.0064		0.31579	0.31579	1	Inf	1	-Inf:Inf	
LOC719667,SMIM2	3,3	NonProt	value>cut,value>cut	6	6	1	0.18433	0.3894	1	1	4.97912	1.0064			0.31579	0.31579	1	Inf	1	-Inf:Inf	
SMIM2,HCN2	3,3	NonProt	value>cut,value>cut	6	6	1	0.17143	0.35294	1	1	0.9118	-2.0401			0.31579	0.31579	1	Inf	1	-Inf:Inf	
LOC709056,SMIM2	1,3	NonProt	value<cut,value>cut	6	6	1	0.17143	0.35376	1	1	-0.36277	0.9849			0.31579	0.31579	1	Inf	1	-Inf:Inf	
X00000037843,HCN2	3,3	NonProt	value>cut,value>cut	7	6	0.85714	0.2	0.35294	1	1	2.8764	-2.0401			0.36842	0.31579	1	6.31578947368421	1	0.836:47.694	
VSTM1,LOC114669850	2,1	NonProt	cut<value<cut,value<cut	8	7	0.86905	0.21905	0.39311	1	1	4.3465	5.21217	-0.1699		0.42105	0.36842	1	7.36842105263158	1	0.998:54.391	
TMX2,THRB	1,3	NonProt	value<cut,value>cut	6	6	1	0.17143	0.36029	1	1	2.87067	-3.0807			0.31579	0.31579	1	Inf	1	-Inf:Inf	
TMX2,USP31	1,3	NonProt	value<cut,value>cut	6	6	1	0.17143	0.35294	1	1	2.857	0.6409			0.31579	0.31579	1	Inf	1	-Inf:Inf	
VSTM1,LOC709056	1,3	Prot	value<cut,value>cut	7	6	0.85714	0.2	0.33333	1	1	4.3465	0.8126			0.35	0.3	1	5.7	1	0.755:43.043	
X00000064313,MYH15	1,1	Prot	value<cut,value<cut	7	6	0.85714	0.2	0.33333	1	1	-2.494	-2.2252			0.35	0.3	1	5.7	1	0.755:43.043	
ESR1,HCN2	2,2	Prot	cut<value<cut,cut<value<cut	7	6	0.85714	0.2	0.33333	1	1	0.5914	1.041	-3.1067	-2.0401	0.35	0.3	1	5.7	1	0.755:43.043	
X00000053012,HCN2	1,3	NonProt	value<cut,value>cut	7	6	0.85714	0.2	0.35294	1	1	2.6072	-2.0401			0.36842	0.31579	1	6.31578947368421	1	0.836:47.694	
X00000053012,SMIM2	1,3	NonProt	value<cut,value>cut	6	6	1	0.16905	0.36397	1	1	2.6072	0.9118			0.31579	0.31579	1	Inf	1	-Inf:Inf	
STARD8,DLK1	3,3	NonProt	value>cut,value>cut	6	6	1	0.17143	0.35084	1	1	1.46817	0.03476			0.31579	0.31579	1	Inf	1	-Inf:Inf	
VSTM1,HCN2	1,1	Prot	value<cut,value<cut	6	6	1	0.17857	0.35346	1	1	4.32938	-2.94885			0.3	0.3	1	Inf	1	-Inf:Inf	
FABP5,CFAP70	1,2	Prot	value<cut,cut<value<cut	6	6	1	0.16984	0.31637	1	1	1.99187	0.1011	2.23473		0.3	0.3	1	Inf	1	-Inf:Inf	
MYH15,ZNF576	1,3	Prot	value<cut,value>cut	6	6	1	0.17143	0.34314	1	1	-2.29085	3.945			0.3	0.3	1	Inf	1	-Inf:Inf	
FABP5,C5H4orf45	1,1	Prot	value<cut,value<cut	6	6	1	0.17143	0.33402	1	1	1.9876	0.21843			0.3	0.3	1	Inf	1	-Inf:Inf	
LOC709056,LTC4S	3,1	Prot	value>cut,value<cut	6	6	1	0.17143	0.33333	1	1	0.8126	-0.2908			0.3	0.3	1	Inf	1	-Inf:Inf	
X00000053012,ESR1	2,2	Prot	cut<value<cut,cut<value<cut	7	6	0.85714	0.2	0.33333	1	1	2.6072	2.8896	0.5914	1.041	0.35	0.3	1	5.7	1	0.755:43.043	
LOC702786,C5H4orf45	3,1	Prot	value>cut,value<cut	6	6	1	0.17143	0.33385	1	1	-0.09062	0.21378			0.3	0.3	1	Inf	1	-Inf:Inf	
VSTM1,LOC702786	1,3	Prot	value<cut,value>cut	6	6	0.97143	0.17619	0.32708	1	1	4.3446	-0.26086			0.3	0.3	1	Inf	1	-Inf:Inf	
VSTM1,X00000056965	3,1	NonProt	value>cut,value<cut	6	6	0.92857	0.18571	0.34314	1	1	5.1675	-3.3614			0.31579	0.31579	1	Inf	1	-Inf:Inf	
FABP5,USP31	3,2	NonProt	value>cut,cut<value<cut	6	6	1	0.1754	0.36302	1	1	2.46235	0.13557	0.70242		0.31579	0.31579	1	Inf	1	-Inf:Inf	
ZNF576,X00000056965	1,1	NonProt	value<cut,value<cut	6	6	1	0.16905	0.36397	1	1	3.741	-3.4086			0.31579	0.31579	1	Inf	1	-Inf:Inf	
TMX2,X00000058427	1,3	NonProt	value<cut,value>cut	6	6	1	0.17143	0.36397	1	1	2.8775	1.81625			0.31579	0.31579	1	Inf	1	-Inf:Inf	
TNNT2,X00000064369	1,3	Prot	value<cut,value>cut	6	6	1	0.17143	0.34314	1	1	-2.3553	3.3376			0.3	0.3	1	Inf	1	-Inf:Inf	
X00000064715,X00000064369	3,3	Prot	value>cut,value>cut	7	6	0.96875	0.19127	0.347	1	1	2.00528	3.28717			0.35	0.3	1	5.7	1	0.755:43.043	
X00000053274,USP31	3,1	Prot	value>cut,value<cut	6	6	1	0.17143	0.33987	1	1	1.5977	0.18393			0.3	0.3	1	Inf	1	-Inf:Inf	
USP31,X00000056965	1,2	Prot	value<cut,cut<value<cut	6	6	1	0.17714	0.34819	1	1	0.1021	-3.4341	-2.02892		0.3	0.3	1	Inf	1	-Inf:Inf	
X00000037843,X00000060253	1,3	Prot	value<cut,value>cut	7	6	0.90179	0.20714	0.37663	1	1	2.47585	2.05002			0.35	0.3	1	5.7	1	0.755:43.043	
TARM1,KRTAP29.1	3,2	NonProt	value>cut,cut<value<cut	7	6	0.85714	0.19815	0.36765	1	1	1.98717	-4.991	-0.15133		0.36842	0.31579	1	6.31578947368421	1	0.836:47.694	
FABP5,SDK2	3,2	NonProt	value>cut,cut<value<cut	6	6	1	0.17143	0.34865	1	1	2.46235	-0.99625	0.6044		0.31579	0.31579	1	Inf	1	-Inf:Inf	
LOC715623,ZNF576	1,1	NonProt	value<cut,value<cut	7	6	0.85714	0.19815	0.36765	1	1	-1.77283	3.741			0.36842	0.31579	1	6.31578947368421	1	0.836:47.694	
TARM1,LOC702786	3,2	NonProt	value>cut,cut<value<cut	7	6	0.90476	0.19048	0.36029	1	1	2.01607	-4.92873	-0.1852		0.36842	0.31579	1	6.31578947368421	1	0.836:47.694	
LOC715623,LAMC1	1,3	NonProt	value<cut,value>cut	7	6	0.86225	0.20726	0.37366	1	1	-1.74316	1.76459			0.36842	0.31579	1	6.31578947368421	1	0.836:47.694	
LOC709056,X00000056965	1,1	NonProt	value<cut,value<cut	6	6	0.97143	0.17619	0.35784	1	1	-0.40306	-3.4341			0.31579	0.31579	1	Inf	1	-Inf:Inf	
LOC715623,X00000064369	1,1	NonProt	value<cut,value<cut	6	6	1	0.16984	0.35376	1	1	-1.80267	2.6045			0.31579	0.31579	1	Inf	1	-Inf:Inf	
X00000037843,THRB	3,3	NonProt	value>cut,value>cut	7	6	0.85714	0.2	0.35907	1	1	2.96835	-3.1655			0.36842	0.31579	1	6.31578947368421	1	0.836:47.694	
LOC719667,ZNF576	3,1	NonProt	value>cut,value<cut	7	6	0.88571	0.19317	0.36225	1	1	4.9671	3.745			0.36842	0.31579	1	6.31578947368421	1	0.836:47.694	
F2RL3,USP31	3,3	NonProt	value>cut,value>cut	7	6	0.91071	0.2	0.37337	1	1	-1.7442	0.68083			0.36842	0.31579	1	6.31578947368421	1	0.836:47.694	
TMX2,SDK2	1,2	NonProt	value<cut,cut<value<cut	6	6	1	0.17143	0.35294	1	1	2.857	-0.8912	0.7789		0.31579	0.31579	1	Inf	1	-Inf:Inf	
X00000060146,HEY1	1,1	Prot	value<cut,value<cut	7	6	0.90476	0.19048	0.33987	1	1	-4.8295	-2.0012			0.35	0.3	1	5.7	1	0.755:43.043	
LOC709056,HEY1	2,1	Prot	cut<value<cut,value<cut	7	6	0.85714	0.2	0.33333	1	1	-0.4036	0.8126	-2.02		0.35	0.3	1	5.7	1	0.755:43.043	
X00000037843,TNNT2	1,1	Prot	value<cut,value<cut	6	6	1	0.17083	0.33213	1	1	2.47224	-2.41846			0.3	0.3	1	Inf	1	-Inf:Inf	
FABP5,DLK1	1,1	Prot	value<cut,value<cut	6	6	1	0.16984	0.32876	1	1	1.99613	-1.9323			0.3	0.3	1	Inf	1	-Inf:Inf	
X00000058729	3	Prot	value>cut	11	10	0.90909	0.31429	0.52632	1	1	-2.5992				0.55	0.5	1	9.5	1	1.342:67.267	
SDK2	3	Prot	value>cut	11	10	0.90909	0.31429	0.52632	1	1	0.4804				0.55	0.5	1	9.5	1	1.342:67.267	
X00000053274,SDK2	2,3	Prot	cut<value<cut,value>cut	6	6	1	0.17143	0.31579	1	1	-0.2752	1.7252	0.4804		0.3	0.3	1	Inf	1	-Inf:Inf	
X00000064715,X00000058427	3,2	Prot	value>cut,cut<value<cut	6	6	0.92857	0.18571	0.33437	1	1	1.9057	1.24995	1.8448		0.3	0.3	1	Inf	1	-Inf:Inf	
LOC701920,SDK2	3,3	Prot	value>cut,value>cut	6	6	1	0.17143	0.31579	1	1	5.486	0.4804			0.3	0.3	1	Inf	1	-Inf:Inf	
X00000059200,KIR3DL0	3,2	Prot	value>cut,cut<value<cut	6	6	0.95238	0.17937	0.31053	1	1	2.79883	2.82883	3.634		0.3	0.3	1	Inf	1	-Inf:Inf	
STARD8,X00000064369	2,3	Prot	cut<value<cut,value>cut	6	6	1	0.17143	0.31579	1	1	0.6394	1.48085	3.3515		0.3	0.3	1	Inf	1	-Inf:Inf	
LOC702786,LTC4S	2,3	NonProt	cut<value<cut,value>cut	9	8	0.85347	0.24841	0.44833	1	1	-4.92785	-0.09063	0.59275		0.47368	0.42105	1	8.42105263157895	1	1.161:61.099	
X00000053274,X00000059200	1,1	NonProt	value<cut,value<cut	6	6	0.95238	0.17937	0.36111	1	1	-0.41087	-0.4353			0.31579	0.31579	1	Inf	1	-Inf:Inf	
DLK1,ZNF576	2,2	Prot	cut<value<cut,cut<value<cut	7	7	1	0.19889	0.3895	1	1	-1.85644	-0.0195	3.7466	3.9411	0.35	0.35	1	Inf	1	-Inf:Inf	
THRB,X00000056965	2,2	Prot	cut<value<cut,cut<value<cut	7	6	0.85714	0.2	0.31579	1	1	-4.8418	-3.1655	-3.4706	-1.9257	0.35	0.3	1	5.7	1	0.755:43.043	
ESR1,C5H4orf45	3,1	Prot	value>cut,value<cut	6	6	1	0.17143	0.33437	1	1	1.04425	0.1759			0.3	0.3	1	Inf	1	-Inf:Inf	
LOC701920,MYH15	2,1	Prot	cut<value<cut,value<cut	6	6	1	0.18571	0.3421	1	1	5.2505	5.5265	-2.3565		0.3	0.3	1	Inf	1	-Inf:Inf	
C5H4orf45,TRIM16	1,3	Prot	value<cut,value>cut	6	6	0.92857	0.18571	0.31579	1	1	0.25165	-0.9464			0.3	0.3	1	Inf	1	-Inf:Inf	
TRIM16,LOC114669850	2,1	NonProt	cut<value<cut,value<cut	7	6	0.85714	0.2	0.375	1	1	-1.6451	-0.9464	-0.0248		0.36842	0.31579	1	6.31578947368421	1	0.836:47.694	
VSTM1,ZNF576	2,1	NonProt	cut<value<cut,value<cut	7	6	0.85714	0.2	0.375	1	1	4.474	5.2235	3.741		0.36842	0.31579	1	6.31578947368421	1	0.836:47.694	
X00000064369,ZNF576	1,1	NonProt	value<cut,value<cut	6	6	1	0.16984	0.375	1	1	2.5624	3.741			0.31579	0.31579	1	Inf	1	-Inf:Inf	
FABP5,X00000058729	3,2	NonProt	value>cut,cut<value<cut	6	6	1	0.17143	0.35417	1	1	2.415	-4.72285	-2.5258		0.31579	0.31579	1	Inf	1	-Inf:Inf	
LOC719667,STARD8	2,2	Prot	cut<value<cut,cut<value<cut	7	6	0.85714	0.2	0.31579	1	1	4.2055	4.964	0.6394	1.4671	0.35	0.3	1	5.7	1	0.755:43.043	
TARM1,X00000059995	1,2	Prot	value<cut,cut<value<cut	7	6	0.85714	0.2	0.31579	1	1	1.369	-0.3992	0.6708		0.35	0.3	1	5.7	1	0.755:43.043	
LOC719667,F2RL3	2,2	Prot	cut<value<cut,cut<value<cut	7	6	0.85714	0.2	0.31579	1	1	4.2055	4.964	-4.2261	-1.9341	0.35	0.3	1	5.7	1	0.755:43.043	
F2RL3,TARM1	2,1	Prot	cut<value<cut,value<cut	6	6	1	0.17143	0.31579	1	1	-4.2261	-1.9341	1.369		0.3	0.3	1	Inf	1	-Inf:Inf	
SMIM2,X00000060253	1,3	Prot	value<cut,value>cut	6	6	1	0.17143	0.31579	1	1	-0.2444	2.0577			0.3	0.3	1	Inf	1	-Inf:Inf	
X00000053274,X00000058729	2,3	Prot	cut<value<cut,value>cut	6	6	1	0.17143	0.31579	1	1	-0.2752	1.7252	-2.5992		0.3	0.3	1	Inf	1	-Inf:Inf	
LOC702786,X00000058729	3,3	Prot	value>cut,value>cut	6	6	1	0.17143	0.31579	1	1	0.1931	-2.5992			0.3	0.3	1	Inf	1	-Inf:Inf	
KRTAP29.1,X00000058729	3,3	Prot	value>cut,value>cut	6	6	1	0.17143	0.31579	1	1	1.954	-2.5992			0.3	0.3	1	Inf	1	-Inf:Inf	
SMIM2,X00000058729	1,3	Prot	value<cut,value>cut	6	6	1	0.17143	0.31579	1	1	-0.2444	-2.5992			0.3	0.3	1	Inf	1	-Inf:Inf	
X00000058729,X00000058427	3,1	Prot	value>cut,value<cut	6	6	1	0.17143	0.31579	1	1	-2.436	1.2264			0.3	0.3	1	Inf	1	-Inf:Inf	
TARM1,X00000053012	1,3	Prot	value<cut,value>cut	6	6	1	0.17143	0.31579	1	1	1.369	2.8597			0.3	0.3	1	Inf	1	-Inf:Inf	
LOC709056,MAOA	2,1	Prot	cut<value<cut,value<cut	6	6	1	0.17143	0.33402	1	1	-0.427	0.6827	0.25553		0.3	0.3	1	Inf	1	-Inf:Inf	
LOC702786,X00000058427	1,2	Prot	value<cut,cut<value<cut	6	6	1	0.17143	0.31579	1	1	-4.8818	1.211	1.8342		0.3	0.3	1	Inf	1	-Inf:Inf	
TARM1,SDK2	1,3	Prot	value<cut,value>cut	6	6	1	0.17143	0.31579	1	1	1.369	0.4804			0.3	0.3	1	Inf	1	-Inf:Inf	
X00000053274,STARD8	2,2	Prot	cut<value<cut,cut<value<cut	6	6	1	0.17143	0.31579	1	1	-0.2752	1.7252	0.6394	1.4671	0.3	0.3	1	Inf	1	-Inf:Inf	
LOC719667,X00000059995	2,2	Prot	cut<value<cut,cut<value<cut	6	6	1	0.17143	0.31579	1	1	4.2055	4.964	-0.3992	0.6708	0.3	0.3	1	Inf	1	-Inf:Inf	
X00000064715,X00000056965	3,2	Prot	value>cut,cut<value<cut	6	6	1	0.17143	0.31579	1	1	1.9788	-3.4706	-1.9257		0.3	0.3	1	Inf	1	-Inf:Inf	
TNNT2,ZNF576	2,2	Prot	cut<value<cut,cut<value<cut	6	6	1	0.17143	0.31579	1	1	-2.4981	-0.5648	3.741	3.9385	0.3	0.3	1	Inf	1	-Inf:Inf	
TMX2,X00000058729	2,3	Prot	cut<value<cut,value>cut	6	6	1	0.17143	0.31579	1	1	2.857	3.24	-2.5992		0.3	0.3	1	Inf	1	-Inf:Inf	
MYH15,SDK2	3,1	NonProt	value>cut,value<cut	7	6	0.85714	0.2	0.375	1	1	-1.5334	-1.1013			0.36842	0.31579	1	6.31578947368421	1	0.836:47.694	
X00000037843,TMX2	3,1	NonProt	value>cut,value<cut	6	6	1	0.17143	0.375	1	1	2.999	2.857			0.31579	0.31579	1	Inf	1	-Inf:Inf	
RBM46,X00000053012	1,1	NonProt	value<cut,value<cut	7	6	0.85714	0.2	0.375	1	1	-2.4387	2.5668			0.36842	0.31579	1	6.31578947368421	1	0.836:47.694	
X00000053012,ESR1	1,1	NonProt	value<cut,value<cut	7	6	0.85714	0.2	0.375	1	1	2.5668	0.6029			0.36842	0.31579	1	6.31578947368421	1	0.836:47.694	
TNNT2,X00000058729	3,2	NonProt	value>cut,cut<value<cut	6	6	1	0.17143	0.375	1	1	-0.5648	-4.7414	-2.5992		0.31579	0.31579	1	Inf	1	-Inf:Inf	
VSTM1,X00000058729	1,3	Prot	value<cut,value>cut	6	6	1	0.17143	0.31579	1	1	4.474	-2.5992			0.3	0.3	1	Inf	1	-Inf:Inf	
ZNF576,MAOA	2,3	Prot	cut<value<cut,value>cut	7	6	0.85714	0.2	0.31579	1	1	3.741	3.9385	0.6932		0.35	0.3	1	5.7	1	0.755:43.043	
HCN2,X00000056965	1,2	Prot	value<cut,cut<value<cut	7	6	0.96429	0.19147	0.34189	1	1	-2.93285	-3.47958	-2.07038		0.35	0.3	1	5.7	1	0.755:43.043	
LOC715623,LAMC1	3,2	Prot	value>cut,cut<value<cut	7	6	0.85714	0.2	0.31579	1	1	-0.5711	0.9234	1.8291		0.35	0.3	1	5.7	1	0.755:43.043	
LOC701920,X00000058729	3,3	Prot	value>cut,value>cut	6	6	1	0.17143	0.31579	1	1	5.486	-2.5992			0.3	0.3	1	Inf	1	-Inf:Inf	
F2RL3,LOC702786	3,2	NonProt	value>cut,cut<value<cut	6	6	0.92857	0.18571	0.36397	1	1	-1.93505	-4.917	0.1931		0.31579	0.31579	1	Inf	1	-Inf:Inf	
LOC702786,X00000058729	2,2	NonProt	cut<value<cut,cut<value<cut	6	6	1	0.17143	0.375	1	1	-4.8818	0.1931	-4.7414	-2.5992	0.31579	0.31579	1	Inf	1	-Inf:Inf	
SDK2,MAOA	2,2	NonProt	cut<value<cut,cut<value<cut	6	6	1	0.18571	0.38194	1	1	-1.1013	0.5333	0.2491	0.6932	0.31579	0.31579	1	Inf	1	-Inf:Inf	
X00000059200,CFAP70	1,3	NonProt	value<cut,value>cut	7	6	0.85714	0.2	0.36397	1	1	-0.4174	2.35365			0.36842	0.31579	1	6.31578947368421	1	0.836:47.694	
X00000053274,SDK2	1,2	NonProt	value<cut,cut<value<cut	7	6	0.85714	0.2	0.375	1	1	-0.2752	-1.1013	0.4804		0.36842	0.31579	1	6.31578947368421	1	0.836:47.694	
A1BG,THRB	1,3	NonProt	value<cut,value>cut	7	6	0.85714	0.2	0.375	1	1	-1.9115	-3.1655			0.36842	0.31579	1	6.31578947368421	1	0.836:47.694	
ESR1,ZNF576	1,1	NonProt	value<cut,value<cut	7	6	0.85714	0.2	0.375	1	1	0.57305	3.741			0.36842	0.31579	1	6.31578947368421	1	0.836:47.694	
STARD8,X00000058427	3,3	NonProt	value>cut,value>cut	6	6	1	0.17143	0.35	1	1	1.4761	1.82838			0.31579	0.31579	1	Inf	1	-Inf:Inf	
LOC114669850,X00000058427	1,3	NonProt	value<cut,value>cut	7	6	0.89286	0.19286	0.35417	1	1	-0.29807	1.827			0.36842	0.31579	1	6.31578947368421	1	0.836:47.694	
X00000058729,X00000059995	2,1	NonProt	cut<value<cut,value<cut	6	6	1	0.17143	0.375	1	1	-4.7414	-2.5992	-0.3992		0.31579	0.31579	1	Inf	1	-Inf:Inf	
DLK1,LTC4S	2,1	Prot	cut<value<cut,value<cut	7	6	0.90476	0.19048	0.34056	1	1	-1.814	0.0425	-0.4734		0.35	0.3	1	5.7	1	0.755:43.043	
LOC701920,F2RL3	3,1	Prot	value>cut,value<cut	7	6	0.85714	0.2	0.34056	1	1	5.46933	-3.6888			0.35	0.3	1	5.7	1	0.755:43.043	
X00000037843,LOC701920	1,3	Prot	value<cut,value>cut	7	6	0.85714	0.2	0.33402	1	1	2.4749	5.54			0.35	0.3	1	5.7	1	0.755:43.043	
X00000064715,LOC709056	3,2	Prot	value>cut,cut<value<cut	6	6	1	0.17143	0.31579	1	1	1.9788	-0.427	0.6827		0.3	0.3	1	Inf	1	-Inf:Inf	
X00000037843,X00000053012	1,3	Prot	value<cut,value>cut	7	6	0.89286	0.19861	0.34022	1	1	2.47057	2.86455			0.35	0.3	1	5.7	1	0.755:43.043	
VSTM1,LOC114669850	1,3	Prot	value<cut,value>cut	6	6	1	0.17143	0.32456	1	1	4.41025	1.5684			0.3	0.3	1	Inf	1	-Inf:Inf	
X00000053012,SDK2	3,3	Prot	value>cut,value>cut	6	6	1	0.17143	0.31579	1	1	2.8597	0.4804			0.3	0.3	1	Inf	1	-Inf:Inf	
LAMC1,CTH	3,3	NonProt	value>cut,value>cut	7	6	0.85714	0.2	0.375	1	1	1.8291	-0.8605			0.36842	0.31579	1	6.31578947368421	1	0.836:47.694	
KIR3DL0,TMX2	1,1	NonProt	value<cut,value<cut	6	6	0.92857	0.18571	0.375	1	1	2.768	2.8775			0.31579	0.31579	1	Inf	1	-Inf:Inf	
LOC715623,LOC702786	1,2	NonProt	value<cut,cut<value<cut	6	6	0.92857	0.18571	0.35417	1	1	-1.71275	-4.95235	-1.0762		0.31579	0.31579	1	Inf	1	-Inf:Inf	
KIR3DL0,X00000058729	2,3	Prot	cut<value<cut,value>cut	7	7	1	0.2	0.36842	1	1	2.778	3.634	-2.5992		0.35	0.35	1	Inf	1	-Inf:Inf	
X00000053012,HCN2	3,1	Prot	value>cut,value<cut	6	6	1	0.17857	0.34907	1	1	2.86718	-2.93745			0.3	0.3	1	Inf	1	-Inf:Inf	
LOC701920,ESR1	2,3	Prot	cut<value<cut,value>cut	7	6	0.85714	0.2	0.31579	1	1	5.2445	5.486	1.0667		0.35	0.3	1	5.7	1	0.755:43.043	
STARD8,X00000059995	2,2	Prot	cut<value<cut,cut<value<cut	7	6	0.85714	0.2	0.31579	1	1	0.6394	1.4671	-0.3992	0.6708	0.35	0.3	1	5.7	1	0.755:43.043	
TMX2,X00000060253	2,3	Prot	cut<value<cut,value>cut	6	6	1	0.17143	0.31579	1	1	2.857	3.24	2.0577		0.3	0.3	1	Inf	1	-Inf:Inf	
TMX2,ZNF576	3,2	Prot	value>cut,cut<value<cut	7	6	0.85714	0.2	0.31579	1	1	3.24	3.741	3.9385		0.35	0.3	1	5.7	1	0.755:43.043	
CBS,X00000053012	3,2	Prot	value>cut,cut<value<cut	6	6	0.92857	0.18571	0.33437	1	1	0.11085	2.54525	2.8627		0.3	0.3	1	Inf	1	-Inf:Inf	
LOC715623,SDK2	3,3	Prot	value>cut,value>cut	6	6	1	0.17143	0.31579	1	1	-0.5711	0.4804			0.3	0.3	1	Inf	1	-Inf:Inf	
KIR3DL0,THRB	1,3	NonProt	value<cut,value>cut	6	6	1	0.17143	0.35392	1	1	2.766	-3.07808			0.31579	0.31579	1	Inf	1	-Inf:Inf	
TARM1,LOC702786	1,1	Prot	value<cut,value<cut	7	6	0.85714	0.2	0.31579	1	1	1.369	-4.8818			0.35	0.3	1	5.7	1	0.755:43.043	
TNNT2,THRB	1,1	Prot	value<cut,value<cut	6	6	1	0.17738	0.33012	1	1	-2.46097	-4.86922			0.3	0.3	1	Inf	1	-Inf:Inf	
VSTM1,SMIM2	1,1	Prot	value<cut,value<cut	7	6	0.90476	0.2	0.3581	1	1	4.46983	-0.25617			0.35	0.3	1	5.7	1	0.755:43.043	
FABP5,F2RL3	2,1	Prot	cut<value<cut,value<cut	7	6	0.90476	0.2	0.33918	1	1	1.98293	2.44657	-3.9579		0.35	0.3	1	5.7	1	0.755:43.043	
C5H4orf45,X00000059995	1,2	Prot	value<cut,cut<value<cut	6	6	1	0.17143	0.32817	1	1	0.2264	-0.4009	0.68733		0.3	0.3	1	Inf	1	-Inf:Inf	
TNNT2,DLK1	1,1	Prot	value<cut,value<cut	6	6	1	0.17143	0.31579	1	1	-2.4981	-1.84765			0.3	0.3	1	Inf	1	-Inf:Inf	
LAMC1,X00000059995	3,1	NonProt	value>cut,value<cut	7	6	0.91071	0.2	0.38194	1	1	1.77817	-0.4009			0.36842	0.31579	1	6.31578947368421	1	0.836:47.694	
X00000053012,LAMC1	1,3	NonProt	value<cut,value>cut	7	6	0.85714	0.2	0.35417	1	1	2.55535	1.8291			0.36842	0.31579	1	6.31578947368421	1	0.836:47.694	
LOC709056,ESR1	1,1	NonProt	value<cut,value<cut	6	6	1	0.17143	0.35417	1	1	-0.3905	0.5665			0.31579	0.31579	1	Inf	1	-Inf:Inf	
LOC709056,LAMC1	1,3	NonProt	value<cut,value>cut	6	6	1	0.16984	0.36111	1	1	-0.427	1.80053			0.31579	0.31579	1	Inf	1	-Inf:Inf	
LOC709056,CBS	1,1	NonProt	value<cut,value<cut	7	6	0.85714	0.2	0.375	1	1	-0.427	-1.4791			0.36842	0.31579	1	6.31578947368421	1	0.836:47.694	
ZNF576,CTH	1,3	NonProt	value<cut,value>cut	7	6	0.89286	0.20444	0.38333	1	1	3.745	-0.84348			0.36842	0.31579	1	6.31578947368421	1	0.836:47.694	
LOC701920,X00000059995	1,1	NonProt	value<cut,value<cut	6	6	1	0.17143	0.375	1	1	5.2445	-0.3992			0.31579	0.31579	1	Inf	1	-Inf:Inf	
LOC709056,X00000058729	1,2	NonProt	value<cut,cut<value<cut	6	6	1	0.17143	0.35417	1	1	-0.3905	-4.72285	-2.5258		0.31579	0.31579	1	Inf	1	-Inf:Inf	
TARM1,THRB	3,3	NonProt	value>cut,value>cut	6	6	1	0.17143	0.34722	1	1	2.07967	-3.1655			0.31579	0.31579	1	Inf	1	-Inf:Inf	
DLK1,THRB	3,3	NonProt	value>cut,value>cut	6	6	1	0.17143	0.375	1	1	-0.1047	-3.1655			0.31579	0.31579	1	Inf	1	-Inf:Inf	
F2RL3,X00000053012	3,1	NonProt	value>cut,value<cut	7	6	0.85714	0.19722	0.375	1	1	-1.9713	2.587			0.36842	0.31579	1	6.31578947368421	1	0.836:47.694	
F2RL3,THRB	3,3	NonProt	value>cut,value>cut	6	6	1	0.16905	0.375	1	1	-1.9713	-3.20485			0.31579	0.31579	1	Inf	1	-Inf:Inf	
X00000059200,LAMC1	1,3	NonProt	value<cut,value>cut	6	6	1	0.17143	0.36765	1	1	-0.41623	1.7501			0.31579	0.31579	1	Inf	1	-Inf:Inf	
X00000053274,VSTM1	1,2	NonProt	value<cut,cut<value<cut	7	6	0.85714	0.2	0.375	1	1	-0.2752	4.474	5.2235		0.36842	0.31579	1	6.31578947368421	1	0.836:47.694	
X00000064715,TRIM16	1,2	NonProt	value<cut,cut<value<cut	7	6	0.85714	0.2	0.375	1	1	-0.0845	-1.63655	-0.9464		0.36842	0.31579	1	6.31578947368421	1	0.836:47.694	
X00000053274,A1BG	1,2	NonProt	value<cut,cut<value<cut	7	6	0.91429	0.2	0.36912	1	1	-0.38148	-2.0331	-1.45896		0.36842	0.31579	1	6.31578947368421	1	0.836:47.694	
LOC701920,F2RL3	1,3	NonProt	value<cut,value>cut	6	6	1	0.17143	0.36397	1	1	5.2505	-1.93505			0.31579	0.31579	1	Inf	1	-Inf:Inf	
STARD8,TMX2	3,1	NonProt	value>cut,value<cut	7	6	0.85714	0.2	0.36765	1	1	1.46377	2.88433			0.36842	0.31579	1	6.31578947368421	1	0.836:47.694	
X00000037843,F2RL3	3,3	NonProt	value>cut,value>cut	6	6	1	0.17143	0.375	1	1	2.999	-1.9341			0.31579	0.31579	1	Inf	1	-Inf:Inf	
F2RL3,CTH	3,3	NonProt	value>cut,value>cut	6	6	1	0.17718	0.37469	1	1	-1.85672	-0.87732			0.31579	0.31579	1	Inf	1	-Inf:Inf	
F2RL3,X00000058729	3,2	NonProt	value>cut,cut<value<cut	6	6	1	0.17143	0.375	1	1	-1.9341	-4.7414	-2.5992		0.31579	0.31579	1	Inf	1	-Inf:Inf	
RBM46,X00000058729	1,2	NonProt	value<cut,cut<value<cut	7	6	0.85714	0.2	0.35417	1	1	-2.4628	-4.72285	-2.5258		0.36842	0.31579	1	6.31578947368421	1	0.836:47.694	
USP31,LTC4S	1,2	Prot	value<cut,cut<value<cut	7	6	0.85714	0.2	0.31579	1	1	0.046	-0.4734	0.5971		0.35	0.3	1	5.7	1	0.755:43.043	
TMEM38A,THRB	1,1	Prot	value<cut,value<cut	8	7	0.86905	0.21693	0.35918	1	1	2.756	-4.85537			0.4	0.35	1	6.65	1	0.901:49.088	
USP31,HCN2	1,1	Prot	value<cut,value<cut	7	6	0.85714	0.2	0.31579	1	1	0.046	-2.9027			0.35	0.3	1	5.7	1	0.755:43.043	
TMX2,X00000059995	2,2	Prot	cut<value<cut,cut<value<cut	6	6	0.95238	0.1791	0.31053	1	1	2.88433	3.24	-0.41327	0.66383	0.3	0.3	1	Inf	1	-Inf:Inf	
HCN2,X00000058427	2,2	Prot	cut<value<cut,cut<value<cut	7	6	0.85714	0.2	0.31579	1	1	-2.9027	-2.1352	1.211	1.8342	0.35	0.3	1	5.7	1	0.755:43.043	
VSTM1,CFAP70	1,2	Prot	value<cut,cut<value<cut	7	6	0.85714	0.2	0.31579	1	1	4.474	0.0876	2.3348		0.35	0.3	1	5.7	1	0.755:43.043	
C5H4orf45,LTC4S	1,1	Prot	value<cut,value<cut	6	6	1	0.17143	0.33437	1	1	0.2397	-0.4734			0.3	0.3	1	Inf	1	-Inf:Inf	
TMX2,ESR1	2,3	Prot	cut<value<cut,value>cut	6	6	1	0.17143	0.33437	1	1	2.857	3.241	1.0667		0.3	0.3	1	Inf	1	-Inf:Inf	
KIR3DL0,CFAP70	2,2	Prot	cut<value<cut,cut<value<cut	7	6	0.85714	0.2	0.31579	1	1	2.758	3.634	0.268	2.3348	0.35	0.3	1	5.7	1	0.755:43.043	
F2RL3,X00000064313	1,2	Prot	value<cut,cut<value<cut	6	6	1	0.18571	0.36068	1	1	-3.50675	-2.7398	-1.41075		0.3	0.3	1	Inf	1	-Inf:Inf	
X00000053274,SMIM2	3,2	Prot	value>cut,cut<value<cut	6	6	1	0.16905	0.30789	1	1	1.66145	-0.2864	0.96565		0.3	0.3	1	Inf	1	-Inf:Inf	
X00000053274,LOC702786	3,3	Prot	value>cut,value>cut	6	6	1	0.17024	0.33042	1	1	1.57532	-1.26762			0.3	0.3	1	Inf	1	-Inf:Inf	
LOC701920,X00000060146	2,1	Prot	cut<value<cut,value<cut	7	6	0.85714	0.2	0.31579	1	1	5.2565	5.567	-4.8205		0.35	0.3	1	5.7	1	0.755:43.043	
LOC701920,KRTAP29.1	2,3	Prot	cut<value<cut,value>cut	8	6	0.86607	0.21429	0.35234	1	1	5.2565	5.567	0.43725		0.4	0.3	1	2.85	1	0.654:12.42	
LOC702786,X00000058427	3,1	Prot	value>cut,value<cut	6	6	1	0.16905	0.30789	1	1	-1.45905	1.2264			0.3	0.3	1	Inf	1	-Inf:Inf	
KIR3DL0,MYH15	2,1	Prot	cut<value<cut,value<cut	7	7	1	0.2	0.36842	1	1	2.758	3.634	-2.3565		0.35	0.35	1	Inf	1	-Inf:Inf	
X00000053274,KRTAP29.1	3,3	Prot	value>cut,value>cut	6	6	1	0.17143	0.34056	1	1	1.56787	-1.1545			0.3	0.3	1	Inf	1	-Inf:Inf	
LOC719667,MYH15	1,1	Prot	value<cut,value<cut	6	6	1	0.17143	0.34056	1	1	4.04733	-2.28607			0.3	0.3	1	Inf	1	-Inf:Inf	
TMEM38A,ZNF576	2,1	NonProt	cut<value<cut,value<cut	6	6	1	0.17143	0.35417	1	1	2.74925	3.18375	3.741		0.31579	0.31579	1	Inf	1	-Inf:Inf	
TMX2,CTH	1,3	NonProt	value<cut,value>cut	6	6	0.92857	0.18571	0.35417	1	1	2.87075	-0.8911			0.31579	0.31579	1	Inf	1	-Inf:Inf	
C5H4orf45,MYH15	3,2	NonProt	value>cut,cut<value<cut	6	6	1	0.17143	0.35417	1	1	1.7936	-2.3565	-1.4596		0.31579	0.31579	1	Inf	1	-Inf:Inf	
TNNT2,STARD8	2,2	Prot	cut<value<cut,cut<value<cut	7	6	0.85714	0.2	0.31579	1	1	-2.4981	-1.0211	0.6394	1.4946	0.35	0.3	1	5.7	1	0.755:43.043	
X00000037843,LAMC1	1,1	Prot	value<cut,value<cut	6	6	1	0.17143	0.31579	1	1	2.4709	0.9234			0.3	0.3	1	Inf	1	-Inf:Inf	
LTC4S,LAMC1	1,1	Prot	value<cut,value<cut	6	6	1	0.17143	0.33437	1	1	-0.4734	0.9234			0.3	0.3	1	Inf	1	-Inf:Inf	
VSTM1,LAMC1	1,1	Prot	value<cut,value<cut	6	6	1	0.16984	0.32291	1	1	4.32367	0.9098			0.3	0.3	1	Inf	1	-Inf:Inf	
X00000037843,CTH	1,1	Prot	value<cut,value<cut	7	6	0.85714	0.2	0.33437	1	1	2.4748	-1.4527			0.35	0.3	1	5.7	1	0.755:43.043	
CTH,X00000058427	1,1	Prot	value<cut,value<cut	6	6	1	0.17143	0.31579	1	1	-1.343	1.2418			0.3	0.3	1	Inf	1	-Inf:Inf	
LILRB1,LOC114669850	1,3	Prot	value<cut,value>cut	6	6	1	0.17143	0.31579	1	1	7.3515	1.337			0.3	0.3	1	Inf	1	-Inf:Inf	
LOC701920,LOC702786	2,3	Prot	cut<value<cut,value>cut	8	6	0.86607	0.21429	0.35234	1	1	5.2565	5.567	-0.8916		0.4	0.3	1	2.85	1	0.654:12.42	
STARD8,LOC702786	2,3	Prot	cut<value<cut,value>cut	6	6	1	0.17143	0.31579	1	1	0.6394	1.4946	-1.9763		0.3	0.3	1	Inf	1	-Inf:Inf	
LOC702786,MYH15	3,1	Prot	value>cut,value<cut	7	6	0.975	0.18762	0.35329	1	1	-0.97548	-2.36482			0.35	0.3	1	5.7	1	0.755:43.043	
LOC701920,CFAP70	1,3	NonProt	value<cut,value>cut	7	6	0.85714	0.2	0.375	1	1	5.2565	2.3348			0.36842	0.31579	1	6.31578947368421	1	0.836:47.694	
LOC701920,A1BG	1,1	NonProt	value<cut,value<cut	6	6	1	0.17143	0.35376	1	1	5.2655	-2.11417			0.31579	0.31579	1	Inf	1	-Inf:Inf	
FABP5,KRTAP29.1	3,2	NonProt	value>cut,cut<value<cut	6	6	1	0.16905	0.375	1	1	2.46235	-5.0275	-1.0795		0.31579	0.31579	1	Inf	1	-Inf:Inf	
LOC701920,THRB	1,3	NonProt	value<cut,value>cut	6	6	1	0.17143	0.35417	1	1	5.2565	-3.1655			0.31579	0.31579	1	Inf	1	-Inf:Inf	
STARD8,CTH	2,2	Prot	cut<value<cut,cut<value<cut	6	6	1	0.17143	0.31579	1	1	0.6394	1.4946	-1.343	-0.8605	0.3	0.3	1	Inf	1	-Inf:Inf	
ZNF576,HCN2	3,1	Prot	value>cut,value<cut	6	6	1	0.17143	0.31579	1	1	3.945	-2.9027			0.3	0.3	1	Inf	1	-Inf:Inf	
STARD8,MYH15	2,1	Prot	cut<value<cut,value<cut	7	6	0.89286	0.2	0.35191	1	1	0.67085	1.47835	-2.3565		0.35	0.3	1	5.7	1	0.755:43.043	
STARD8,THRB	2,1	Prot	cut<value<cut,value<cut	6	6	1	0.18571	0.35088	1	1	0.6259	1.4621	-4.86855		0.3	0.3	1	Inf	1	-Inf:Inf	
STARD8	3	NonProt	value>cut	11	10	0.90909	0.31429	0.57598	1	1	1.4686				0.57895	0.52632	1	10.5263157894737	1	1.487:74.534	
KIR3DL0,USP31	1,3	NonProt	value<cut,value>cut	6	6	1	0.17143	0.375	1	1	2.758	0.6723			0.31579	0.31579	1	Inf	1	-Inf:Inf	
DLK1,USP31	3,3	NonProt	value>cut,value>cut	6	6	1	0.17143	0.375	1	1	0.0903	0.6723			0.31579	0.31579	1	Inf	1	-Inf:Inf	
STARD8,CTH	3,3	NonProt	value>cut,value>cut	7	7	1	0.2	0.41319	1	1	1.4621	-0.8911			0.36842	0.36842	1	Inf	1	-Inf:Inf	
STARD8,A1BG	3,1	NonProt	value>cut,value<cut	6	6	1	0.17143	0.35376	1	1	1.47293	-2.11417			0.31579	0.31579	1	Inf	1	-Inf:Inf	
X00000059200,STARD8	1,3	NonProt	value<cut,value>cut	6	6	1	0.17143	0.36397	1	1	-0.4174	1.4621			0.31579	0.31579	1	Inf	1	-Inf:Inf	
X00000064313,X00000060146	2,1	Prot	cut<value<cut,value<cut	8	7	0.875	0.22857	0.36842	1	1	-2.7398	-1.3951	-4.8205		0.4	0.35	1	6.65	1	0.901:49.088	
TMX2,X00000064313	3,2	Prot	value>cut,cut<value<cut	6	6	0.92857	0.18571	0.32456	1	1	3.2415	-2.7398	-1.48395		0.3	0.3	1	Inf	1	-Inf:Inf	
STARD8,X00000053012	2,3	Prot	cut<value<cut,value>cut	8	6	0.86607	0.21429	0.36068	1	1	0.6776	1.4946	2.87765		0.4	0.3	1	2.85	1	0.654:12.42	
MYH15,LTC4S	1,1	Prot	value<cut,value<cut	6	6	0.96429	0.17857	0.34365	1	1	-2.30368	-0.446			0.3	0.3	1	Inf	1	-Inf:Inf	
THRB,LAMC1	1,1	Prot	value<cut,value<cut	6	6	1	0.17143	0.31579	1	1	-4.8608	0.9234			0.3	0.3	1	Inf	1	-Inf:Inf	
LOC719667,CFAP70	3,3	NonProt	value>cut,value>cut	6	6	1	0.17143	0.34865	1	1	4.99925	2.30085			0.31579	0.31579	1	Inf	1	-Inf:Inf	
KIR3DL0,X00000060253	1,1	NonProt	value<cut,value<cut	6	6	0.95238	0.1791	0.36111	1	1	2.82217	1.1706			0.31579	0.31579	1	Inf	1	-Inf:Inf	
F2RL3,MAOA	1,3	Prot	value<cut,value>cut	6	6	1	0.17143	0.33437	1	1	-3.86505	0.69285			0.3	0.3	1	Inf	1	-Inf:Inf	
VSTM1,X00000056965	1,2	Prot	value<cut,cut<value<cut	6	6	1	0.17143	0.33437	1	1	4.3465	-3.4706	-2.1684		0.3	0.3	1	Inf	1	-Inf:Inf	
VSTM1,X00000064715	1,3	Prot	value<cut,value>cut	6	6	1	0.17143	0.33402	1	1	4.3465	2.00067			0.3	0.3	1	Inf	1	-Inf:Inf	
KIR3DL0,X00000064715	2,3	Prot	cut<value<cut,value>cut	6	6	1	0.17143	0.31579	1	1	2.758	3.634	2.0847		0.3	0.3	1	Inf	1	-Inf:Inf	
ESR1,CTH	1,3	NonProt	value<cut,value>cut	6	6	1	0.16905	0.375	1	1	0.57305	-0.916			0.31579	0.31579	1	Inf	1	-Inf:Inf	
C5H4orf45,ZNF576	1,3	Prot	value<cut,value>cut	7	6	0.85714	0.2	0.31579	1	1	0.3274	3.945			0.35	0.3	1	5.7	1	0.755:43.043	
STARD8,X00000060146	2,1	Prot	cut<value<cut,value<cut	7	6	0.85714	0.2	0.31579	1	1	0.6394	1.4946	-4.8205		0.35	0.3	1	5.7	1	0.755:43.043	
STARD8,LAMC1	2,1	Prot	cut<value<cut,value<cut	8	8	1	0.22857	0.42105	1	1	0.6394	1.4946	0.9234		0.4	0.4	1	Inf	1	-Inf:Inf	
MYH15,X00000059995	1,2	Prot	value<cut,cut<value<cut	6	6	1	0.16984	0.32291	1	1	-2.37037	-0.42733	0.65687		0.3	0.3	1	Inf	1	-Inf:Inf	
CFAP70,X00000060146	1,1	Prot	value<cut,value<cut	6	6	1	0.17143	0.31579	1	1	0.268	-4.8205			0.3	0.3	1	Inf	1	-Inf:Inf	
X00000060146,LTC4S	1,1	Prot	value<cut,value<cut	6	6	1	0.17143	0.33437	1	1	-4.825	-0.4734			0.3	0.3	1	Inf	1	-Inf:Inf	
TNNT2,C5H4orf45	3,2	NonProt	value>cut,cut<value<cut	6	6	1	0.17143	0.375	1	1	-1.0211	0.3274	1.5752		0.31579	0.31579	1	Inf	1	-Inf:Inf	
X00000037843,DLK1	1,1	Prot	value<cut,value<cut	6	6	0.92857	0.18571	0.33437	1	1	2.4748	-1.8835			0.3	0.3	1	Inf	1	-Inf:Inf	
DLK1,C5H4orf45	1,1	Prot	value<cut,value<cut	7	6	0.85714	0.2	0.31579	1	1	-1.8835	0.3274			0.35	0.3	1	5.7	1	0.755:43.043	
C5H4orf45,CTH	1,1	Prot	value<cut,value<cut	7	6	0.85714	0.2	0.31579	1	1	0.3274	-1.343			0.35	0.3	1	5.7	1	0.755:43.043	
TNNT2,LILRB1	1,1	Prot	value<cut,value<cut	7	6	0.85714	0.19722	0.30789	1	1	-2.4981	7.316			0.35	0.3	1	5.7	1	0.755:43.043	
X00000059995,MAOA	2,1	Prot	cut<value<cut,value<cut	6	6	0.92857	0.18571	0.33437	1	1	-0.40175	0.6956	0.2737		0.3	0.3	1	Inf	1	-Inf:Inf	
STARD8,ZNF576	3,1	NonProt	value>cut,value<cut	7	6	0.85714	0.2	0.375	1	1	1.4946	3.741			0.36842	0.31579	1	6.31578947368421	1	0.836:47.694	
FABP5,LILRB1	3,3	NonProt	value>cut,value>cut	6	6	1	0.16905	0.375	1	1	2.46235	7.72875			0.31579	0.31579	1	Inf	1	-Inf:Inf	
STARD8,KRTAP29.1	2,3	Prot	cut<value<cut,value>cut	6	6	1	0.17143	0.31579	1	1	0.6394	1.4946	-1.0795		0.3	0.3	1	Inf	1	-Inf:Inf	
DLK1,X00000060253	1,3	Prot	value<cut,value>cut	6	6	0.92857	0.18571	0.33437	1	1	-1.8835	2.06945			0.3	0.3	1	Inf	1	-Inf:Inf	
STARD8,HEY1	2,1	Prot	cut<value<cut,value<cut	6	6	1	0.17143	0.33437	1	1	0.6776	1.4946	-1.9131		0.3	0.3	1	Inf	1	-Inf:Inf	
C5H4orf45,MYH15	1,1	Prot	value<cut,value<cut	6	6	0.92857	0.18571	0.32456	1	1	0.3274	-2.3565			0.3	0.3	1	Inf	1	-Inf:Inf	
FABP5,STARD8	1,2	Prot	value<cut,cut<value<cut	6	6	1	0.16984	0.32291	1	1	1.99147	0.65197	1.4503		0.3	0.3	1	Inf	1	-Inf:Inf	
LOC701920,LTC4S	3,1	Prot	value>cut,value<cut	7	6	0.92857	0.2	0.38235	1	1	5.461	-0.4186			0.35	0.3	1	5.7	1	0.755:43.043	
LTC4S,X00000060253	1,3	Prot	value<cut,value>cut	7	7	1	0.2	0.41176	1	1	-0.4734	2.0158			0.35	0.35	1	Inf	1	-Inf:Inf	
SDK2,LTC4S	3,1	Prot	value>cut,value<cut	6	6	1	0.17143	0.35294	1	1	0.5721	-0.4734			0.3	0.3	1	Inf	1	-Inf:Inf	
KRTAP29.1,THRB	2,3	NonProt	cut<value<cut,value>cut	6	6	1	0.17143	0.33333	1	1	-5.023	-4.338	-3.1655		0.31579	0.31579	1	Inf	1	-Inf:Inf	
X00000053012,DLK1	2,2	Prot	cut<value<cut,cut<value<cut	7	6	0.85714	0.2	0.35294	1	1	2.5237	2.8597	-1.8118	0.1419	0.35	0.3	1	5.7	1	0.755:43.043	
KRTAP29.1,LOC702786	3,3	Prot	value>cut,value>cut	10	9	0.9	0.28571	0.52941	1	1	-4.338	-2.3455			0.5	0.45	1	8.55	1	1.194:61.202	
X00000060146,HCN2	1,1	Prot	value<cut,value<cut	7	6	0.85714	0.2	0.35294	1	1	-4.8295	-2.9027			0.35	0.3	1	5.7	1	0.755:43.043	
X00000037843,LOC701920	2,1	NonProt	cut<value<cut,value<cut	6	6	1	0.17143	0.33333	1	1	2.4787	2.999	5.2565		0.31579	0.31579	1	Inf	1	-Inf:Inf	
LOC719667,VSTM1	3,3	NonProt	value>cut,value>cut	6	6	1	0.17738	0.36254	1	1	4.99113	5.17875			0.31579	0.31579	1	Inf	1	-Inf:Inf	
LTC4S,X00000059995	2,1	NonProt	cut<value<cut,value<cut	7	6	0.85714	0.2	0.33333	1	1	-0.4734	0.5971	-0.4414		0.36842	0.31579	1	6.31578947368421	1	0.836:47.694	
X00000037843,MAOA	1,1	Prot	value<cut,value<cut	7	6	0.92857	0.2	0.38235	1	1	2.4787	0.293			0.35	0.3	1	5.7	1	0.755:43.043	
TNNT2,LTC4S	1,1	Prot	value<cut,value<cut	7	6	0.85714	0.2	0.34641	1	1	-2.3534	-0.4734			0.35	0.3	1	5.7	1	0.755:43.043	
X00000053012,HEY1	3,1	Prot	value>cut,value<cut	7	6	0.90476	0.18862	0.33529	1	1	2.8617	-1.91263			0.35	0.3	1	5.7	1	0.755:43.043	
THRB,CTH	2,1	Prot	cut<value<cut,value<cut	6	6	1	0.17143	0.35294	1	1	-4.8263	-3.1655	-1.3064		0.3	0.3	1	Inf	1	-Inf:Inf	
THRB,USP31	2,1	Prot	cut<value<cut,value<cut	7	6	0.85714	0.2	0.35294	1	1	-4.8263	-3.1655	0.3476		0.35	0.3	1	5.7	1	0.755:43.043	
TNNT2,ESR1	1,3	Prot	value<cut,value>cut	6	6	1	0.17143	0.34641	1	1	-2.38093	1.0671			0.3	0.3	1	Inf	1	-Inf:Inf	
LOC702786,MYH15	2,3	NonProt	cut<value<cut,value>cut	6	6	1	0.17143	0.33333	1	1	-5.0229	-2.3455	-1.588		0.31579	0.31579	1	Inf	1	-Inf:Inf	
FABP5,TMX2	3,1	NonProt	value>cut,value<cut	6	6	1	0.17048	0.34559	1	1	2.43394	2.868			0.31579	0.31579	1	Inf	1	-Inf:Inf	
THRB	3	NonProt	value>cut	11	10	0.90909	0.31429	0.55556	1	1	-3.1655				0.57895	0.52632	1	10.5263157894737	1	1.487:74.534	
TARM1,X00000056965	3,1	NonProt	value>cut,value<cut	6	6	0.92857	0.18571	0.33333	1	1	2.0734	-3.40865			0.31579	0.31579	1	Inf	1	-Inf:Inf	
X00000060253,HEY1	1,3	NonProt	value<cut,value>cut	6	6	1	0.17143	0.33333	1	1	1.0969	-0.8857			0.31579	0.31579	1	Inf	1	-Inf:Inf	
LOC701920,X00000060146	1,2	NonProt	value<cut,cut<value<cut	6	6	1	0.17143	0.33333	1	1	5.2565	-4.8295	-2.92		0.31579	0.31579	1	Inf	1	-Inf:Inf	
STARD8,SMIM2	3,2	NonProt	value>cut,cut<value<cut	6	6	1	0.17143	0.33333	1	1	1.4946	-0.2444	1.1609		0.31579	0.31579	1	Inf	1	-Inf:Inf	
LOC701920,CFAP70	1,1	NonProt	value<cut,value<cut	6	6	1	0.17143	0.33333	1	1	5.2565	0.2276			0.31579	0.31579	1	Inf	1	-Inf:Inf	
TMEM38A,X00000064369	1,3	Prot	value<cut,value>cut	6	6	0.92857	0.18571	0.34314	1	1	2.76725	3.20535			0.3	0.3	1	Inf	1	-Inf:Inf	
TMEM38A,USP31	1,1	Prot	value<cut,value<cut	7	6	0.85714	0.2	0.35294	1	1	2.7335	0.3476			0.35	0.3	1	5.7	1	0.755:43.043	
TNNT2,TMEM38A	1,1	Prot	value<cut,value<cut	6	6	1	0.16984	0.33529	1	1	-2.43043	2.744			0.3	0.3	1	Inf	1	-Inf:Inf	
TMEM38A,X00000060253	1,3	Prot	value<cut,value>cut	6	6	1	0.17143	0.35294	1	1	2.7335	2.0158			0.3	0.3	1	Inf	1	-Inf:Inf	
X00000064313,X00000059995	3,1	NonProt	value>cut,value<cut	7	6	0.85714	0.2	0.33333	1	1	-1.3951	-0.4414			0.36842	0.31579	1	6.31578947368421	1	0.836:47.694	
CFAP70,X00000060253	1,3	Prot	value<cut,value>cut	6	6	0.95238	0.18095	0.35294	1	1	0.0852	2.03563			0.3	0.3	1	Inf	1	-Inf:Inf	
SDK2,LTC4S	1,3	NonProt	value<cut,value>cut	7	6	0.90476	0.19048	0.33987	1	1	-0.811	0.61663			0.36842	0.31579	1	6.31578947368421	1	0.836:47.694	
KRTAP29.1,LTC4S	2,3	NonProt	cut<value<cut,value>cut	9	8	0.88889	0.25714	0.44444	1	1	-5.023	-4.338	0.5971		0.47368	0.42105	1	8.42105263157895	1	1.161:61.099	
X00000053274,LOC701920	1,1	NonProt	value<cut,value<cut	6	6	1	0.17143	0.33987	1	1	-0.41087	5.2655			0.31579	0.31579	1	Inf	1	-Inf:Inf	
X00000053012,ESR1	1,2	NonProt	value<cut,cut<value<cut	6	6	1	0.17143	0.33333	1	1	2.5237	0.5301	1.0667		0.31579	0.31579	1	Inf	1	-Inf:Inf	
KIR3DL0,LOC114669850	1,1	NonProt	value<cut,value<cut	7	6	0.85714	0.2	0.33987	1	1	2.76467	-0.16693			0.36842	0.31579	1	6.31578947368421	1	0.836:47.694	
X00000053274,THRB	1,3	NonProt	value<cut,value>cut	6	6	1	0.1791	0.36806	1	1	-0.45233	-3.13083			0.31579	0.31579	1	Inf	1	-Inf:Inf	
X00000053274,RBM46	1,1	NonProt	value<cut,value<cut	6	6	1	0.17143	0.33333	1	1	-0.4787	-2.4869			0.31579	0.31579	1	Inf	1	-Inf:Inf	
ZNF576,X00000058729	1,1	NonProt	value<cut,value<cut	7	6	0.85714	0.2	0.33333	1	1	3.741	-4.3496			0.36842	0.31579	1	6.31578947368421	1	0.836:47.694	
TMX2,LAMC1	1,3	NonProt	value<cut,value>cut	7	6	0.85714	0.2	0.33333	1	1	2.8435	1.8291			0.36842	0.31579	1	6.31578947368421	1	0.836:47.694	
X00000053274,TMEM38A	1,2	NonProt	value<cut,cut<value<cut	6	6	1	0.17143	0.33333	1	1	-0.3996	2.7335	3.225		0.31579	0.31579	1	Inf	1	-Inf:Inf	
LOC709056,TMEM38A	2,1	Prot	cut<value<cut,value<cut	7	6	0.85714	0.19815	0.33529	1	1	-0.427	0.7151	2.744		0.35	0.3	1	5.7	1	0.755:43.043	
X00000037843,MAOA	2,2	NonProt	cut<value<cut,cut<value<cut	7	6	0.85714	0.2	0.33333	1	1	2.4787	2.999	0.3176	0.741	0.36842	0.31579	1	6.31578947368421	1	0.836:47.694	
TMEM38A,C5H4orf45	2,3	NonProt	cut<value<cut,value>cut	7	6	0.85714	0.2	0.33333	1	1	2.7335	3.225	2.012		0.36842	0.31579	1	6.31578947368421	1	0.836:47.694	
VSTM1,ESR1	3,2	NonProt	value>cut,cut<value<cut	7	6	0.85714	0.2	0.33333	1	1	5.246	0.5301	1.0667		0.36842	0.31579	1	6.31578947368421	1	0.836:47.694	
MYH15,THRB	3,3	NonProt	value>cut,value>cut	6	6	1	0.17143	0.33333	1	1	-1.588	-3.1655			0.31579	0.31579	1	Inf	1	-Inf:Inf	
LOC701920,X00000058729	1,1	NonProt	value<cut,value<cut	6	6	1	0.17143	0.33333	1	1	5.2565	-4.3496			0.31579	0.31579	1	Inf	1	-Inf:Inf	
LOC701920,USP31	1,3	NonProt	value<cut,value>cut	6	6	1	0.17143	0.33824	1	1	5.26025	0.7536			0.31579	0.31579	1	Inf	1	-Inf:Inf	
X00000059200,X00000053012	2,1	NonProt	cut<value<cut,value<cut	7	6	0.85714	0.2	0.33333	1	1	-0.4931	2.6772	2.5237		0.36842	0.31579	1	6.31578947368421	1	0.836:47.694	
X00000053012,LOC715623	1,1	NonProt	value<cut,value<cut	6	6	1	0.17143	0.33333	1	1	2.5237	-1.7115			0.31579	0.31579	1	Inf	1	-Inf:Inf	
MYH15,X00000060146	1,1	Prot	value<cut,value<cut	6	6	1	0.17143	0.34641	1	1	-2.3565	-4.8295			0.3	0.3	1	Inf	1	-Inf:Inf	
X00000053012,MAOA	3,1	Prot	value>cut,value<cut	6	6	0.92857	0.18571	0.35294	1	1	2.8627	0.293			0.3	0.3	1	Inf	1	-Inf:Inf	
SMIM2,MAOA	1,1	Prot	value<cut,value<cut	7	6	0.85714	0.2	0.35294	1	1	-0.2444	0.3176			0.35	0.3	1	5.7	1	0.755:43.043	
X00000053274	3	Prot	value>cut	11	10	0.90909	0.31429	0.5719	1	1	1.4396				0.55	0.5	1	9.5	1	1.342:67.267	
X00000053274,LOC715623	3,3	Prot	value>cut,value>cut	6	6	1	0.17143	0.35294	1	1	1.2815	-0.6125			0.3	0.3	1	Inf	1	-Inf:Inf	
X00000053274,LAMC1	3,2	Prot	value>cut,cut<value<cut	6	6	1	0.17143	0.35294	1	1	1.2815	0.903	1.6763		0.3	0.3	1	Inf	1	-Inf:Inf	
X00000053274,LOC719667	3,1	Prot	value>cut,value<cut	6	6	1	0.17143	0.35294	1	1	1.2815	3.9415			0.3	0.3	1	Inf	1	-Inf:Inf	
FABP5	3	NonProt	value>cut	11	10	0.88384	0.32064	0.5787	1	1	2.415				0.57895	0.52632	1	10.5263157894737	1	1.487:74.534	
MYH15,X00000058427	1,2	Prot	value<cut,cut<value<cut	7	6	0.85714	0.2	0.35294	1	1	-2.1452	1.2889	1.8554		0.35	0.3	1	5.7	1	0.755:43.043	
X00000053012,X00000056965	3,2	Prot	value>cut,cut<value<cut	7	6	0.85714	0.2	0.35294	1	1	2.8597	-3.4706	-2.1684		0.35	0.3	1	5.7	1	0.755:43.043	
X00000060146,CTH	1,2	Prot	value<cut,cut<value<cut	7	6	0.85714	0.2	0.35294	1	1	-4.8295	-1.5624	-0.9217		0.35	0.3	1	5.7	1	0.755:43.043	
DLK1,USP31	1,1	Prot	value<cut,value<cut	6	6	1	0.17143	0.35294	1	1	-1.8184	0.1696			0.3	0.3	1	Inf	1	-Inf:Inf	
X00000053274	1	NonProt	value<cut	12	10	0.875	0.3381	0.61806	1	1	-0.4787				0.63158	0.52632	1	5.26315789473684	1	1.321:20.968	
FABP5,VSTM1	3,2	NonProt	value>cut,cut<value<cut	6	6	1	0.17143	0.33333	1	1	2.415	4.3465	5.2235		0.31579	0.31579	1	Inf	1	-Inf:Inf	
FABP5,X00000064715	3,1	NonProt	value>cut,value<cut	6	6	1	0.16905	0.35417	1	1	2.415	-0.0012			0.31579	0.31579	1	Inf	1	-Inf:Inf	
CTH	3	NonProt	value>cut	11	10	0.90909	0.31429	0.55556	1	1	-0.9217				0.57895	0.52632	1	10.5263157894737	1	1.487:74.534	
LOC709056,SDK2	1,1	NonProt	value<cut,value<cut	6	6	1	0.16984	0.35376	1	1	-0.40267	-0.78117			0.31579	0.31579	1	Inf	1	-Inf:Inf	
LOC719667,MAOA	3,2	NonProt	value>cut,cut<value<cut	6	6	1	0.17143	0.33333	1	1	4.9985	0.293	0.6932		0.31579	0.31579	1	Inf	1	-Inf:Inf	
X00000060253,CTH	1,3	NonProt	value<cut,value>cut	6	6	1	0.17143	0.33333	1	1	1.2214	-0.9217			0.31579	0.31579	1	Inf	1	-Inf:Inf	
FABP5,F2RL3	3,2	NonProt	value>cut,cut<value<cut	6	6	1	0.17143	0.33333	1	1	2.415	-4.2261	-1.5483		0.31579	0.31579	1	Inf	1	-Inf:Inf	
X00000037843,LOC709056	1,3	Prot	value<cut,value>cut	7	6	0.85714	0.2	0.35294	1	1	2.4787	0.8126			0.35	0.3	1	5.7	1	0.755:43.043	
LOC719667,TRIM16	2,3	Prot	cut<value<cut,value>cut	6	6	1	0.16905	0.32647	1	1	3.9415	4.95975	-0.9991		0.3	0.3	1	Inf	1	-Inf:Inf	
STARD8,X00000064715	1,3	Prot	value<cut,value>cut	6	6	1	0.17143	0.35294	1	1	0.6007	1.8326			0.3	0.3	1	Inf	1	-Inf:Inf	
DLK1	3	NonProt	value>cut	11	10	0.90909	0.31429	0.55556	1	1	0.0903				0.57895	0.52632	1	10.5263157894737	1	1.487:74.534	
DLK1,SDK2	3,1	NonProt	value>cut,value<cut	6	6	1	0.17143	0.33333	1	1	0.0903	-0.6506			0.31579	0.31579	1	Inf	1	-Inf:Inf	
A1BG,SDK2	1,1	NonProt	value<cut,value<cut	6	6	1	0.17143	0.33333	1	1	-1.9115	-0.6506			0.31579	0.31579	1	Inf	1	-Inf:Inf	
LOC709056,TRIM16	1,1	NonProt	value<cut,value<cut	6	6	1	0.17143	0.33333	1	1	-0.354	-1.7125			0.31579	0.31579	1	Inf	1	-Inf:Inf	
VSTM1,DLK1	3,3	NonProt	value>cut,value>cut	7	6	0.90476	0.2	0.35839	1	1	5.19367	0.0903			0.36842	0.31579	1	6.31578947368421	1	0.836:47.694	
X00000037843,CTH	3,3	NonProt	value>cut,value>cut	6	6	1	0.17143	0.33333	1	1	2.7623	-0.9217			0.31579	0.31579	1	Inf	1	-Inf:Inf	
LILRB1,CTH	3,3	NonProt	value>cut,value>cut	6	6	1	0.17143	0.33333	1	1	7.7465	-0.9217			0.31579	0.31579	1	Inf	1	-Inf:Inf	
CTH,X00000058427	2,2	Prot	cut<value<cut,cut<value<cut	6	6	1	0.17143	0.35294	1	1	-1.5624	-0.9217	1.2889	1.8554	0.3	0.3	1	Inf	1	-Inf:Inf	
X00000053274,CTH	3,2	Prot	value>cut,cut<value<cut	6	6	1	0.17143	0.35294	1	1	1.2815	-1.5624	-0.9217		0.3	0.3	1	Inf	1	-Inf:Inf	
A1BG,SMIM2	1,3	NonProt	value<cut,value>cut	6	6	0.92857	0.18571	0.33333	1	1	-1.9115	1.0622			0.31579	0.31579	1	Inf	1	-Inf:Inf	
VSTM1,KIR3DL0	2,1	NonProt	cut<value<cut,value<cut	6	6	1	0.17143	0.33333	1	1	4.3465	5.2235	2.758		0.31579	0.31579	1	Inf	1	-Inf:Inf	
VSTM1,MAOA	2,2	NonProt	cut<value<cut,cut<value<cut	6	6	1	0.17143	0.33333	1	1	4.3465	5.2235	0.3176	0.6932	0.31579	0.31579	1	Inf	1	-Inf:Inf	
A1BG,TRIM16	3,3	Prot	value>cut,value>cut	7	6	0.85714	0.2	0.35294	1	1	-1.492	-1.0518			0.35	0.3	1	5.7	1	0.755:43.043	
LILRB1,TRIM16	1,3	Prot	value<cut,value>cut	6	6	1	0.17143	0.35294	1	1	7.3075	-1.0518			0.3	0.3	1	Inf	1	-Inf:Inf	
ESR1,CTH	3,2	Prot	value>cut,cut<value<cut	7	6	0.85714	0.19722	0.32647	1	1	1.0314	-1.5624	-0.9466		0.35	0.3	1	5.7	1	0.755:43.043	
FABP5,CTH	1,2	Prot	value<cut,cut<value<cut	7	6	0.92857	0.19722	0.35147	1	1	1.9987	-1.5624	-0.9466		0.35	0.3	1	5.7	1	0.755:43.043	
HCN2,CTH	3,3	NonProt	value>cut,value>cut	6	6	1	0.17143	0.33333	1	1	-2.1949	-0.9217			0.31579	0.31579	1	Inf	1	-Inf:Inf	
ESR1,THRB	1,3	NonProt	value<cut,value>cut	7	6	0.85714	0.2	0.33987	1	1	0.572	-3.0198			0.36842	0.31579	1	6.31578947368421	1	0.836:47.694	
CBS,CFAP70	1,3	NonProt	value<cut,value>cut	8	6	0.81746	0.225	0.38542	1	1	-1.67005	2.1847			0.42105	0.31579	1	3.15789473684211	1	0.725:13.762	
FABP5,X00000056965	3,3	NonProt	value>cut,value>cut	6	6	1	0.17143	0.33333	1	1	2.415	-2.1684			0.31579	0.31579	1	Inf	1	-Inf:Inf	
LTC4S,CTH	1,2	Prot	value<cut,cut<value<cut	7	6	0.85714	0.2	0.35294	1	1	-0.4734	-1.5624	-0.9217		0.35	0.3	1	5.7	1	0.755:43.043	
TMX2,CBS	3,3	Prot	value>cut,value>cut	6	6	1	0.18095	0.36492	1	1	3.24267	0.02483			0.3	0.3	1	Inf	1	-Inf:Inf	
X00000053274,STARD8	1,3	NonProt	value<cut,value>cut	6	6	1	0.17143	0.33333	1	1	-0.5578	1.4296			0.31579	0.31579	1	Inf	1	-Inf:Inf	
LOC701920,LTC4S	2,1	Prot	cut<value<cut,value<cut	6	6	1	0.17143	0.34314	1	1	5.27	5.567	-0.4734		0.3	0.3	1	Inf	1	-Inf:Inf	
TNNT2,TRIM16	1,3	Prot	value<cut,value>cut	7	6	0.85714	0.2	0.35294	1	1	-2.3496	-1.0518			0.35	0.3	1	5.7	1	0.755:43.043	
VSTM1,STARD8	1,2	Prot	value<cut,cut<value<cut	7	6	0.85714	0.2	0.35294	1	1	4.3465	0.6007	1.4296		0.35	0.3	1	5.7	1	0.755:43.043	
VSTM1,CTH	1,2	Prot	value<cut,cut<value<cut	6	6	1	0.16905	0.32647	1	1	4.31225	-1.5624	-0.9466		0.3	0.3	1	Inf	1	-Inf:Inf	
X00000053274,F2RL3	3,1	Prot	value>cut,value<cut	6	6	1	0.17143	0.35294	1	1	1.2815	-4.2261			0.3	0.3	1	Inf	1	-Inf:Inf	
X00000037843,KIR3DL0	3,1	NonProt	value>cut,value<cut	7	6	0.85714	0.2	0.33333	1	1	2.7623	2.758			0.36842	0.31579	1	6.31578947368421	1	0.836:47.694	
X00000037843,X00000060253	3,1	NonProt	value>cut,value<cut	7	6	0.85714	0.2	0.33333	1	1	2.7623	1.2214			0.36842	0.31579	1	6.31578947368421	1	0.836:47.694	
SMIM2,CTH	3,3	NonProt	value>cut,value>cut	8	6	0.81746	0.225	0.38542	1	1	0.9676	-0.9466			0.42105	0.31579	1	3.15789473684211	1	0.725:13.762	
X00000053274,DLK1	2,3	NonProt	cut<value<cut,value>cut	6	6	1	0.17143	0.33987	1	1	-0.41087	1.41997	0.0903		0.31579	0.31579	1	Inf	1	-Inf:Inf	
LAMC1,ZNF576	3,1	NonProt	value>cut,value<cut	8	6	0.81746	0.225	0.38542	1	1	1.70985	3.751			0.42105	0.31579	1	3.15789473684211	1	0.725:13.762	
LOC709056,X00000058427	1,3	NonProt	value<cut,value>cut	6	6	1	0.17143	0.33333	1	1	-0.354	1.8554			0.31579	0.31579	1	Inf	1	-Inf:Inf	
VSTM1,X00000058427	2,3	NonProt	cut<value<cut,value>cut	6	6	1	0.17143	0.33333	1	1	4.3465	5.2235	1.8554		0.31579	0.31579	1	Inf	1	-Inf:Inf	
VSTM1,X00000060253	2,1	NonProt	cut<value<cut,value<cut	7	6	0.85714	0.2	0.33333	1	1	4.3465	5.2235	1.2214		0.36842	0.31579	1	6.31578947368421	1	0.836:47.694	
TRIM16,X00000058427	2,3	NonProt	cut<value<cut,value>cut	8	6	0.875	0.21111	0.38194	1	1	-1.7125	-0.9991	1.827		0.42105	0.31579	1	3.15789473684211	1	0.725:13.762	
MYH15,X00000058729	2,2	NonProt	cut<value<cut,cut<value<cut	6	6	1	0.17143	0.33333	1	1	-2.1452	-1.4352	-4.7043	-2.4524	0.31579	0.31579	1	Inf	1	-Inf:Inf	
ESR1,X00000058729	2,2	NonProt	cut<value<cut,cut<value<cut	6	6	1	0.17143	0.33333	1	1	0.5301	1.04425	-4.52695	-2.40105	0.31579	0.31579	1	Inf	1	-Inf:Inf	
LOC701920,CBS	1,1	NonProt	value<cut,value<cut	6	6	1	0.17143	0.33333	1	1	5.2835	-1.4791			0.31579	0.31579	1	Inf	1	-Inf:Inf	
CBS,THRB	1,3	NonProt	value<cut,value>cut	6	6	1	0.17143	0.33333	1	1	-1.674	-3.1655			0.31579	0.31579	1	Inf	1	-Inf:Inf	
LOC709056,TMEM38A	1,2	NonProt	value<cut,cut<value<cut	6	6	1	0.17143	0.33333	1	1	-0.427	2.765	3.2525		0.31579	0.31579	1	Inf	1	-Inf:Inf	
X00000060253,HEY1	3,1	Prot	value>cut,value<cut	7	6	0.85714	0.2	0.35294	1	1	2.0334	-1.7672			0.35	0.3	1	5.7	1	0.755:43.043	
X00000059200,MYH15	3,1	Prot	value>cut,value<cut	6	6	1	0.16905	0.32647	1	1	2.67065	-2.3773			0.3	0.3	1	Inf	1	-Inf:Inf	
TMEM38A,HCN2	1,1	Prot	value<cut,value<cut	7	6	0.85714	0.2	0.35294	1	1	2.765	-2.7443			0.35	0.3	1	5.7	1	0.755:43.043	
TNNT2,X00000064715	1,3	Prot	value<cut,value>cut	8	6	0.86607	0.21429	0.37091	1	1	-2.3909	1.95865			0.4	0.3	1	2.85	1	0.654:12.42	
VSTM1,LOC709056	1,2	Prot	value<cut,cut<value<cut	6	6	1	0.17143	0.34314	1	1	4.31225	-0.427	0.6827		0.3	0.3	1	Inf	1	-Inf:Inf	
VSTM1,STARD8	1,1	Prot	value<cut,value<cut	6	6	1	0.17143	0.35294	1	1	4.278	0.7158			0.3	0.3	1	Inf	1	-Inf:Inf	
RBM46,X00000064715	3,3	Prot	value>cut,value>cut	6	6	1	0.17143	0.35294	1	1	-0.9358	1.8326			0.3	0.3	1	Inf	1	-Inf:Inf	
RBM46,X00000064369	2,1	NonProt	cut<value<cut,value<cut	6	6	1	0.17143	0.33333	1	1	-2.5924	-0.9358	2.6608		0.31579	0.31579	1	Inf	1	-Inf:Inf	
VSTM1	3	NonProt	value>cut	11	10	0.90909	0.31429	0.55556	1	1	5.1115				0.57895	0.52632	1	10.5263157894737	1	1.487:74.534	
VSTM1,X00000064715	3,2	NonProt	value>cut,cut<value<cut	6	6	1	0.17143	0.33333	1	1	5.1115	-0.0597	1.8326		0.31579	0.31579	1	Inf	1	-Inf:Inf	
VSTM1,CTH	3,3	NonProt	value>cut,value>cut	7	7	1	0.2	0.38889	1	1	5.1115	-0.6032			0.36842	0.36842	1	Inf	1	-Inf:Inf	
TMEM38A,LOC715623	2,1	NonProt	cut<value<cut,value<cut	7	6	0.85714	0.2	0.33333	1	1	2.765	3.2525	-1.8035		0.36842	0.31579	1	6.31578947368421	1	0.836:47.694	
X00000064715,LOC715623	2,1	NonProt	cut<value<cut,value<cut	6	6	1	0.17143	0.33333	1	1	-0.0597	1.8326	-1.8035		0.31579	0.31579	1	Inf	1	-Inf:Inf	
X00000064715,X00000064369	2,1	NonProt	cut<value<cut,value<cut	6	6	1	0.17143	0.33333	1	1	-0.0597	1.8326	2.6608		0.31579	0.31579	1	Inf	1	-Inf:Inf	
C5H4orf45,HEY1	1,1	Prot	value<cut,value<cut	7	6	0.85714	0.2	0.35294	1	1	0.1759	-1.7672			0.35	0.3	1	5.7	1	0.755:43.043	
X00000053274,TARM1	2,1	Prot	cut<value<cut,value<cut	6	6	1	0.17143	0.35294	1	1	-0.3996	1.3807	1.369		0.3	0.3	1	Inf	1	-Inf:Inf	
X00000053012,CTH	3,1	Prot	value>cut,value<cut	7	6	0.85714	0.2	0.35294	1	1	2.8657	-1.2899			0.35	0.3	1	5.7	1	0.755:43.043	
X00000037843,HEY1	1,1	Prot	value<cut,value<cut	6	6	1	0.17143	0.35294	1	1	2.4787	-1.7672			0.3	0.3	1	Inf	1	-Inf:Inf	
DLK1,MAOA	1,1	Prot	value<cut,value<cut	7	6	0.85714	0.2	0.35294	1	1	-1.8835	0.2684			0.35	0.3	1	5.7	1	0.755:43.043	
VSTM1,MAOA	1,1	Prot	value<cut,value<cut	6	6	1	0.17143	0.35294	1	1	4.278	0.2684			0.3	0.3	1	Inf	1	-Inf:Inf	
C5H4orf45,X00000060146	2,3	NonProt	cut<value<cut,value>cut	7	6	0.85714	0.2	0.33333	1	1	0.1759	2.012	-3.247		0.36842	0.31579	1	6.31578947368421	1	0.836:47.694	
X00000060146,X00000060253	3,1	NonProt	value>cut,value<cut	6	6	1	0.17143	0.33333	1	1	-3.247	1.1452			0.31579	0.31579	1	Inf	1	-Inf:Inf	
STARD8,LTC4S	3,2	NonProt	value>cut,cut<value<cut	6	6	1	0.17143	0.33333	1	1	1.4946	-0.3638	0.685		0.31579	0.31579	1	Inf	1	-Inf:Inf	
HEY1,MAOA	1,1	Prot	value<cut,value<cut	7	6	0.85714	0.2	0.35294	1	1	-1.7672	0.2684			0.35	0.3	1	5.7	1	0.755:43.043	
LOC719667,X00000059995	3,1	NonProt	value>cut,value<cut	7	6	0.85714	0.2	0.33333	1	1	5.033	-0.4559			0.36842	0.31579	1	6.31578947368421	1	0.836:47.694	
VSTM1,HCN2	3,3	NonProt	value>cut,value>cut	7	6	0.85714	0.2	0.33333	1	1	5.1115	-2.1352			0.36842	0.31579	1	6.31578947368421	1	0.836:47.694	
MYH15,X00000058427	2,3	NonProt	cut<value<cut,value>cut	7	6	0.85714	0.2	0.33333	1	1	-2.3565	-1.4352	1.8198		0.36842	0.31579	1	6.31578947368421	1	0.836:47.694	
ESR1,USP31	1,3	NonProt	value<cut,value>cut	7	6	0.85714	0.2	0.33333	1	1	0.5301	0.7293			0.36842	0.31579	1	6.31578947368421	1	0.836:47.694	
STARD8,X00000060146	3,3	NonProt	value>cut,value>cut	6	6	1	0.17143	0.33333	1	1	1.4946	-3.247			0.31579	0.31579	1	Inf	1	-Inf:Inf	
X00000060146,X00000056965	3,1	NonProt	value>cut,value<cut	6	6	1	0.17143	0.33333	1	1	-3.247	-3.3762			0.31579	0.31579	1	Inf	1	-Inf:Inf	
DLK1,CFAP70	3,3	NonProt	value>cut,value>cut	7	6	0.85714	0.2	0.33333	1	1	0.0903	2.1613			0.36842	0.31579	1	6.31578947368421	1	0.836:47.694	
CBS,C5H4orf45	1,3	NonProt	value<cut,value>cut	7	6	0.85714	0.19815	0.35376	1	1	-1.79867	1.79367			0.36842	0.31579	1	6.31578947368421	1	0.836:47.694	
CBS,MYH15	1,2	NonProt	value<cut,cut<value<cut	6	6	1	0.17143	0.33333	1	1	-1.674	-2.3565	-1.4352		0.31579	0.31579	1	Inf	1	-Inf:Inf	
FABP5,MYH15	3,2	NonProt	value>cut,cut<value<cut	6	6	1	0.17143	0.33333	1	1	2.415	-2.3565	-1.4352		0.31579	0.31579	1	Inf	1	-Inf:Inf	
VSTM1,KIR3DL0	1,3	Prot	value<cut,value>cut	6	6	1	0.17143	0.35294	1	1	4.278	3.548			0.3	0.3	1	Inf	1	-Inf:Inf	
RBM46,LTC4S	2,2	NonProt	cut<value<cut,cut<value<cut	6	6	1	0.17143	0.33333	1	1	-2.5924	-0.9358	-0.3638	0.685	0.31579	0.31579	1	Inf	1	-Inf:Inf	
SDK2,HEY1	3,1	Prot	value>cut,value<cut	7	6	0.85714	0.2	0.35294	1	1	0.5862	-1.7672			0.35	0.3	1	5.7	1	0.755:43.043	
LOC702786,LTC4S	3,1	Prot	value>cut,value<cut	7	6	0.85714	0.2	0.35294	1	1	0.1931	-0.3638			0.35	0.3	1	5.7	1	0.755:43.043	
X00000053274,VSTM1	3,1	Prot	value>cut,value<cut	6	6	1	0.17143	0.35294	1	1	1.3807	4.278			0.3	0.3	1	Inf	1	-Inf:Inf	
X00000053274,DLK1	3,1	Prot	value>cut,value<cut	6	6	1	0.17143	0.35294	1	1	1.3807	-1.8835			0.3	0.3	1	Inf	1	-Inf:Inf	
LOC709056,TMX2	3,3	Prot	value>cut,value>cut	6	6	1	0.16984	0.32876	1	1	0.69363	3.24167			0.3	0.3	1	Inf	1	-Inf:Inf	
SMIM2,MAOA	3,2	NonProt	value>cut,cut<value<cut	7	6	0.85714	0.2	0.33333	1	1	1.101	0.2684	0.6932		0.36842	0.31579	1	6.31578947368421	1	0.836:47.694	
X00000059200,CBS	1,1	NonProt	value<cut,value<cut	6	6	1	0.17143	0.33333	1	1	-0.446	-1.674			0.31579	0.31579	1	Inf	1	-Inf:Inf	
RBM46,TMEM38A	2,2	NonProt	cut<value<cut,cut<value<cut	6	6	1	0.17143	0.33333	1	1	-2.5924	-0.9358	2.765	3.2525	0.31579	0.31579	1	Inf	1	-Inf:Inf	
X00000037843,ZNF576	2,1	NonProt	cut<value<cut,value<cut	6	6	1	0.17143	0.33333	1	1	2.4787	2.999	3.749		0.31579	0.31579	1	Inf	1	-Inf:Inf	
RBM46,MAOA	1,2	NonProt	value<cut,cut<value<cut	7	6	0.85714	0.2	0.33333	1	1	-2.5924	0.2684	0.6932		0.36842	0.31579	1	6.31578947368421	1	0.836:47.694	
FABP5,MAOA	3,2	NonProt	value>cut,cut<value<cut	6	6	1	0.17143	0.33333	1	1	2.415	0.2684	0.6932		0.31579	0.31579	1	Inf	1	-Inf:Inf	
X00000053274,MYH15	1,2	NonProt	value<cut,cut<value<cut	7	6	0.85714	0.2	0.33333	1	1	-0.3996	-2.3565	-1.4352		0.36842	0.31579	1	6.31578947368421	1	0.836:47.694	
X00000053012,DLK1	3,1	Prot	value>cut,value<cut	7	6	0.85714	0.2	0.35294	1	1	2.8657	-1.8835			0.35	0.3	1	5.7	1	0.755:43.043	
VSTM1,HEY1	1,1	Prot	value<cut,value<cut	7	7	1	0.2	0.41176	1	1	4.278	-1.7672			0.35	0.35	1	Inf	1	-Inf:Inf	
LOC709056,DLK1	2,1	Prot	cut<value<cut,value<cut	6	6	1	0.17143	0.35294	1	1	-0.427	0.6827	-1.8835		0.3	0.3	1	Inf	1	-Inf:Inf	
X00000064715,ZNF576	3,2	Prot	value>cut,cut<value<cut	6	6	1	0.17143	0.33333	1	1	2.0847	3.786	3.954		0.3	0.3	1	Inf	1	-Inf:Inf	
TNNT2,CFAP70	1,2	Prot	value<cut,cut<value<cut	6	6	1	0.17143	0.33333	1	1	-2.3496	0.268	2.3725		0.3	0.3	1	Inf	1	-Inf:Inf	
F2RL3,KRTAP29.1	3,2	NonProt	value>cut,cut<value<cut	6	6	1	0.17143	0.35294	1	1	-1.936	-4.997	1.954		0.31579	0.31579	1	Inf	1	-Inf:Inf	
CBS,LOC702786	3,3	Prot	value>cut,value>cut	6	6	1	0.17143	0.33333	1	1	-0.1472	0.1931			0.3	0.3	1	Inf	1	-Inf:Inf	
TMX2,C5H4orf45	1,3	NonProt	value<cut,value>cut	6	6	1	0.17143	0.35294	1	1	2.898	1.7938			0.31579	0.31579	1	Inf	1	-Inf:Inf	
KIR3DL0,HEY1	3,1	Prot	value>cut,value<cut	7	6	0.85714	0.2	0.33333	1	1	3.4725	-2.059			0.35	0.3	1	5.7	1	0.755:43.043	
STARD8,X00000053012	3,1	NonProt	value>cut,value<cut	7	7	1	0.2	0.41176	1	1	1.4296	2.6137			0.36842	0.36842	1	Inf	1	-Inf:Inf	
F2RL3,TARM1	3,3	NonProt	value>cut,value>cut	7	6	0.85714	0.2	0.35294	1	1	-1.936	1.9863			0.36842	0.31579	1	6.31578947368421	1	0.836:47.694	
LOC719667,HCN2	1,1	Prot	value<cut,value<cut	6	6	1	0.17143	0.33333	1	1	3.9415	-2.8193			0.3	0.3	1	Inf	1	-Inf:Inf	
THRB,MAOA	1,1	Prot	value<cut,value<cut	7	6	0.85714	0.2	0.33333	1	1	-4.8763	0.2684			0.35	0.3	1	5.7	1	0.755:43.043	
KIR3DL0,A1BG	3,3	Prot	value>cut,value>cut	6	6	1	0.16905	0.31667	1	1	3.55325	-1.4227			0.3	0.3	1	Inf	1	-Inf:Inf	
KRTAP29.1,THRB	2,2	NonProt	cut<value<cut,cut<value<cut	6	6	1	0.17143	0.35294	1	1	-4.997	1.954	-4.8763	-2.9111	0.31579	0.31579	1	Inf	1	-Inf:Inf	
LOC702786,THRB	2,2	NonProt	cut<value<cut,cut<value<cut	6	6	1	0.17143	0.35294	1	1	-4.9522	0.1931	-4.8763	-2.9111	0.31579	0.31579	1	Inf	1	-Inf:Inf	
LOC701920,MYH15	1,2	NonProt	value<cut,cut<value<cut	6	6	1	0.17143	0.35294	1	1	5.2565	-2.3565	-1.484		0.31579	0.31579	1	Inf	1	-Inf:Inf	
CBS,DLK1	3,2	Prot	value>cut,cut<value<cut	7	6	0.85714	0.2	0.33333	1	1	-0.1472	-1.8118	0.0903		0.35	0.3	1	5.7	1	0.755:43.043	
F2RL3,CBS	1,3	Prot	value<cut,value>cut	6	6	1	0.17143	0.33333	1	1	-4.1436	-0.1472			0.3	0.3	1	Inf	1	-Inf:Inf	
STARD8,LOC702786	3,2	NonProt	value>cut,cut<value<cut	6	6	1	0.17143	0.35294	1	1	1.4296	-4.9522	0.1931		0.31579	0.31579	1	Inf	1	-Inf:Inf	
CBS,KRTAP29.1	3,3	Prot	value>cut,value>cut	6	6	1	0.17143	0.33333	1	1	-0.1472	1.954			0.3	0.3	1	Inf	1	-Inf:Inf	
KIR3DL0,CBS	2,3	Prot	cut<value<cut,value>cut	6	6	1	0.17143	0.33333	1	1	2.778	3.4725	-0.1472		0.3	0.3	1	Inf	1	-Inf:Inf	
THRB,LTC4S	2,3	NonProt	cut<value<cut,value>cut	6	6	1	0.17143	0.35294	1	1	-4.8763	-2.9111	0.5971		0.31579	0.31579	1	Inf	1	-Inf:Inf	
F2RL3,LTC4S	3,3	NonProt	value>cut,value>cut	6	6	1	0.17143	0.35294	1	1	-1.936	0.5971			0.31579	0.31579	1	Inf	1	-Inf:Inf	
X00000053012,X00000056965	1,1	NonProt	value<cut,value<cut	7	6	0.85714	0.2	0.35294	1	1	2.6137	-3.5065			0.36842	0.31579	1	6.31578947368421	1	0.836:47.694	
CBS,A1BG	2,2	NonProt	cut<value<cut,cut<value<cut	7	6	0.85714	0.2	0.35294	1	1	-1.861	-0.1472	-2.2155	-1.3534	0.36842	0.31579	1	6.31578947368421	1	0.836:47.694	
STARD8,MYH15	3,2	NonProt	value>cut,cut<value<cut	6	6	1	0.17143	0.35294	1	1	1.4296	-2.3565	-1.484		0.31579	0.31579	1	Inf	1	-Inf:Inf	
STARD8,KRTAP29.1	3,2	NonProt	value>cut,cut<value<cut	6	6	1	0.17143	0.35294	1	1	1.4296	-4.997	1.954		0.31579	0.31579	1	Inf	1	-Inf:Inf	
TMEM38A,CFAP70	1,2	Prot	value<cut,cut<value<cut	7	6	0.85714	0.2	0.33333	1	1	2.801	0.268	2.3725		0.35	0.3	1	5.7	1	0.755:43.043	
TNNT2,STARD8	1,2	Prot	value<cut,cut<value<cut	6	6	1	0.17143	0.33333	1	1	-2.3496	0.6124	1.4296		0.3	0.3	1	Inf	1	-Inf:Inf	
X00000064369,X00000058729	3,3	Prot	value>cut,value>cut	6	6	1	0.17143	0.33333	1	1	3.2287	-2.2242			0.3	0.3	1	Inf	1	-Inf:Inf	
USP31,LTC4S	3,1	Prot	value>cut,value<cut	7	6	0.85714	0.19444	0.3	1	1	0.6162	-0.5579			0.35	0.3	1	5.7	1	0.755:43.043	
RBM46,LTC4S	2,1	Prot	cut<value<cut,value<cut	7	6	0.85714	0.19444	0.3	1	1	-2.4387	-1.0659	-0.5579		0.35	0.3	1	5.7	1	0.755:43.043	
LAMC1,ZNF576	2,2	Prot	cut<value<cut,cut<value<cut	6	6	1	0.16667	0.3	1	1	0.903	1.7434	3.741	3.9385	0.3	0.3	1	Inf	1	-Inf:Inf	
SDK2,X00000059995	3,3	Prot	value>cut,value>cut	6	6	1	0.16667	0.3	1	1	0.7158	0.6499			0.3	0.3	1	Inf	1	-Inf:Inf	
X00000053274,TNNT2	1,3	NonProt	value<cut,value>cut	6	6	1	0.16667	0.375	1	1	-0.3996	-0.8503			0.31579	0.31579	1	Inf	1	-Inf:Inf	
TNNT2,LOC709056	3,1	NonProt	value>cut,value<cut	6	6	1	0.16667	0.375	1	1	-0.8503	-0.427			0.31579	0.31579	1	Inf	1	-Inf:Inf	
LOC709056,F2RL3	1,3	NonProt	value<cut,value>cut	6	6	1	0.16667	0.375	1	1	-0.427	-2.0085			0.31579	0.31579	1	Inf	1	-Inf:Inf	
X00000053274,THRB	3,2	Prot	value>cut,cut<value<cut	7	6	0.85714	0.19444	0.3	1	1	1.5977	-4.898	-3.2442		0.35	0.3	1	5.7	1	0.755:43.043	
TMX2,C5H4orf45	3,2	Prot	value>cut,cut<value<cut	6	6	1	0.16667	0.3	1	1	3.24	0.0537	1.5752		0.3	0.3	1	Inf	1	-Inf:Inf	
SDK2,X00000064369	3,3	Prot	value>cut,value>cut	7	6	0.85714	0.19444	0.3	1	1	0.7158	3.182			0.35	0.3	1	5.7	1	0.755:43.043	
FABP5,SMIM2	1,2	Prot	value<cut,cut<value<cut	6	6	1	0.16667	0.3	1	1	1.9987	-0.2965	0.9118		0.3	0.3	1	Inf	1	-Inf:Inf	
CBS,X00000064369	2,3	Prot	cut<value<cut,value>cut	6	6	1	0.16667	0.3	1	1	-1.861	0.0807	3.182		0.3	0.3	1	Inf	1	-Inf:Inf	
X00000053012,X00000064369	3,3	Prot	value>cut,value>cut	6	6	1	0.16667	0.3	1	1	2.8597	3.182			0.3	0.3	1	Inf	1	-Inf:Inf	
FABP5,X00000037843	3,3	NonProt	value>cut,value>cut	6	6	1	0.16667	0.375	1	1	2.415	2.7269			0.31579	0.31579	1	Inf	1	-Inf:Inf	
FABP5,HEY1	3,3	NonProt	value>cut,value>cut	6	6	1	0.16667	0.375	1	1	2.415	-0.8857			0.31579	0.31579	1	Inf	1	-Inf:Inf	
ZNF576	1	NonProt	value<cut	12	10	0.83333	0.33333	0.625	1	1	3.741				0.63158	0.52632	1	5.26315789473684	1	1.321:20.968	
LOC719667,LILRB1	3,3	NonProt	value>cut,value>cut	7	6	0.85714	0.19444	0.375	1	1	4.9555	7.711			0.36842	0.31579	1	6.31578947368421	1	0.836:47.694	
KRTAP29.1,X00000058427	3,1	Prot	value>cut,value<cut	6	6	1	0.16667	0.3	1	1	-1.0795	1.211			0.3	0.3	1	Inf	1	-Inf:Inf	
A1BG,X00000064369	3,3	Prot	value>cut,value>cut	7	7	1	0.19444	0.35	1	1	-1.492	3.182			0.35	0.35	1	Inf	1	-Inf:Inf	
DLK1,LOC715623	2,3	Prot	cut<value<cut,value>cut	6	6	1	0.16667	0.3	1	1	-1.9567	-0.3153	-0.8912		0.3	0.3	1	Inf	1	-Inf:Inf	
TMX2,X00000059995	3,3	Prot	value>cut,value>cut	6	6	1	0.16667	0.3	1	1	3.24	0.6499			0.3	0.3	1	Inf	1	-Inf:Inf	
LOC709056,X00000053012	2,3	Prot	cut<value<cut,value>cut	6	6	1	0.16667	0.3	1	1	-0.427	0.7155	2.8597		0.3	0.3	1	Inf	1	-Inf:Inf	
FABP5,F2RL3	1,2	Prot	value<cut,cut<value<cut	6	6	1	0.16667	0.3	1	1	1.9987	-4.2261	-2.0085		0.3	0.3	1	Inf	1	-Inf:Inf	
X00000037843,LOC709056	3,1	NonProt	value>cut,value<cut	7	6	0.85714	0.19444	0.375	1	1	2.7269	-0.427			0.36842	0.31579	1	6.31578947368421	1	0.836:47.694	
FABP5,LOC114669850	3,2	NonProt	value>cut,cut<value<cut	7	6	0.85714	0.19444	0.375	1	1	2.415	-0.0248	1.4615		0.36842	0.31579	1	6.31578947368421	1	0.836:47.694	
ESR1,LTC4S	1,2	NonProt	value<cut,cut<value<cut	7	6	0.85714	0.19444	0.375	1	1	0.6029	-0.5579	0.4918		0.36842	0.31579	1	6.31578947368421	1	0.836:47.694	
ESR1,SMIM2	1,3	NonProt	value<cut,value>cut	6	6	1	0.16667	0.375	1	1	0.6029	0.9118			0.31579	0.31579	1	Inf	1	-Inf:Inf	
LOC709056,TARM1	1,3	NonProt	value<cut,value>cut	6	6	1	0.16667	0.375	1	1	-0.427	1.8996			0.31579	0.31579	1	Inf	1	-Inf:Inf	
TARM1,ZNF576	3,1	NonProt	value>cut,value<cut	7	6	0.85714	0.19444	0.375	1	1	1.8996	3.741			0.36842	0.31579	1	6.31578947368421	1	0.836:47.694	
FABP5,X00000060253	3,1	NonProt	value>cut,value<cut	7	6	0.85714	0.19444	0.375	1	1	2.415	1.1452			0.36842	0.31579	1	6.31578947368421	1	0.836:47.694	
FABP5,CFAP70	3,3	NonProt	value>cut,value>cut	7	6	0.85714	0.19444	0.375	1	1	2.415	2.1847			0.36842	0.31579	1	6.31578947368421	1	0.836:47.694	
A1BG,LAMC1	3,1	Prot	value>cut,value<cut	6	6	1	0.16667	0.3	1	1	-1.492	0.903			0.3	0.3	1	Inf	1	-Inf:Inf	
X00000053012,A1BG	3,3	Prot	value>cut,value>cut	7	6	0.85714	0.19444	0.3	1	1	2.8597	-1.492			0.35	0.3	1	5.7	1	0.755:43.043	
TRIM16,X00000064369	3,3	Prot	value>cut,value>cut	6	6	1	0.16667	0.3	1	1	-0.9464	3.182			0.3	0.3	1	Inf	1	-Inf:Inf	
LILRB1,SMIM2	3,3	NonProt	value>cut,value>cut	6	6	1	0.16667	0.375	1	1	7.711	0.9118			0.31579	0.31579	1	Inf	1	-Inf:Inf	
X00000059200,SMIM2	3,2	Prot	value>cut,cut<value<cut	7	6	0.85714	0.19444	0.3	1	1	2.6772	-0.2965	0.9118		0.35	0.3	1	5.7	1	0.755:43.043	
X00000060253,X00000058427	3,2	Prot	value>cut,cut<value<cut	6	6	1	0.16667	0.3	1	1	2.0577	1.211	1.7986		0.3	0.3	1	Inf	1	-Inf:Inf	
LOC719667,LILRB1	2,1	Prot	cut<value<cut,value<cut	7	7	1	0.19444	0.35	1	1	3.9415	4.9555	7.2805		0.35	0.35	1	Inf	1	-Inf:Inf	
FABP5,TNNT2	1,2	Prot	value<cut,cut<value<cut	6	6	1	0.16667	0.3	1	1	1.9987	-2.4981	-0.8503		0.3	0.3	1	Inf	1	-Inf:Inf	
X00000059200,DLK1	3,2	Prot	value>cut,cut<value<cut	6	6	1	0.16667	0.3	1	1	2.6772	-1.9567	-0.3153		0.3	0.3	1	Inf	1	-Inf:Inf	
X00000059200,F2RL3	3,1	Prot	value>cut,value<cut	6	6	1	0.16667	0.3	1	1	2.6772	-4.2261			0.3	0.3	1	Inf	1	-Inf:Inf	
FABP5,X00000060253	1,3	Prot	value<cut,value>cut	6	6	1	0.16667	0.3	1	1	1.9987	2.0577			0.3	0.3	1	Inf	1	-Inf:Inf	
LOC719667,LOC709056	2,2	Prot	cut<value<cut,cut<value<cut	6	6	1	0.16667	0.3	1	1	3.9415	4.9555	-0.427	0.7155	0.3	0.3	1	Inf	1	-Inf:Inf	
X00000064715,TMEM38A	3,1	Prot	value>cut,value<cut	7	6	0.85714	0.19444	0.3	1	1	1.9788	2.7335			0.35	0.3	1	5.7	1	0.755:43.043	
X00000059200,X00000064369	3,3	Prot	value>cut,value>cut	6	6	1	0.16667	0.3	1	1	2.6772	3.182			0.3	0.3	1	Inf	1	-Inf:Inf	
LOC709056,HCN2	2,2	Prot	cut<value<cut,cut<value<cut	7	6	0.85714	0.19444	0.3	1	1	-0.427	0.7155	-3.1067	-2.221	0.35	0.3	1	5.7	1	0.755:43.043	
VSTM1,KIR3DL0	3,1	NonProt	value>cut,value<cut	7	6	0.85714	0.19444	0.375	1	1	5.1115	2.9505			0.36842	0.31579	1	6.31578947368421	1	0.836:47.694	
X00000037843,ZNF576	3,1	NonProt	value>cut,value<cut	6	6	1	0.16667	0.375	1	1	2.7269	3.741			0.31579	0.31579	1	Inf	1	-Inf:Inf	
ESR1,LAMC1	1,3	NonProt	value<cut,value>cut	7	6	0.85714	0.19444	0.375	1	1	0.6029	1.7434			0.36842	0.31579	1	6.31578947368421	1	0.836:47.694	
LILRB1,ZNF576	3,1	NonProt	value>cut,value<cut	6	6	1	0.16667	0.375	1	1	7.711	3.741			0.31579	0.31579	1	Inf	1	-Inf:Inf	
X00000059200,A1BG	3,3	Prot	value>cut,value>cut	6	6	1	0.16667	0.3	1	1	2.6772	-1.492			0.3	0.3	1	Inf	1	-Inf:Inf	
MYH15,SMIM2	1,2	Prot	value<cut,cut<value<cut	7	6	0.85714	0.19444	0.3	1	1	-2.3981	-0.2965	0.9118		0.35	0.3	1	5.7	1	0.755:43.043	
LOC701920,X00000053012	1,1	NonProt	value<cut,value<cut	9	9	0.98413	0.24796	0.5084	1	1	5.26064	2.58551			0.47368	0.47368	0.327375762859635	Inf	0.399536134359547	-Inf:Inf	
LOC701920,LOC702786	1,2	NonProt	value<cut,cut<value<cut	9	9	1	0.25714	0.5	1	1	5.2565	-5.0229	-2.3455		0.47368	0.47368	0.327375762859635	Inf	0.399536134359547	-Inf:Inf	
LOC709056,ZNF576	1,1	NonProt	value<cut,value<cut	8	8	1	0.21429	0.44107	1	1	-0.42833	3.743			0.42105	0.42105	0.922604422604423	Inf	0.986907201911566	-Inf:Inf	
VSTM1,X00000053012	3,1	NonProt	value>cut,value<cut	8	8	1	0.21517	0.44472	1	1	5.19983	2.5759			0.42105	0.42105	0.922604422604423	Inf	0.986907201911566	-Inf:Inf	
LOC709056,X00000053012	1,1	NonProt	value<cut,value<cut	8	8	0.97222	0.21964	0.43627	1	1	-0.41592	2.56763			0.42105	0.42105	0.922604422604423	Inf	0.986907201911566	-Inf:Inf	
LOC709056,LOC702786	1,2	NonProt	value<cut,cut<value<cut	8	8	1	0.21542	0.43931	1	1	-0.41733	-4.97674	-1.5147		0.42105	0.42105	0.922604422604423	Inf	0.986907201911566	-Inf:Inf	
LOC709056,LOC701920	1,1	NonProt	value<cut,value<cut	8	8	0.98765	0.23095	0.4655	1	1	-0.40878	5.25839			0.42105	0.42105	0.922604422604423	Inf	0.986907201911566	-Inf:Inf	
VSTM1,LOC701920	3,1	NonProt	value>cut,value<cut	8	8	1	0.21542	0.44252	1	1	5.19307	5.26064			0.42105	0.42105	0.922604422604423	Inf	0.986907201911566	-Inf:Inf	
X00000053274,X00000058427	1,3	NonProt	value<cut,value>cut	8	8	1	0.22857	0.47222	1	1	-0.4165	1.8448			0.42105	0.42105	0.922604422604423	Inf	0.986907201911566	-Inf:Inf	
LOC701920,KRTAP29.1	1,2	NonProt	value<cut,cut<value<cut	8	8	0.9375	0.23968	0.46875	1	1	5.2635	-5.02525	-2.70875		0.42105	0.42105	0.922604422604423	Inf	0.986907201911566	-Inf:Inf	
LOC701920,LTC4S	1,3	NonProt	value<cut,value>cut	8	8	1	0.22857	0.44444	1	1	5.2565	0.5971			0.42105	0.42105	0.922604422604423	Inf	0.986907201911566	-Inf:Inf	
LOC701920,CTH	1,3	NonProt	value<cut,value>cut	8	8	0.9375	0.2254	0.44097	1	1	5.277	-0.9466			0.42105	0.42105	0.922604422604423	Inf	0.986907201911566	-Inf:Inf	
LOC701920,DLK1	1,3	NonProt	value<cut,value>cut	8	8	1	0.22857	0.44444	1	1	5.2835	0.0903			0.42105	0.42105	0.922604422604423	Inf	0.986907201911566	-Inf:Inf	
TMEM38A,LTC4S	1,1	Prot	value<cut,value<cut	6	6	1	0.18299	0.35921	1	1	2.77386	-0.46579			0.3	0.3	1	Inf	1	-Inf:Inf	
TNNT2,TMX2	3,1	NonProt	value>cut,value<cut	6	6	1	0.17048	0.35392	1	1	-0.5878	2.8804			0.31579	0.31579	1	Inf	1	-Inf:Inf	
FABP5,TMEM38A	3,2	NonProt	value>cut,cut<value<cut	7	7	1	0.18708	0.39	1	1	2.47801	2.77386	3.19943		0.36842	0.36842	1	Inf	1	-Inf:Inf	
LOC709056,LOC715623	1,1	NonProt	value<cut,value<cut	7	7	1	0.20288	0.41743	1	1	-0.41854	-1.74586			0.36842	0.36842	1	Inf	1	-Inf:Inf	
X00000059200,TNNT2	1,3	NonProt	value<cut,value>cut	6	6	1	0.17714	0.36062	1	1	-0.44558	-0.5307			0.31579	0.31579	1	Inf	1	-Inf:Inf	
KRTAP29.1,C5H4orf45	2,3	NonProt	cut<value<cut,value>cut	6	6	1	0.17143	0.35294	1	1	-5.00125	-2.9635	1.4498		0.31579	0.31579	1	Inf	1	-Inf:Inf	
TNNT2,F2RL3	3,3	NonProt	value>cut,value>cut	6	6	1	0.17937	0.38726	1	1	-0.63227	-1.9589			0.31579	0.31579	1	Inf	1	-Inf:Inf	
TNNT2,KRTAP29.1	3,2	NonProt	value>cut,cut<value<cut	7	6	0.98438	0.18849	0.38016	1	1	-0.57918	-4.98575	-1.22756		0.36842	0.31579	1	6.31578947368421	1	0.836:47.694	
LOC709056,KRTAP29.1	1,2	NonProt	value<cut,cut<value<cut	7	7	1	0.20992	0.43776	1	1	-0.4065	-5.0045	-1.63931		0.36842	0.36842	1	Inf	1	-Inf:Inf	
X00000064715,CTH	3,2	Prot	value>cut,cut<value<cut	6	6	1	0.17143	0.33333	1	1	1.789	-1.424	-0.73		0.3	0.3	1	Inf	1	-Inf:Inf	
LOC701920,X00000060253	2,3	Prot	cut<value<cut,value>cut	6	6	1	0.17143	0.32456	1	1	5.2505	5.5055	2.0577		0.3	0.3	1	Inf	1	-Inf:Inf	
DLK1,TRIM16	2,3	Prot	cut<value<cut,value>cut	6	6	1	0.17143	0.33333	1	1	-1.8118	-0.1047	-1.0518		0.3	0.3	1	Inf	1	-Inf:Inf	
LOC719667,X00000064715	1,3	Prot	value<cut,value>cut	6	6	1	0.17143	0.34314	1	1	4.363	1.8623			0.3	0.3	1	Inf	1	-Inf:Inf	
C5H4orf45,X00000060253	1,3	Prot	value<cut,value>cut	6	6	1	0.17143	0.33402	1	1	0.26893	2.05967			0.3	0.3	1	Inf	1	-Inf:Inf	
X00000064715,TMX2	3,3	Prot	value>cut,value>cut	6	6	1	0.17143	0.33333	1	1	1.789	3.24			0.3	0.3	1	Inf	1	-Inf:Inf	
X00000053274,X00000060146	3,1	Prot	value>cut,value<cut	6	6	1	0.17064	0.33139	1	1	1.4942	-4.82875			0.3	0.3	1	Inf	1	-Inf:Inf	
X00000053274,X00000059200	3,3	Prot	value>cut,value>cut	6	6	1	0.17718	0.33802	1	1	1.4967	2.67393			0.3	0.3	1	Inf	1	-Inf:Inf	
LOC719667,LOC709056	3,1	NonProt	value>cut,value<cut	7	7	1	0.2	0.40237	1	1	4.98714	-0.41733			0.36842	0.36842	1	Inf	1	-Inf:Inf	
FABP5,LOC709056	3,1	NonProt	value>cut,value<cut	6	6	1	0.17407	0.35993	1	1	2.47093	-0.40878			0.31579	0.31579	1	Inf	1	-Inf:Inf	
RBM46,LAMC1	2,3	NonProt	cut<value<cut,value>cut	6	6	1	0.18571	0.37255	1	1	-2.53965	-1.14535	1.7106		0.31579	0.31579	1	Inf	1	-Inf:Inf	
X00000037843,LOC719667	2,3	NonProt	cut<value<cut,value>cut	6	6	1	0.17143	0.35294	1	1	2.4673	2.7623	4.964		0.31579	0.31579	1	Inf	1	-Inf:Inf	
X00000053012,LILRB1	1,3	NonProt	value<cut,value>cut	7	7	1	0.20847	0.42974	1	1	2.56735	7.74142			0.36842	0.36842	1	Inf	1	-Inf:Inf	
DLK1,A1BG	3,1	NonProt	value>cut,value<cut	6	6	1	0.18367	0.37792	1	1	-0.00047	-1.99836			0.31579	0.31579	1	Inf	1	-Inf:Inf	
DLK1,X00000064313	3,1	NonProt	value>cut,value<cut	6	6	1	0.17143	0.35294	1	1	-0.1047	-2.6291			0.31579	0.31579	1	Inf	1	-Inf:Inf	
KRTAP29.1,CTH	2,3	NonProt	cut<value<cut,value>cut	7	7	1	0.18857	0.37582	1	1	-5.0117	-3.8403	-0.71762		0.36842	0.36842	1	Inf	1	-Inf:Inf	
C5H4orf45,ZNF576	3,1	NonProt	value>cut,value<cut	6	6	1	0.17143	0.34951	1	1	1.78008	3.7426			0.31579	0.31579	1	Inf	1	-Inf:Inf	
LILRB1,USP31	3,2	NonProt	value>cut,cut<value<cut	6	6	1	0.17857	0.35703	1	1	7.763	0.1221	0.69935		0.31579	0.31579	1	Inf	1	-Inf:Inf	
LILRB1,HEY1	3,3	NonProt	value>cut,value>cut	6	6	1	0.17143	0.34641	1	1	7.76	-0.8522			0.31579	0.31579	1	Inf	1	-Inf:Inf	
LOC719667,LOC701920	3,1	NonProt	value>cut,value<cut	7	7	1	0.21208	0.43854	1	1	4.97872	5.25839			0.36842	0.36842	1	Inf	1	-Inf:Inf	
X00000064715,THRB	2,3	NonProt	cut<value<cut,value>cut	6	6	1	0.17143	0.35294	1	1	-0.0597	1.789	-3.2372		0.31579	0.31579	1	Inf	1	-Inf:Inf	
X00000053274,X00000064369	1,1	NonProt	value<cut,value<cut	6	6	1	0.18034	0.36878	1	1	-0.3548	2.5773			0.31579	0.31579	1	Inf	1	-Inf:Inf	
FABP5,RBM46	1,3	Prot	value<cut,value>cut	6	6	1	0.17143	0.33333	1	1	1.9859	-1.2248			0.3	0.3	1	Inf	1	-Inf:Inf	
TNNT2,X00000060253	1,3	Prot	value<cut,value>cut	6	6	1	0.17143	0.33333	1	1	-2.361	2.0577			0.3	0.3	1	Inf	1	-Inf:Inf	
X00000060253,X00000059995	3,2	Prot	value>cut,cut<value<cut	6	6	1	0.17857	0.35264	1	1	2.04115	-0.39725	0.62982		0.3	0.3	1	Inf	1	-Inf:Inf	
VSTM1,X00000060253	1,3	Prot	value<cut,value>cut	6	6	1	0.17048	0.32708	1	1	4.3607	2.0695			0.3	0.3	1	Inf	1	-Inf:Inf	
FABP5,HCN2	1,1	Prot	value<cut,value<cut	6	6	1	0.18433	0.347	1	1	1.99038	-2.9651			0.3	0.3	1	Inf	1	-Inf:Inf	
C5H4orf45,X00000059995	1,2	Prot	value<cut,cut<value<cut	6	6	1	0.17143	0.34314	1	1	0.1759	-0.3484	0.6956		0.3	0.3	1	Inf	1	-Inf:Inf	
STARD8,X00000060253	2,3	Prot	cut<value<cut,value>cut	6	6	1	0.18571	0.37255	1	1	0.6393	1.4296	2.0577		0.3	0.3	1	Inf	1	-Inf:Inf	
LTC4S,X00000060253	1,3	Prot	value<cut,value>cut	6	6	1	0.18571	0.37255	1	1	-0.4593	2.03675			0.3	0.3	1	Inf	1	-Inf:Inf	
RBM46,X00000060253	3,3	Prot	value>cut,value>cut	7	7	1	0.19048	0.37106	1	1	-1.14553	2.0577			0.35	0.35	1	Inf	1	-Inf:Inf	
ESR1,SMIM2	3,1	Prot	value>cut,value<cut	6	6	1	0.17143	0.32456	1	1	1.05385	-0.26035			0.3	0.3	1	Inf	1	-Inf:Inf	
RBM46,TRIM16	3,3	Prot	value>cut,value>cut	6	6	1	0.17064	0.33139	1	1	-1.06235	-0.95743			0.3	0.3	1	Inf	1	-Inf:Inf	
ESR1,X00000060253	3,3	Prot	value>cut,value>cut	6	6	1	0.17143	0.34314	1	1	1.0314	2.0577			0.3	0.3	1	Inf	1	-Inf:Inf	
TMEM38A,X00000060253	1,3	Prot	value<cut,value>cut	6	6	1	0.17143	0.34314	1	1	2.77575	2.03675			0.3	0.3	1	Inf	1	-Inf:Inf	
VSTM1,ESR1	1,3	Prot	value<cut,value>cut	6	6	1	0.18003	0.34626	1	1	4.35833	1.05808			0.3	0.3	1	Inf	1	-Inf:Inf	
TNNT2,ESR1	1,3	Prot	value<cut,value>cut	6	6	1	0.17143	0.33824	1	1	-2.37595	1.05415			0.3	0.3	1	Inf	1	-Inf:Inf	
LOC709056,X00000060253	2,3	Prot	cut<value<cut,value>cut	6	6	1	0.17143	0.33402	1	1	-0.41223	0.726	2.0577		0.3	0.3	1	Inf	1	-Inf:Inf	
CFAP70,X00000060253	1,3	Prot	value<cut,value>cut	6	6	1	0.17143	0.33402	1	1	0.09867	2.07363			0.3	0.3	1	Inf	1	-Inf:Inf	
THRB,X00000060253	1,3	Prot	value<cut,value>cut	6	6	1	0.17738	0.34379	1	1	-4.87925	2.06658			0.3	0.3	1	Inf	1	-Inf:Inf	
FABP5,SMIM2	1,1	Prot	value<cut,value<cut	7	7	1	0.19048	0.37117	1	1	1.9859	-0.25503			0.35	0.35	1	Inf	1	-Inf:Inf	
TARM1,X00000059995	1,2	Prot	value<cut,cut<value<cut	6	6	1	0.17143	0.33333	1	1	1.2466	-0.2925	0.6708		0.3	0.3	1	Inf	1	-Inf:Inf	
LOC709056,TARM1	2,1	Prot	cut<value<cut,value<cut	6	6	1	0.17143	0.32456	1	1	-0.3932	0.7149	1.32055		0.3	0.3	1	Inf	1	-Inf:Inf	
LOC709056,X00000059995	2,2	Prot	cut<value<cut,cut<value<cut	6	6	1	0.17143	0.32946	1	1	-0.39185	0.73128	-0.3738	0.6832	0.3	0.3	1	Inf	1	-Inf:Inf	
X00000053012,LOC715623	2,3	Prot	cut<value<cut,value>cut	6	6	1	0.17143	0.33333	1	1	2.5668	2.8731	-0.4805		0.3	0.3	1	Inf	1	-Inf:Inf	
STARD8,LAMC1	1,2	Prot	value<cut,cut<value<cut	6	6	1	0.18286	0.35645	1	1	0.66238	0.91446	1.81226		0.3	0.3	1	Inf	1	-Inf:Inf	
ESR1,X00000059995	3,2	Prot	value>cut,cut<value<cut	6	6	1	0.18571	0.36244	1	1	1.04935	-0.3738	0.6956		0.3	0.3	1	Inf	1	-Inf:Inf	
TARM1,ESR1	1,3	Prot	value<cut,value>cut	6	6	1	0.17143	0.33333	1	1	1.2466	1.041			0.3	0.3	1	Inf	1	-Inf:Inf	
RBM46,ESR1	3,3	Prot	value>cut,value>cut	6	6	1	0.17143	0.33333	1	1	-1.2248	1.041			0.3	0.3	1	Inf	1	-Inf:Inf	
STARD8,ESR1	2,3	Prot	cut<value<cut,value>cut	6	6	1	0.17143	0.33333	1	1	0.6779	1.4296	1.041		0.3	0.3	1	Inf	1	-Inf:Inf	
TNNT2,X00000053012	3,1	NonProt	value>cut,value<cut	6	6	1	0.18042	0.37123	1	1	-0.62828	2.57208			0.31579	0.31579	1	Inf	1	-Inf:Inf	
X00000053012,A1BG	1,1	NonProt	value<cut,value<cut	6	6	1	0.17143	0.34314	1	1	2.54525	-1.9115			0.31579	0.31579	1	Inf	1	-Inf:Inf	
X00000053012,DLK1	1,3	NonProt	value<cut,value>cut	6	6	1	0.18492	0.38644	1	1	2.58763	-0.0507			0.31579	0.31579	1	Inf	1	-Inf:Inf	
VSTM1,LOC702786	3,2	NonProt	value>cut,cut<value<cut	7	7	1	0.20444	0.42933	1	1	5.1719	-4.97242	-1.40936		0.36842	0.36842	1	Inf	1	-Inf:Inf	
TNNT2,HCN2	3,3	NonProt	value>cut,value>cut	6	6	1	0.17857	0.35703	1	1	-0.52218	-2.15013			0.31579	0.31579	1	Inf	1	-Inf:Inf	
TMEM38A,X00000053012	3,1	NonProt	value>cut,value<cut	6	6	1	0.17143	0.34314	1	1	3.238	2.5698			0.31579	0.31579	1	Inf	1	-Inf:Inf	
TNNT2,STARD8	3,3	NonProt	value>cut,value>cut	6	6	1	0.17143	0.36397	1	1	-0.7514	1.4621			0.31579	0.31579	1	Inf	1	-Inf:Inf	
TMEM38A,DLK1	3,3	NonProt	value>cut,value>cut	6	6	1	0.17143	0.35294	1	1	3.2525	-0.1047			0.31579	0.31579	1	Inf	1	-Inf:Inf	
TNNT2,TARM1	3,3	NonProt	value>cut,value>cut	6	6	1	0.17048	0.34951	1	1	-0.58866	1.98636			0.31579	0.31579	1	Inf	1	-Inf:Inf	
TNNT2,RBM46	3,1	NonProt	value>cut,value<cut	6	6	1	0.17143	0.33987	1	1	-0.50797	-2.52207			0.31579	0.31579	1	Inf	1	-Inf:Inf	
TNNT2,LTC4S	3,3	NonProt	value>cut,value>cut	7	7	1	0.18857	0.38031	1	1	-0.5307	0.6264			0.36842	0.36842	1	Inf	1	-Inf:Inf	
VSTM1,TNNT2	3,3	NonProt	value>cut,value>cut	7	7	1	0.18869	0.38751	1	1	5.20112	-0.57918			0.36842	0.36842	1	Inf	1	-Inf:Inf	
TNNT2,SDK2	3,1	NonProt	value>cut,value<cut	6	6	1	0.17143	0.35294	1	1	-0.52325	-0.86125			0.31579	0.31579	1	Inf	1	-Inf:Inf	
KIR3DL0,ESR1	1,1	NonProt	value<cut,value<cut	6	6	1	0.17619	0.36029	1	1	2.78108	0.55655			0.31579	0.31579	1	Inf	1	-Inf:Inf	
TNNT2,LOC702786	3,2	NonProt	value>cut,cut<value<cut	7	7	0.98438	0.19206	0.38797	1	1	-0.57918	-4.96214	-1.17191		0.36842	0.36842	1	Inf	1	-Inf:Inf	
X00000053012,HCN2	1,3	NonProt	value<cut,value>cut	6	6	1	0.17143	0.35294	1	1	2.5668	-2.1352			0.31579	0.31579	1	Inf	1	-Inf:Inf	
KIR3DL0,DLK1	1,3	NonProt	value<cut,value>cut	7	7	1	0.20635	0.4183	1	1	2.83575	-0.00255			0.36842	0.36842	1	Inf	1	-Inf:Inf	
LOC701920,HCN2	1,3	NonProt	value<cut,value>cut	6	6	1	0.17143	0.35294	1	1	5.2565	-2.1352			0.31579	0.31579	1	Inf	1	-Inf:Inf	
TMEM38A,LOC701920	3,1	NonProt	value>cut,value<cut	7	7	1	0.2	0.41176	1	1	3.2525	5.2565			0.36842	0.36842	1	Inf	1	-Inf:Inf	
X00000037843,RBM46	1,3	Prot	value<cut,value>cut	6	6	1	0.17143	0.33333	1	1	2.4673	-1.2248			0.3	0.3	1	Inf	1	-Inf:Inf	
X00000037843,C5H4orf45	1,1	Prot	value<cut,value<cut	6	6	1	0.17714	0.34592	1	1	2.4703	0.27924			0.3	0.3	1	Inf	1	-Inf:Inf	
X00000037843,LTC4S	1,1	Prot	value<cut,value<cut	7	7	1	0.1873	0.3701	1	1	2.47277	-0.42562			0.35	0.35	1	Inf	1	-Inf:Inf	
X00000037843,USP31	1,1	Prot	value<cut,value<cut	6	6	1	0.17143	0.34021	1	1	2.4711	0.11733			0.3	0.3	1	Inf	1	-Inf:Inf	
X00000037843,ESR1	1,3	Prot	value<cut,value>cut	6	6	1	0.17143	0.33333	1	1	2.4673	1.041			0.3	0.3	1	Inf	1	-Inf:Inf	
X00000037843,LOC702786	1,1	Prot	value<cut,value<cut	6	6	1	0.17143	0.33333	1	1	2.4673	-5.0053			0.3	0.3	1	Inf	1	-Inf:Inf	
X00000037843,TARM1	1,1	Prot	value<cut,value<cut	6	6	1	0.17738	0.3394	1	1	2.46577	1.31418			0.3	0.3	1	Inf	1	-Inf:Inf	
X00000037843,X00000060146	1,2	Prot	value<cut,cut<value<cut	6	6	1	0.17048	0.331	1	1	2.46764	-4.829	-3.0233		0.3	0.3	1	Inf	1	-Inf:Inf	
X00000037843,STARD8	1,2	Prot	value<cut,cut<value<cut	6	6	1	0.18095	0.34503	1	1	2.4685	0.66507	1.46377		0.3	0.3	1	Inf	1	-Inf:Inf	
X00000064715,X00000059995	3,2	Prot	value>cut,cut<value<cut	6	6	1	0.17143	0.33333	1	1	1.789	-0.2925	0.6708		0.3	0.3	1	Inf	1	-Inf:Inf	
LOC719667,MAOA	3,2	NonProt	value>cut,cut<value<cut	6	6	1	0.18571	0.37255	1	1	4.9985	0.2491	0.6932		0.31579	0.31579	1	Inf	1	-Inf:Inf	
LOC719667,LOC715623	3,2	NonProt	value>cut,cut<value<cut	6	6	1	0.17143	0.35294	1	1	4.964	-1.7648	-0.4805		0.31579	0.31579	1	Inf	1	-Inf:Inf	
HCN2,CTH	3,3	NonProt	value>cut,value>cut	6	6	1	0.17143	0.34314	1	1	-2.16505	-0.82585			0.31579	0.31579	1	Inf	1	-Inf:Inf	
LOC719667,SMIM2	3,3	NonProt	value>cut,value>cut	6	6	1	0.18095	0.3799	1	1	4.964	1.0579			0.31579	0.31579	1	Inf	1	-Inf:Inf	
LOC719667,A1BG	3,1	NonProt	value>cut,value<cut	7	7	1	0.19048	0.378	1	1	4.987	-1.9115			0.36842	0.36842	1	Inf	1	-Inf:Inf	
LOC719667,TARM1	3,3	NonProt	value>cut,value>cut	6	6	1	0.17959	0.36671	1	1	4.98071	2.03637			0.31579	0.31579	1	Inf	1	-Inf:Inf	
LOC719667,DLK1	3,3	NonProt	value>cut,value>cut	7	7	1	0.20571	0.4085	1	1	4.9826	0.01254			0.36842	0.36842	1	Inf	1	-Inf:Inf	
LOC719667,KIR3DL0	3,1	NonProt	value>cut,value<cut	6	6	1	0.18452	0.37725	1	1	4.97912	2.87887			0.31579	0.31579	1	Inf	1	-Inf:Inf	
STARD8,USP31	3,3	NonProt	value>cut,value>cut	6	6	1	0.18571	0.37629	1	1	1.4621	0.73077			0.31579	0.31579	1	Inf	1	-Inf:Inf	
TNNT2,A1BG	1,3	Prot	value<cut,value>cut	6	6	1	0.17048	0.32708	1	1	-2.4278	-1.4146			0.3	0.3	1	Inf	1	-Inf:Inf	
FABP5,X00000053274	1,3	Prot	value<cut,value>cut	6	6	1	0.18003	0.35245	1	1	1.99315	1.45642			0.3	0.3	1	Inf	1	-Inf:Inf	
TNNT2,X00000058729	1,3	Prot	value<cut,value>cut	6	6	1	0.17143	0.33333	1	1	-2.361	-2.3497			0.3	0.3	1	Inf	1	-Inf:Inf	
TNNT2,TRIM16	1,3	Prot	value<cut,value>cut	6	6	1	0.17143	0.33333	1	1	-2.361	-1.0518			0.3	0.3	1	Inf	1	-Inf:Inf	
LOC719667,LOC701920	1,3	Prot	value<cut,value>cut	6	6	1	0.17143	0.33333	1	1	4.2055	5.525			0.3	0.3	1	Inf	1	-Inf:Inf	
TNNT2,KIR3DL0	1,3	Prot	value<cut,value>cut	6	6	1	0.17143	0.33333	1	1	-2.361	3.634			0.3	0.3	1	Inf	1	-Inf:Inf	
LTC4S,X00000058729	1,3	Prot	value<cut,value>cut	6	6	1	0.17143	0.33402	1	1	-0.464	-2.4671			0.3	0.3	1	Inf	1	-Inf:Inf	
RBM46,MAOA	3,1	Prot	value>cut,value<cut	6	6	1	0.17143	0.33333	1	1	-1.2248	0.2298			0.3	0.3	1	Inf	1	-Inf:Inf	
TMX2,HEY1	3,1	Prot	value>cut,value<cut	6	6	1	0.17024	0.32061	1	1	3.24	-2.03627			0.3	0.3	1	Inf	1	-Inf:Inf	
A1BG,THRB	3,1	Prot	value>cut,value<cut	7	7	1	0.19104	0.37149	1	1	-1.42887	-4.87306			0.35	0.35	1	Inf	1	-Inf:Inf	
VSTM1,TMEM38A	1,1	Prot	value<cut,value<cut	6	6	1	0.17959	0.35557	1	1	4.38464	2.788			0.3	0.3	1	Inf	1	-Inf:Inf	
LOC719667,KRTAP29.1	3,2	NonProt	value>cut,cut<value<cut	6	6	1	0.17143	0.36029	1	1	4.964	-4.98367	-1.32433		0.31579	0.31579	1	Inf	1	-Inf:Inf	
KRTAP29.1,HCN2	2,3	NonProt	cut<value<cut,value>cut	6	6	1	0.1754	0.35607	1	1	-4.99375	-2.3315	-2.1436		0.31579	0.31579	1	Inf	1	-Inf:Inf	
LOC719667,X00000060253	3,2	NonProt	value>cut,cut<value<cut	6	6	1	0.17143	0.35294	1	1	4.964	1.2214	2.0577		0.31579	0.31579	1	Inf	1	-Inf:Inf	
LOC701920,X00000060253	1,2	NonProt	value<cut,cut<value<cut	6	6	1	0.18095	0.35839	1	1	5.2525	1.1545	2.03563		0.31579	0.31579	1	Inf	1	-Inf:Inf	
LOC701920,TARM1	1,3	NonProt	value<cut,value>cut	7	7	1	0.20645	0.42713	1	1	5.25863	2.0299			0.36842	0.36842	1	Inf	1	-Inf:Inf	
X00000053274,X00000037843	1,2	NonProt	value<cut,cut<value<cut	6	6	1	0.17857	0.36274	1	1	-0.36898	2.473	2.79082		0.31579	0.31579	1	Inf	1	-Inf:Inf	
LOC701920,LILRB1	1,3	NonProt	value<cut,value>cut	6	6	1	0.17551	0.36204	1	1	5.25864	7.75086			0.31579	0.31579	1	Inf	1	-Inf:Inf	
F2RL3,X00000059995	3,1	NonProt	value>cut,value<cut	6	6	1	0.16984	0.36765	1	1	-1.9589	-0.3777			0.31579	0.31579	1	Inf	1	-Inf:Inf	
LOC701920,A1BG	1,1	NonProt	value<cut,value<cut	6	6	1	0.17714	0.36127	1	1	5.2619	-2.0939			0.31579	0.31579	1	Inf	1	-Inf:Inf	
TNNT2,LOC701920	3,1	NonProt	value>cut,value<cut	6	6	1	0.17143	0.34951	1	1	-0.54732	5.2517			0.31579	0.31579	1	Inf	1	-Inf:Inf	
LOC701920,X00000056965	1,1	NonProt	value<cut,value<cut	6	6	1	0.17891	0.36998	1	1	5.26236	-3.4538			0.31579	0.31579	1	Inf	1	-Inf:Inf	
LOC709056,X00000059995	1,1	NonProt	value<cut,value<cut	6	6	1	0.17143	0.35294	1	1	-0.4557	-0.2925			0.31579	0.31579	1	Inf	1	-Inf:Inf	
KIR3DL0,RBM46	1,1	NonProt	value<cut,value<cut	6	6	1	0.17143	0.35376	1	1	2.855	-2.506			0.31579	0.31579	1	Inf	1	-Inf:Inf	
STARD8,RBM46	3,1	NonProt	value>cut,value<cut	6	6	1	0.17143	0.34314	1	1	1.4296	-2.53965			0.31579	0.31579	1	Inf	1	-Inf:Inf	
X00000037843,X00000064715	1,3	Prot	value<cut,value>cut	6	6	1	0.17048	0.31965	1	1	2.46836	1.9832			0.3	0.3	1	Inf	1	-Inf:Inf	
TMX2,LOC701920	3,3	Prot	value>cut,value>cut	6	6	1	0.18479	0.35537	1	1	3.23642	5.50417			0.3	0.3	1	Inf	1	-Inf:Inf	
X00000064715,HCN2	3,1	Prot	value>cut,value<cut	6	6	1	0.17143	0.33333	1	1	1.789	-2.7443			0.3	0.3	1	Inf	1	-Inf:Inf	
TRIM16,USP31	3,1	Prot	value>cut,value<cut	6	6	1	0.18095	0.36601	1	1	-1.01667	0.15887			0.3	0.3	1	Inf	1	-Inf:Inf	
TMX2,SDK2	3,3	Prot	value>cut,value>cut	6	6	1	0.17738	0.3394	1	1	3.2405	0.59215			0.3	0.3	1	Inf	1	-Inf:Inf	
KIR3DL0,A1BG	1,1	NonProt	value<cut,value<cut	7	7	0.96875	0.19841	0.40329	1	1	2.83075	-2.03638			0.36842	0.36842	1	Inf	1	-Inf:Inf	
X00000037843,X00000053012	3,1	NonProt	value>cut,value<cut	7	6	0.96429	0.19147	0.3894	1	1	2.8718	2.56612			0.36842	0.31579	1	6.31578947368421	1	0.836:47.694	
X00000053012,X00000060253	1,1	NonProt	value<cut,value<cut	6	6	1	0.17143	0.34314	1	1	2.5698	1.2214			0.31579	0.31579	1	Inf	1	-Inf:Inf	
X00000064715,KRTAP29.1	2,2	NonProt	cut<value<cut,cut<value<cut	6	6	1	0.17857	0.35703	1	1	0.05182	1.91048	-5.00775	-2.83012	0.31579	0.31579	1	Inf	1	-Inf:Inf	
LOC709056,SDK2	1,1	NonProt	value<cut,value<cut	6	6	1	0.16984	0.35376	1	1	-0.41223	-0.7612			0.31579	0.31579	1	Inf	1	-Inf:Inf	
KIR3DL0,KRTAP29.1	1,2	NonProt	value<cut,cut<value<cut	6	6	1	0.18571	0.37091	1	1	2.9035	-5.0055	-4.46825		0.31579	0.31579	1	Inf	1	-Inf:Inf	
KRTAP29.1,A1BG	2,1	NonProt	cut<value<cut,value<cut	6	6	1	0.17143	0.35294	1	1	-5.0055	-4.5985	-1.9115		0.31579	0.31579	1	Inf	1	-Inf:Inf	
KRTAP29.1,MYH15	3,1	Prot	value>cut,value<cut	6	6	1	0.17619	0.3341	1	1	-0.5699	-2.36482			0.3	0.3	1	Inf	1	-Inf:Inf	
MYH15,CTH	1,2	Prot	value<cut,cut<value<cut	6	6	1	0.17143	0.32748	1	1	-2.3565	-1.4064	-0.78203		0.3	0.3	1	Inf	1	-Inf:Inf	
VSTM1,TMX2	1,3	Prot	value<cut,value>cut	6	6	1	0.17725	0.34498	1	1	4.38272	3.24089			0.3	0.3	1	Inf	1	-Inf:Inf	
X00000037843,X00000064369	1,3	Prot	value<cut,value>cut	6	6	1	0.18034	0.35017	1	1	2.47042	3.29222			0.3	0.3	1	Inf	1	-Inf:Inf	
X00000037843,A1BG	1,3	Prot	value<cut,value>cut	8	8	1	0.21349	0.42337	1	1	2.47179	-1.4403			0.4	0.4	1	Inf	1	-Inf:Inf	
X00000037843,THRB	1,1	Prot	value<cut,value<cut	7	7	1	0.20635	0.40068	1	1	2.46939	-4.86527			0.35	0.35	1	Inf	1	-Inf:Inf	
X00000037843,TMEM38A	1,1	Prot	value<cut,value<cut	8	8	1	0.23839	0.46632	1	1	2.47081	2.77275			0.4	0.4	1	Inf	1	-Inf:Inf	
X00000037843,VSTM1	1,1	Prot	value<cut,value<cut	8	8	1	0.2216	0.43643	1	1	2.47169	4.3955			0.4	0.4	1	Inf	1	-Inf:Inf	
X00000037843,LILRB1	1,1	Prot	value<cut,value<cut	6	6	1	0.17024	0.32552	1	1	2.46487	7.26138			0.3	0.3	1	Inf	1	-Inf:Inf	
VSTM1,KRTAP29.1	3,2	NonProt	value>cut,cut<value<cut	7	7	1	0.19894	0.41163	1	1	5.18992	-4.98058	-1.23942		0.36842	0.36842	1	Inf	1	-Inf:Inf	
LOC702786,HCN2	2,3	NonProt	cut<value<cut,value>cut	6	6	1	0.17064	0.35049	1	1	-4.96545	-1.43777	-2.15945		0.31579	0.31579	1	Inf	1	-Inf:Inf	
KIR3DL0,LOC715623	1,2	NonProt	value<cut,cut<value<cut	6	6	1	0.17143	0.35294	1	1	2.8565	-1.7648	-0.4805		0.31579	0.31579	1	Inf	1	-Inf:Inf	
KIR3DL0,LOC702786	1,2	NonProt	value<cut,cut<value<cut	7	7	1	0.18968	0.38807	1	1	2.84192	-4.99495	-2.03328		0.36842	0.36842	1	Inf	1	-Inf:Inf	
TNNT2,KIR3DL0	3,1	NonProt	value>cut,value<cut	6	6	1	0.17143	0.34314	1	1	-0.4817	2.9035			0.31579	0.31579	1	Inf	1	-Inf:Inf	
TNNT2,A1BG	3,1	NonProt	value>cut,value<cut	6	6	1	0.17143	0.35294	1	1	-0.4817	-1.9115			0.31579	0.31579	1	Inf	1	-Inf:Inf	
THRB,LAMC1	3,3	NonProt	value>cut,value>cut	6	6	1	0.1754	0.35975	1	1	-3.17207	1.77532			0.31579	0.31579	1	Inf	1	-Inf:Inf	
VSTM1,X00000064369	1,3	Prot	value<cut,value>cut	6	6	1	0.17603	0.32965	1	1	4.3999	3.29654			0.3	0.3	1	Inf	1	-Inf:Inf	
FABP5,VSTM1	1,1	Prot	value<cut,value<cut	6	6	1	0.18145	0.35268	1	1	1.99022	4.40162			0.3	0.3	1	Inf	1	-Inf:Inf	
A1BG,HEY1	3,1	Prot	value>cut,value<cut	6	6	1	0.17064	0.32812	1	1	-1.41835	-2.02145			0.3	0.3	1	Inf	1	-Inf:Inf	
LOC709056,USP31	2,1	Prot	cut<value<cut,value<cut	6	6	1	0.17143	0.34804	1	1	-0.41592	0.73128	0.20605		0.3	0.3	1	Inf	1	-Inf:Inf	
LOC709056,MAOA	2,1	Prot	cut<value<cut,value<cut	6	6	1	0.17143	0.32748	1	1	-0.43657	0.6827	0.24267		0.3	0.3	1	Inf	1	-Inf:Inf	
KRTAP29.1,X00000059995	2,1	NonProt	cut<value<cut,value<cut	6	6	1	0.17143	0.35294	1	1	-5.0055	-4.5985	-0.2925		0.31579	0.31579	1	Inf	1	-Inf:Inf	
LOC701920,THRB	1,2	NonProt	value<cut,cut<value<cut	6	6	1	0.17143	0.35294	1	1	5.2565	-4.88715	-3.07415		0.31579	0.31579	1	Inf	1	-Inf:Inf	
LOC719667,LOC702786	3,2	NonProt	value>cut,cut<value<cut	6	6	1	0.17143	0.36029	1	1	4.964	-4.94643	-1.37623		0.31579	0.31579	1	Inf	1	-Inf:Inf	
LOC701920,ZNF576	1,1	NonProt	value<cut,value<cut	7	7	1	0.19907	0.40462	1	1	5.26133	3.75317			0.36842	0.36842	1	Inf	1	-Inf:Inf	
X00000064369,LAMC1	1,3	NonProt	value<cut,value>cut	7	7	1	0.20573	0.42579	1	1	2.56637	1.76957			0.36842	0.36842	1	Inf	1	-Inf:Inf	
X00000064715,LOC715623	2,1	NonProt	cut<value<cut,value<cut	6	6	1	0.17143	0.34314	1	1	-0.0597	1.8108	-1.78415		0.31579	0.31579	1	Inf	1	-Inf:Inf	
LOC709056,CTH	1,3	NonProt	value<cut,value>cut	6	6	1	0.17619	0.3652	1	1	-0.42806	-0.75806			0.31579	0.31579	1	Inf	1	-Inf:Inf	
X00000064715,ZNF576	2,1	NonProt	cut<value<cut,value<cut	6	6	1	0.17143	0.35294	1	1	-0.0597	1.789	3.741		0.31579	0.31579	1	Inf	1	-Inf:Inf	
A1BG,CTH	1,3	NonProt	value<cut,value>cut	6	6	1	0.17143	0.35294	1	1	-1.9115	-0.73			0.31579	0.31579	1	Inf	1	-Inf:Inf	
VSTM1,SDK2	3,1	NonProt	value>cut,value<cut	6	6	1	0.17143	0.34641	1	1	5.231	-0.79103			0.31579	0.31579	1	Inf	1	-Inf:Inf	
X00000053274,LOC709056	1,1	NonProt	value<cut,value<cut	7	7	1	0.18677	0.38358	1	1	-0.3548	-0.40878			0.36842	0.36842	1	Inf	1	-Inf:Inf	
LOC701920,X00000058729	1,2	NonProt	value<cut,cut<value<cut	6	6	1	0.17143	0.35294	1	1	5.2565	-4.6471	-2.3497		0.31579	0.31579	1	Inf	1	-Inf:Inf	
LOC701920,X00000064313	1,1	NonProt	value<cut,value<cut	7	7	1	0.19429	0.38693	1	1	5.2595	-2.63464			0.36842	0.36842	1	Inf	1	-Inf:Inf	
ZNF576,X00000058427	1,3	NonProt	value<cut,value>cut	6	6	1	0.18191	0.38145	1	1	3.745	1.82414			0.31579	0.31579	1	Inf	1	-Inf:Inf	
X00000037843,X00000059995	2,1	NonProt	cut<value<cut,value<cut	6	6	1	0.17143	0.35294	1	1	2.4673	2.7623	-0.2925		0.31579	0.31579	1	Inf	1	-Inf:Inf	
TNNT2,X00000059995	3,1	NonProt	value>cut,value<cut	6	6	1	0.17143	0.35294	1	1	-0.4817	-0.2925			0.31579	0.31579	1	Inf	1	-Inf:Inf	
X00000037843,X00000058729	1,3	Prot	value<cut,value>cut	7	7	1	0.18986	0.37285	1	1	2.47129	-2.33531			0.35	0.35	1	Inf	1	-Inf:Inf	
X00000037843,HCN2	1,1	Prot	value<cut,value<cut	6	6	1	0.17143	0.34314	1	1	2.473	-2.7443			0.3	0.3	1	Inf	1	-Inf:Inf	
TNNT2,THRB	1,1	Prot	value<cut,value<cut	6	6	1	0.17857	0.34774	1	1	-2.41023	-4.8731			0.3	0.3	1	Inf	1	-Inf:Inf	
TNNT2,USP31	1,1	Prot	value<cut,value<cut	6	6	1	0.18571	0.37146	1	1	-2.38283	0.15825			0.3	0.3	1	Inf	1	-Inf:Inf	
KIR3DL0,KRTAP29.1	2,3	Prot	cut<value<cut,value>cut	6	6	1	0.18571	0.36662	1	1	2.83075	3.61012	-3.5885		0.3	0.3	1	Inf	1	-Inf:Inf	
X00000059995,MAOA	2,1	Prot	cut<value<cut,value<cut	6	6	1	0.17143	0.33333	1	1	-0.2925	0.6708	0.2298		0.3	0.3	1	Inf	1	-Inf:Inf	
TNNT2,X00000059995	1,2	Prot	value<cut,cut<value<cut	6	6	1	0.17143	0.33333	1	1	-2.361	-0.2925	0.6708		0.3	0.3	1	Inf	1	-Inf:Inf	
X00000037843,TNNT2	1,1	Prot	value<cut,value<cut	6	6	1	0.17619	0.34328	1	1	2.4736	-2.41667			0.3	0.3	1	Inf	1	-Inf:Inf	
TNNT2,MAOA	1,1	Prot	value<cut,value<cut	6	6	1	0.17143	0.33333	1	1	-2.361	0.2298			0.3	0.3	1	Inf	1	-Inf:Inf	
TNNT2,TMEM38A	1,1	Prot	value<cut,value<cut	6	6	1	0.17048	0.331	1	1	-2.43008	2.763			0.3	0.3	1	Inf	1	-Inf:Inf	
X00000037843,X00000059995	1,2	Prot	value<cut,cut<value<cut	6	6	1	0.17143	0.33333	1	1	2.4673	-0.2925	0.6708		0.3	0.3	1	Inf	1	-Inf:Inf	
X00000037843,LOC709056	1,2	Prot	value<cut,cut<value<cut	6	6	1	0.17143	0.32456	1	1	2.4673	-0.44135	0.6827		0.3	0.3	1	Inf	1	-Inf:Inf	
TNNT2,TARM1	1,1	Prot	value<cut,value<cut	6	6	1	0.17714	0.35229	1	1	-2.37296	1.35798			0.3	0.3	1	Inf	1	-Inf:Inf	
KIR3DL0,LOC702786	2,3	Prot	cut<value<cut,value>cut	6	6	1	0.18175	0.34018	1	1	2.8399	3.634	-1.40936		0.3	0.3	1	Inf	1	-Inf:Inf	
X00000053274,X00000064715	3,3	Prot	value>cut,value>cut	6	6	1	0.17619	0.3502	1	1	1.42782	1.91168			0.3	0.3	1	Inf	1	-Inf:Inf	
X00000037843,KIR3DL0	1,2	Prot	value<cut,cut<value<cut	6	6	1	0.17024	0.32552	1	1	2.46487	2.88387	3.6505		0.3	0.3	1	Inf	1	-Inf:Inf	
X00000053274,LTC4S	3,1	Prot	value>cut,value<cut	6	6	1	0.17143	0.35294	1	1	1.31457	-0.40033			0.3	0.3	1	Inf	1	-Inf:Inf	
X00000064715,TRIM16	2,1	NonProt	cut<value<cut,value<cut	6	6	1	0.17143	0.33333	1	1	-0.07655	1.8841	-1.7125		0.31579	0.31579	1	Inf	1	-Inf:Inf	
VSTM1,USP31	1,1	Prot	value<cut,value<cut	6	6	1	0.18286	0.36054	1	1	4.372	0.11466			0.3	0.3	1	Inf	1	-Inf:Inf	
X00000053012,USP31	3,1	Prot	value>cut,value<cut	6	6	1	0.18175	0.35545	1	1	2.8609	0.10116			0.3	0.3	1	Inf	1	-Inf:Inf	
FABP5,X00000053274	3,1	NonProt	value>cut,value<cut	6	6	1	0.17143	0.34865	1	1	2.5016	-0.3299			0.31579	0.31579	1	Inf	1	-Inf:Inf	
KIR3DL0,TMEM38A	1,3	NonProt	value<cut,value>cut	6	6	1	0.17143	0.33333	1	1	2.9505	3.0765			0.31579	0.31579	1	Inf	1	-Inf:Inf	
KIR3DL0,LILRB1	1,3	NonProt	value<cut,value>cut	6	6	1	0.17143	0.33333	1	1	2.9505	7.693			0.31579	0.31579	1	Inf	1	-Inf:Inf	
VSTM1,KIR3DL0	3,1	NonProt	value>cut,value<cut	6	6	0.92857	0.18294	0.35417	1	1	5.1675	2.9505			0.31579	0.31579	1	Inf	1	-Inf:Inf	
KIR3DL0,LTC4S	1,3	NonProt	value<cut,value>cut	6	6	1	0.17143	0.33333	1	1	2.9505	0.5971			0.31579	0.31579	1	Inf	1	-Inf:Inf	
KIR3DL0,X00000064369	1,2	NonProt	value<cut,cut<value<cut	6	6	1	0.17143	0.33333	1	1	2.9505	2.5776	3.3062		0.31579	0.31579	1	Inf	1	-Inf:Inf	
X00000053274,KIR3DL0	2,1	NonProt	cut<value<cut,value<cut	6	6	1	0.17143	0.33333	1	1	-0.3996	1.2815	2.9505		0.31579	0.31579	1	Inf	1	-Inf:Inf	
KIR3DL0,TRIM16	1,1	NonProt	value<cut,value<cut	6	6	1	0.17143	0.33333	1	1	2.9505	-1.7125			0.31579	0.31579	1	Inf	1	-Inf:Inf	
KIR3DL0,X00000053012	1,1	NonProt	value<cut,value<cut	6	6	1	0.17143	0.33333	1	1	2.9505	2.5668			0.31579	0.31579	1	Inf	1	-Inf:Inf	
RBM46,ESR1	1,1	NonProt	value<cut,value<cut	7	6	0.92857	0.19722	0.38194	1	1	-2.4628	0.6029			0.36842	0.31579	1	6.31578947368421	1	0.836:47.694	
LILRB1,ESR1	3,1	NonProt	value>cut,value<cut	6	6	1	0.17143	0.33333	1	1	7.693	0.6029			0.31579	0.31579	1	Inf	1	-Inf:Inf	
TMEM38A,LAMC1	2,3	NonProt	cut<value<cut,value>cut	6	6	1	0.18175	0.37361	1	1	2.7524	3.1546	1.81196		0.31579	0.31579	1	Inf	1	-Inf:Inf	
X00000053274,CBS	1,2	NonProt	value<cut,cut<value<cut	6	6	1	0.17143	0.34314	1	1	-0.3374	-1.861	-0.10475		0.31579	0.31579	1	Inf	1	-Inf:Inf	
X00000053274,RBM46	1,1	NonProt	value<cut,value<cut	6	6	1	0.17143	0.33824	1	1	-0.40008	-2.43945			0.31579	0.31579	1	Inf	1	-Inf:Inf	
F2RL3,ZNF576	1,2	Prot	value<cut,cut<value<cut	6	6	1	0.18571	0.38235	1	1	-3.3308	3.741	3.9385		0.3	0.3	1	Inf	1	-Inf:Inf	
CBS,USP31	3,1	Prot	value>cut,value<cut	6	6	1	0.17143	0.35294	1	1	-0.0623	0.1535			0.3	0.3	1	Inf	1	-Inf:Inf	
TARM1,USP31	1,1	Prot	value<cut,value<cut	7	7	1	0.19512	0.38461	1	1	1.36113	0.13487			0.35	0.35	1	Inf	1	-Inf:Inf	
X00000053274,TARM1	2,1	Prot	cut<value<cut,value<cut	6	6	1	0.17143	0.34056	1	1	-0.35813	1.46247	1.369		0.3	0.3	1	Inf	1	-Inf:Inf	
LILRB1,A1BG	1,3	Prot	value<cut,value>cut	7	7	1	0.18857	0.36364	1	1	7.3051	-1.4146			0.35	0.35	1	Inf	1	-Inf:Inf	
STARD8,TMX2	1,3	Prot	value<cut,value>cut	6	6	1	0.18003	0.35517	1	1	0.64115	3.23708			0.3	0.3	1	Inf	1	-Inf:Inf	
USP31,X00000059995	1,2	Prot	value<cut,cut<value<cut	6	6	1	0.17143	0.35294	1	1	0.1535	-0.4414	0.7204		0.3	0.3	1	Inf	1	-Inf:Inf	
X00000053012,ZNF576	3,3	Prot	value>cut,value>cut	7	7	1	0.19302	0.37845	1	1	2.86688	3.9424			0.35	0.35	1	Inf	1	-Inf:Inf	
X00000064715,TARM1	3,1	Prot	value>cut,value<cut	6	6	1	0.17857	0.35191	1	1	1.95792	1.37538			0.3	0.3	1	Inf	1	-Inf:Inf	
FABP5,LOC702786	3,2	NonProt	value>cut,cut<value<cut	6	6	1	0.17738	0.36806	1	1	2.5016	-5.02065	-1.90228		0.31579	0.31579	1	Inf	1	-Inf:Inf	
LOC709056,LILRB1	1,3	NonProt	value<cut,value>cut	6	6	1	0.1791	0.37459	1	1	-0.427	7.699			0.31579	0.31579	1	Inf	1	-Inf:Inf	
LOC719667,LILRB1	3,3	NonProt	value>cut,value>cut	6	6	0.92857	0.18294	0.35417	1	1	4.99425	7.702			0.31579	0.31579	1	Inf	1	-Inf:Inf	
LOC719667,X00000053012	3,1	NonProt	value>cut,value<cut	6	6	1	0.18016	0.36533	1	1	4.98208	2.5819			0.31579	0.31579	1	Inf	1	-Inf:Inf	
CFAP70,LOC702786	3,2	NonProt	value>cut,cut<value<cut	6	6	1	0.17143	0.33333	1	1	2.3348	-5.0141	-2.3455		0.31579	0.31579	1	Inf	1	-Inf:Inf	
VSTM1,LILRB1	3,3	NonProt	value>cut,value>cut	6	6	1	0.17718	0.36428	1	1	5.17313	7.72262			0.31579	0.31579	1	Inf	1	-Inf:Inf	
F2RL3,LILRB1	2,3	NonProt	cut<value<cut,value>cut	6	6	1	0.17143	0.33333	1	1	-3.3308	-1.5483	7.693		0.31579	0.31579	1	Inf	1	-Inf:Inf	
LILRB1,X00000060253	3,1	NonProt	value>cut,value<cut	6	6	1	0.17143	0.35417	1	1	7.71975	1.1708			0.31579	0.31579	1	Inf	1	-Inf:Inf	
TARM1,HCN2	3,3	NonProt	value>cut,value>cut	7	6	0.95238	0.18862	0.37337	1	1	1.94633	-2.152			0.36842	0.31579	1	6.31578947368421	1	0.836:47.694	
X00000037843,TARM1	3,3	NonProt	value>cut,value>cut	6	6	1	0.17143	0.33333	1	1	2.7269	1.9697			0.31579	0.31579	1	Inf	1	-Inf:Inf	
F2RL3,HCN2	3,3	NonProt	value>cut,value>cut	6	6	1	0.18294	0.38542	1	1	-1.7784	-2.20795			0.31579	0.31579	1	Inf	1	-Inf:Inf	
DLK1,HCN2	3,3	NonProt	value>cut,value>cut	6	6	1	0.17714	0.34902	1	1	0.06186	-2.14006			0.31579	0.31579	1	Inf	1	-Inf:Inf	
CBS,KRTAP29.1	2,2	NonProt	cut<value<cut,cut<value<cut	6	6	1	0.17143	0.33333	1	1	-1.861	-0.0623	-5.0055	-4.338	0.31579	0.31579	1	Inf	1	-Inf:Inf	
ESR1,USP31	1,3	NonProt	value<cut,value>cut	6	6	1	0.17143	0.33333	1	1	0.6029	0.7293			0.31579	0.31579	1	Inf	1	-Inf:Inf	
KIR3DL0,A1BG	2,3	Prot	cut<value<cut,value>cut	6	6	1	0.17143	0.35294	1	1	2.9505	3.7	-1.3534		0.3	0.3	1	Inf	1	-Inf:Inf	
A1BG,X00000058729	3,3	Prot	value>cut,value>cut	6	6	1	0.17143	0.33437	1	1	-1.4227	-2.436			0.3	0.3	1	Inf	1	-Inf:Inf	
LOC719667,TNNT2	1,1	Prot	value<cut,value<cut	6	6	1	0.17143	0.35294	1	1	4.5205	-2.4322			0.3	0.3	1	Inf	1	-Inf:Inf	
F2RL3,A1BG	1,3	Prot	value<cut,value>cut	6	6	1	0.17143	0.35294	1	1	-3.3308	-1.3534			0.3	0.3	1	Inf	1	-Inf:Inf	
RBM46,DLK1	3,1	Prot	value>cut,value<cut	6	6	1	0.18492	0.36304	1	1	-1.03587	-1.8851			0.3	0.3	1	Inf	1	-Inf:Inf	
VSTM1,THRB	1,1	Prot	value<cut,value<cut	6	6	1	0.18175	0.34819	1	1	4.3583	-4.87122			0.3	0.3	1	Inf	1	-Inf:Inf	
ESR1,MYH15	3,1	Prot	value>cut,value<cut	6	6	1	0.17048	0.331	1	1	1.06664	-2.32256			0.3	0.3	1	Inf	1	-Inf:Inf	
VSTM1,A1BG	1,3	Prot	value<cut,value>cut	8	8	1	0.22857	0.45752	1	1	4.41025	-1.3534			0.4	0.4	1	Inf	1	-Inf:Inf	
KIR3DL0,X00000064715	1,1	NonProt	value<cut,value<cut	6	6	1	0.17143	0.34314	1	1	2.9035	-0.01805			0.31579	0.31579	1	Inf	1	-Inf:Inf	
LOC709056,LTC4S	1,3	NonProt	value<cut,value>cut	6	6	1	0.18492	0.37187	1	1	-0.41483	0.60397			0.31579	0.31579	1	Inf	1	-Inf:Inf	
X00000053012,CTH	1,3	NonProt	value<cut,value>cut	7	7	1	0.19104	0.39297	1	1	2.57273	-0.73246			0.36842	0.36842	1	Inf	1	-Inf:Inf	
X00000059200,ZNF576	1,1	NonProt	value<cut,value<cut	6	6	1	0.17143	0.33333	1	1	-0.4139	3.741			0.31579	0.31579	1	Inf	1	-Inf:Inf	
STARD8,LOC701920	3,1	NonProt	value>cut,value<cut	7	7	1	0.19184	0.38965	1	1	1.46817	5.25521			0.36842	0.36842	1	Inf	1	-Inf:Inf	
STARD8,THRB	3,3	NonProt	value>cut,value>cut	6	6	1	0.18571	0.37575	1	1	1.4746	-3.13505			0.31579	0.31579	1	Inf	1	-Inf:Inf	
KIR3DL0,TARM1	1,3	NonProt	value<cut,value>cut	8	7	0.9375	0.21111	0.41319	1	1	2.9505	1.93465			0.42105	0.36842	1	7.36842105263158	1	0.998:54.391	
KIR3DL0,STARD8	1,3	NonProt	value<cut,value>cut	7	7	1	0.19184	0.38918	1	1	2.79407	1.46817			0.36842	0.36842	1	Inf	1	-Inf:Inf	
STARD8,LOC114669850	3,1	NonProt	value>cut,value<cut	6	6	1	0.18571	0.3773	1	1	1.46804	-0.1587			0.31579	0.31579	1	Inf	1	-Inf:Inf	
TMEM38A,SDK2	3,1	NonProt	value>cut,value<cut	6	6	1	0.17143	0.33333	1	1	3.15	-0.72615			0.31579	0.31579	1	Inf	1	-Inf:Inf	
TMEM38A,A1BG	1,3	Prot	value<cut,value>cut	6	6	1	0.17048	0.33843	1	1	2.7596	-1.43124			0.3	0.3	1	Inf	1	-Inf:Inf	
A1BG,LTC4S	3,1	Prot	value>cut,value<cut	6	6	1	0.16984	0.33529	1	1	-1.45523	-0.46503			0.3	0.3	1	Inf	1	-Inf:Inf	
LOC701920,A1BG	3,3	Prot	value>cut,value>cut	6	6	1	0.17064	0.33466	1	1	5.524	-1.43665			0.3	0.3	1	Inf	1	-Inf:Inf	
KIR3DL0,LAMC1	2,2	Prot	cut<value<cut,cut<value<cut	6	6	1	0.17143	0.35294	1	1	2.9505	3.7	0.903	1.8291	0.3	0.3	1	Inf	1	-Inf:Inf	
X00000037843,CBS	1,3	Prot	value<cut,value>cut	6	6	1	0.17143	0.35294	1	1	2.4673	-0.0623			0.3	0.3	1	Inf	1	-Inf:Inf	
CBS,ZNF576	3,2	Prot	value>cut,cut<value<cut	6	6	1	0.16984	0.32291	1	1	0.03303	3.741	3.9385		0.3	0.3	1	Inf	1	-Inf:Inf	
CFAP70,A1BG	3,1	NonProt	value>cut,value<cut	6	6	1	0.16905	0.35417	1	1	2.25975	-2.00925			0.31579	0.31579	1	Inf	1	-Inf:Inf	
X00000053274,X00000059200	1,1	NonProt	value<cut,value<cut	6	6	1	0.17937	0.36574	1	1	-0.45233	-0.4353			0.31579	0.31579	1	Inf	1	-Inf:Inf	
KIR3DL0,HCN2	1,3	NonProt	value<cut,value>cut	7	7	0.95238	0.20767	0.41149	1	1	2.91917	-2.152			0.36842	0.36842	1	Inf	1	-Inf:Inf	
VSTM1,CBS	1,3	Prot	value<cut,value>cut	6	6	1	0.17143	0.35294	1	1	4.474	-0.0623			0.3	0.3	1	Inf	1	-Inf:Inf	
X00000037843,X00000059200	1,3	Prot	value<cut,value>cut	6	6	1	0.17048	0.32708	1	1	2.46836	2.82986			0.3	0.3	1	Inf	1	-Inf:Inf	
FABP5,X00000037843	2,1	Prot	cut<value<cut,value<cut	6	6	1	0.17064	0.33173	1	1	1.99295	2.45695	2.47008		0.3	0.3	1	Inf	1	-Inf:Inf	
RBM46,USP31	3,1	Prot	value>cut,value<cut	6	6	1	0.17857	0.36274	1	1	-1.02085	0.12612			0.3	0.3	1	Inf	1	-Inf:Inf	
USP31,X00000058427	1,1	Prot	value<cut,value<cut	6	6	1	0.17143	0.35294	1	1	0.1535	1.211			0.3	0.3	1	Inf	1	-Inf:Inf	
TNNT2,X00000058427	1,1	Prot	value<cut,value<cut	6	6	1	0.17143	0.35294	1	1	-2.4322	1.211			0.3	0.3	1	Inf	1	-Inf:Inf	
X00000064313,C5H4orf45	3,1	Prot	value>cut,value<cut	6	6	1	0.17143	0.35294	1	1	-0.96	0.5411			0.3	0.3	1	Inf	1	-Inf:Inf	
X00000037843,LOC719667	3,3	NonProt	value>cut,value>cut	6	6	1	0.17143	0.33333	1	1	2.7269	5.033			0.31579	0.31579	1	Inf	1	-Inf:Inf	
TARM1,LILRB1	3,3	NonProt	value>cut,value>cut	6	6	1	0.16905	0.35417	1	1	1.93465	7.702			0.31579	0.31579	1	Inf	1	-Inf:Inf	
LOC719667,CFAP70	3,3	NonProt	value>cut,value>cut	6	6	1	0.17143	0.33987	1	1	5.003	2.34737			0.31579	0.31579	1	Inf	1	-Inf:Inf	
VSTM1,LTC4S	3,3	NonProt	value>cut,value>cut	7	7	1	0.2	0.38889	1	1	5.2235	0.5971			0.36842	0.36842	1	Inf	1	-Inf:Inf	
LOC719667,X00000056965	3,1	NonProt	value>cut,value<cut	6	6	1	0.17024	0.34865	1	1	5.00238	-3.4486			0.31579	0.31579	1	Inf	1	-Inf:Inf	
LOC719667,VSTM1	3,3	NonProt	value>cut,value>cut	6	6	1	0.17048	0.35392	1	1	4.9905	5.2033			0.31579	0.31579	1	Inf	1	-Inf:Inf	
X00000037843,LAMC1	3,3	NonProt	value>cut,value>cut	6	6	1	0.16905	0.35417	1	1	2.7269	1.78625			0.31579	0.31579	1	Inf	1	-Inf:Inf	
X00000037843,X00000059995	3,1	NonProt	value>cut,value<cut	6	6	1	0.17143	0.33333	1	1	2.7269	-0.4414			0.31579	0.31579	1	Inf	1	-Inf:Inf	
LOC709056,A1BG	1,2	NonProt	value<cut,cut<value<cut	6	6	1	0.17064	0.34681	1	1	-0.41093	-1.99475	-1.4275		0.31579	0.31579	1	Inf	1	-Inf:Inf	
FABP5,TMX2	3,1	NonProt	value>cut,value<cut	6	6	1	0.17143	0.34167	1	1	2.46534	2.8516			0.31579	0.31579	1	Inf	1	-Inf:Inf	
LOC701920,ESR1	1,1	NonProt	value<cut,value<cut	6	6	1	0.17143	0.35	1	1	5.2571	0.56184			0.31579	0.31579	1	Inf	1	-Inf:Inf	
X00000037843,STARD8	3,3	NonProt	value>cut,value>cut	7	7	1	0.19048	0.38984	1	1	2.9142	1.4746			0.36842	0.36842	1	Inf	1	-Inf:Inf	
X00000059200,TMX2	1,1	NonProt	value<cut,value<cut	6	6	1	0.17143	0.35417	1	1	-0.4139	2.857			0.31579	0.31579	1	Inf	1	-Inf:Inf	
X00000037843,LILRB1	3,3	NonProt	value>cut,value>cut	7	6	0.92857	0.19722	0.38194	1	1	2.7269	7.702			0.36842	0.31579	1	6.31578947368421	1	0.836:47.694	
X00000059200,LAMC1	1,3	NonProt	value<cut,value>cut	6	6	1	0.17857	0.37296	1	1	-0.41565	1.76985			0.31579	0.31579	1	Inf	1	-Inf:Inf	
X00000053274,X00000059995	1,1	NonProt	value<cut,value<cut	6	6	1	0.16984	0.34722	1	1	-0.45233	-0.42903			0.31579	0.31579	1	Inf	1	-Inf:Inf	
USP31,X00000064369	1,3	Prot	value<cut,value>cut	7	7	1	0.18746	0.36388	1	1	0.08538	3.30648			0.35	0.35	1	Inf	1	-Inf:Inf	
TARM1,A1BG	1,3	Prot	value<cut,value>cut	6	6	1	0.17143	0.34314	1	1	1.38175	-1.3534			0.3	0.3	1	Inf	1	-Inf:Inf	
X00000037843,TMX2	1,2	Prot	value<cut,cut<value<cut	6	6	1	0.17143	0.33333	1	1	2.4673	2.857	3.24		0.3	0.3	1	Inf	1	-Inf:Inf	
X00000064715,X00000059995	3,3	Prot	value>cut,value>cut	6	6	1	0.17143	0.33333	1	1	1.9788	0.6267			0.3	0.3	1	Inf	1	-Inf:Inf	
TMX2,THRB	1,3	NonProt	value<cut,value>cut	6	6	1	0.17143	0.35294	1	1	2.857	-3.1655			0.31579	0.31579	1	Inf	1	-Inf:Inf	
LOC702786,C5H4orf45	2,3	NonProt	cut<value<cut,value>cut	6	6	1	0.17143	0.35294	1	1	-4.9522	-0.9418	1.5752		0.31579	0.31579	1	Inf	1	-Inf:Inf	
FABP5,TNNT2	1,1	Prot	value<cut,value<cut	7	7	1	0.2	0.38889	1	1	1.991	-2.361			0.35	0.35	1	Inf	1	-Inf:Inf	
FABP5,X00000053012	1,3	Prot	value<cut,value>cut	6	6	1	0.18003	0.35279	1	1	1.99315	2.86568			0.3	0.3	1	Inf	1	-Inf:Inf	
FABP5,C5H4orf45	1,1	Prot	value<cut,value<cut	6	6	1	0.16905	0.31667	1	1	1.99485	0.1148			0.3	0.3	1	Inf	1	-Inf:Inf	
FABP5,CFAP70	1,2	Prot	value<cut,cut<value<cut	6	6	1	0.16984	0.31637	1	1	1.99187	0.1011	2.23473		0.3	0.3	1	Inf	1	-Inf:Inf	
TNNT2,X00000064369	1,3	Prot	value<cut,value>cut	6	6	1	0.17143	0.33333	1	1	-2.3553	3.29885			0.3	0.3	1	Inf	1	-Inf:Inf	
DLK1,LTC4S	1,1	Prot	value<cut,value<cut	6	6	1	0.17143	0.33333	1	1	-1.9567	-0.2908			0.3	0.3	1	Inf	1	-Inf:Inf	
SDK2,X00000059995	3,3	Prot	value>cut,value>cut	6	6	1	0.16905	0.31667	1	1	0.74735	0.6383			0.3	0.3	1	Inf	1	-Inf:Inf	
X00000053274,LOC715623	1,1	NonProt	value<cut,value<cut	6	6	1	0.16905	0.36397	1	1	-0.32145	-1.80225			0.31579	0.31579	1	Inf	1	-Inf:Inf	
ZNF576,X00000056965	1,1	NonProt	value<cut,value<cut	6	6	1	0.16984	0.36765	1	1	3.741	-3.42927			0.31579	0.31579	1	Inf	1	-Inf:Inf	
TMX2,CFAP70	1,3	NonProt	value<cut,value>cut	6	6	1	0.17143	0.34314	1	1	2.857	2.173			0.31579	0.31579	1	Inf	1	-Inf:Inf	
X00000064313,KRTAP29.1	1,2	NonProt	value<cut,cut<value<cut	6	6	1	0.17143	0.36397	1	1	-2.6169	-5.01225	-1.204		0.31579	0.31579	1	Inf	1	-Inf:Inf	
LILRB1,LOC702786	3,2	NonProt	value>cut,cut<value<cut	6	6	1	0.17143	0.36397	1	1	7.73062	-4.95335	-0.63298		0.31579	0.31579	1	Inf	1	-Inf:Inf	
FABP5,ZNF576	3,1	NonProt	value>cut,value<cut	6	6	1	0.18016	0.37071	1	1	2.46235	3.74567			0.31579	0.31579	1	Inf	1	-Inf:Inf	
X00000053012,TRIM16	1,1	NonProt	value<cut,value<cut	6	6	1	0.17143	0.35294	1	1	2.6072	-1.628			0.31579	0.31579	1	Inf	1	-Inf:Inf	
LOC702786,CTH	2,3	NonProt	cut<value<cut,value>cut	6	6	1	0.18571	0.37255	1	1	-4.98755	-1.64365	-0.6032		0.31579	0.31579	1	Inf	1	-Inf:Inf	
LOC715623,X00000064369	1,1	NonProt	value<cut,value<cut	6	6	1	0.16905	0.36397	1	1	-1.80225	2.57635			0.31579	0.31579	1	Inf	1	-Inf:Inf	
FABP5,LAMC1	3,3	NonProt	value>cut,value>cut	6	6	1	0.17526	0.36091	1	1	2.44657	1.79333			0.31579	0.31579	1	Inf	1	-Inf:Inf	
X00000060253,LAMC1	3,1	Prot	value>cut,value<cut	6	6	1	0.17143	0.33333	1	1	2.0932	0.9754			0.3	0.3	1	Inf	1	-Inf:Inf	
VSTM1,F2RL3	1,1	Prot	value<cut,value<cut	6	6	1	0.18571	0.3609	1	1	4.32938	-3.62197			0.3	0.3	1	Inf	1	-Inf:Inf	
FABP5,LTC4S	1,1	Prot	value<cut,value<cut	7	7	1	0.2	0.38889	1	1	1.991	-0.2908			0.35	0.35	1	Inf	1	-Inf:Inf	
VSTM1,ZNF576	1,3	Prot	value<cut,value>cut	6	6	1	0.17143	0.33402	1	1	4.3465	3.945			0.3	0.3	1	Inf	1	-Inf:Inf	
VSTM1,LOC702786	1,3	Prot	value<cut,value>cut	6	6	1	0.16905	0.31667	1	1	4.31225	-0.9418			0.3	0.3	1	Inf	1	-Inf:Inf	
VSTM1,KRTAP29.1	1,3	Prot	value<cut,value>cut	6	6	1	0.17143	0.33333	1	1	4.3465	-1.3285			0.3	0.3	1	Inf	1	-Inf:Inf	
VSTM1,TNNT2	1,1	Prot	value<cut,value<cut	6	6	1	0.17143	0.33385	1	1	4.32938	-2.41023			0.3	0.3	1	Inf	1	-Inf:Inf	
VSTM1,RBM46	1,3	Prot	value<cut,value>cut	6	6	1	0.17064	0.33139	1	1	4.32367	-1.03192			0.3	0.3	1	Inf	1	-Inf:Inf	
TNNT2,LOC709056	1,2	Prot	value<cut,cut<value<cut	7	7	1	0.19048	0.37008	1	1	-2.4029	-0.36277	0.79077		0.35	0.35	1	Inf	1	-Inf:Inf	
THRB,LAMC1	1,1	Prot	value<cut,value<cut	6	6	1	0.17143	0.33333	1	1	-4.8763	0.9754			0.3	0.3	1	Inf	1	-Inf:Inf	
LOC719667,USP31	2,1	Prot	cut<value<cut,value<cut	6	6	1	0.17143	0.34641	1	1	4.04733	4.987	0.117		0.3	0.3	1	Inf	1	-Inf:Inf	
X00000053274,LOC709056	3,2	Prot	value>cut,cut<value<cut	6	6	1	0.18095	0.35873	1	1	1.53008	-0.41093	0.73673		0.3	0.3	1	Inf	1	-Inf:Inf	
X00000053274,HEY1	3,1	Prot	value>cut,value<cut	6	6	1	0.17143	0.32456	1	1	1.66145	-2.0395			0.3	0.3	1	Inf	1	-Inf:Inf	
STARD8,SDK2	1,3	Prot	value<cut,value>cut	6	6	1	0.17143	0.33333	1	1	0.6779	0.7789			0.3	0.3	1	Inf	1	-Inf:Inf	
TNNT2,RBM46	1,3	Prot	value<cut,value>cut	6	6	1	0.17143	0.34314	1	1	-2.3966	-0.9358			0.3	0.3	1	Inf	1	-Inf:Inf	
USP31,LAMC1	1,2	Prot	value<cut,cut<value<cut	6	6	1	0.17143	0.32164	1	1	0.0609	0.94073	1.83707		0.3	0.3	1	Inf	1	-Inf:Inf	
ESR1,USP31	3,1	Prot	value>cut,value<cut	6	6	1	0.16984	0.31637	1	1	1.04957	0.0609			0.3	0.3	1	Inf	1	-Inf:Inf	
F2RL3,DLK1	3,3	NonProt	value>cut,value>cut	6	6	1	0.17143	0.34641	1	1	-1.67753	0.0257			0.31579	0.31579	1	Inf	1	-Inf:Inf	
DLK1,LOC702786	3,2	NonProt	value>cut,cut<value<cut	6	6	1	0.17143	0.35294	1	1	-0.1551	-4.9522	-0.9418		0.31579	0.31579	1	Inf	1	-Inf:Inf	
X00000064715,LOC702786	2,2	NonProt	cut<value<cut,cut<value<cut	6	6	1	0.17857	0.35703	1	1	0.0895	1.93218	-4.94438	-0.72527	0.31579	0.31579	1	Inf	1	-Inf:Inf	
X00000053012,LTC4S	3,1	Prot	value>cut,value<cut	6	6	1	0.17143	0.33875	1	1	2.87615	-0.40035			0.3	0.3	1	Inf	1	-Inf:Inf	
TNNT2,X00000053012	1,3	Prot	value<cut,value>cut	6	6	1	0.17143	0.33333	1	1	-2.361	2.8896			0.3	0.3	1	Inf	1	-Inf:Inf	
X00000053274,USP31	3,1	Prot	value>cut,value<cut	6	6	1	0.17143	0.33987	1	1	1.5977	0.18393			0.3	0.3	1	Inf	1	-Inf:Inf	
ESR1,X00000060253	1,1	NonProt	value<cut,value<cut	6	6	1	0.17143	0.35294	1	1	0.5914	1.1219			0.31579	0.31579	1	Inf	1	-Inf:Inf	
SMIM2,HCN2	3,3	NonProt	value>cut,value>cut	6	6	1	0.17143	0.35294	1	1	0.9118	-2.0401			0.31579	0.31579	1	Inf	1	-Inf:Inf	
LAMC1,HEY1	1,1	Prot	value<cut,value<cut	6	6	1	0.17143	0.33333	1	1	0.9754	-2.02			0.3	0.3	1	Inf	1	-Inf:Inf	
VSTM1,LTC4S	1,1	Prot	value<cut,value<cut	8	8	1	0.21359	0.41649	1	1	4.37562	-0.44744			0.4	0.4	1	Inf	1	-Inf:Inf	
LOC709056,TRIM16	1,1	NonProt	value<cut,value<cut	6	6	1	0.17143	0.34314	1	1	-0.3788	-1.67025			0.31579	0.31579	1	Inf	1	-Inf:Inf	
TARM1,DLK1	3,3	NonProt	value>cut,value>cut	7	7	1	0.19512	0.40733	1	1	2.00887	-0.03056			0.36842	0.36842	1	Inf	1	-Inf:Inf	
DLK1,KRTAP29.1	3,2	NonProt	value>cut,cut<value<cut	6	6	1	0.17143	0.35294	1	1	-0.1551	-4.997	-1.3285		0.31579	0.31579	1	Inf	1	-Inf:Inf	
TARM1,CTH	3,3	NonProt	value>cut,value>cut	6	6	1	0.1791	0.37459	1	1	1.96913	-0.83213			0.31579	0.31579	1	Inf	1	-Inf:Inf	
X00000053012,X00000059995	1,1	NonProt	value<cut,value<cut	6	6	1	0.18095	0.37459	1	1	2.5659	-0.43217			0.31579	0.31579	1	Inf	1	-Inf:Inf	
LILRB1,KRTAP29.1	3,2	NonProt	value>cut,cut<value<cut	6	6	1	0.17075	0.35679	1	1	7.74579	-4.98607	-0.2805		0.31579	0.31579	1	Inf	1	-Inf:Inf	
KRTAP29.1,SMIM2	2,3	NonProt	cut<value<cut,value>cut	6	6	1	0.17143	0.35294	1	1	-4.997	-1.3285	0.9118		0.31579	0.31579	1	Inf	1	-Inf:Inf	
KRTAP29.1,TRIM16	2,1	NonProt	cut<value<cut,value<cut	7	7	1	0.2	0.41176	1	1	-4.997	-1.3285	-1.628		0.36842	0.36842	1	Inf	1	-Inf:Inf	
LOC709056,TMX2	1,1	NonProt	value<cut,value<cut	6	6	1	0.18452	0.38215	1	1	-0.42115	2.8775			0.31579	0.31579	1	Inf	1	-Inf:Inf	
LOC709056,SMIM2	1,3	NonProt	value<cut,value>cut	6	6	1	0.16905	0.36397	1	1	-0.4153	0.9118			0.31579	0.31579	1	Inf	1	-Inf:Inf	
FABP5,DLK1	1,1	Prot	value<cut,value<cut	6	6	1	0.17143	0.33987	1	1	1.99187	-1.884			0.3	0.3	1	Inf	1	-Inf:Inf	
THRB,HCN2	1,2	Prot	value<cut,cut<value<cut	6	6	1	0.17143	0.33333	1	1	-4.8763	-3.1067	-2.0401		0.3	0.3	1	Inf	1	-Inf:Inf	
X00000053012,X00000059995	2,3	Prot	cut<value<cut,value>cut	6	6	1	0.17143	0.33333	1	1	2.6072	2.8896	0.6267		0.3	0.3	1	Inf	1	-Inf:Inf	
X00000059200,X00000064369	1,1	NonProt	value<cut,value<cut	6	6	1	0.17024	0.35907	1	1	-0.4184	2.59397			0.31579	0.31579	1	Inf	1	-Inf:Inf	
LOC702786,SMIM2	2,3	NonProt	cut<value<cut,value>cut	6	6	1	0.17143	0.35294	1	1	-4.9522	-0.9418	0.9118		0.31579	0.31579	1	Inf	1	-Inf:Inf	
FABP5,SDK2	3,2	NonProt	value>cut,cut<value<cut	6	6	1	0.17143	0.35376	1	1	2.47813	-0.96123	0.61047		0.31579	0.31579	1	Inf	1	-Inf:Inf	
TMX2,LOC701920	1,1	NonProt	value<cut,value<cut	6	6	1	0.18571	0.37091	1	1	2.85025	5.27			0.31579	0.31579	1	Inf	1	-Inf:Inf	
X00000064715,USP31	3,1	Prot	value>cut,value<cut	7	7	1	0.19512	0.37604	1	1	1.96729	0.08607			0.35	0.35	1	Inf	1	-Inf:Inf	
X00000037843,HCN2	1,2	Prot	value<cut,cut<value<cut	6	6	1	0.16984	0.31637	1	1	2.46407	-3.0387	-2.1321		0.3	0.3	1	Inf	1	-Inf:Inf	
THRB,X00000058729	1,3	Prot	value<cut,value>cut	6	6	1	0.17143	0.31579	1	1	-4.8418	-2.5992			0.3	0.3	1	Inf	1	-Inf:Inf	
KIR3DL0,X00000058729	2,3	Prot	cut<value<cut,value>cut	7	7	1	0.2	0.36842	1	1	2.778	3.634	-2.5992		0.35	0.35	1	Inf	1	-Inf:Inf	
LOC715623,SDK2	3,3	Prot	value>cut,value>cut	6	6	1	0.17143	0.31579	1	1	-0.5711	0.4804			0.3	0.3	1	Inf	1	-Inf:Inf	
F2RL3,THRB	3,3	NonProt	value>cut,value>cut	6	6	1	0.16905	0.375	1	1	-1.9713	-3.20485			0.31579	0.31579	1	Inf	1	-Inf:Inf	
F2RL3,SMIM2	3,2	NonProt	value>cut,cut<value<cut	6	6	1	0.17143	0.375	1	1	-1.9341	-0.2444	1.101		0.31579	0.31579	1	Inf	1	-Inf:Inf	
CBS,X00000053012	3,2	Prot	value>cut,cut<value<cut	6	6	1	0.17143	0.31579	1	1	0.0807	2.5668	2.8597		0.3	0.3	1	Inf	1	-Inf:Inf	
LOC701920,MYH15	2,1	Prot	cut<value<cut,value<cut	6	6	1	0.18571	0.3421	1	1	5.2505	5.5265	-2.3565		0.3	0.3	1	Inf	1	-Inf:Inf	
X00000053012,ZNF576	2,2	Prot	cut<value<cut,cut<value<cut	7	7	1	0.20767	0.39427	1	1	2.5659	2.8597	3.741	3.9385	0.35	0.35	1	Inf	1	-Inf:Inf	
LOC719667,F2RL3	1,1	Prot	value<cut,value<cut	6	6	1	0.17143	0.31579	1	1	4.10025	-3.86505			0.3	0.3	1	Inf	1	-Inf:Inf	
LAMC1,X00000056965	2,2	Prot	cut<value<cut,cut<value<cut	7	7	1	0.2	0.36842	1	1	0.9234	1.8291	-3.4706	-1.9257	0.35	0.35	1	Inf	1	-Inf:Inf	
LOC709056,C5H4orf45	2,1	Prot	cut<value<cut,value<cut	6	6	1	0.17143	0.33437	1	1	-0.3905	0.74765	0.1759		0.3	0.3	1	Inf	1	-Inf:Inf	
KRTAP29.1,C5H4orf45	3,1	Prot	value>cut,value<cut	6	6	1	0.17143	0.31579	1	1	1.954	0.1759			0.3	0.3	1	Inf	1	-Inf:Inf	
C5H4orf45,SDK2	1,3	Prot	value<cut,value>cut	7	7	1	0.2	0.36842	1	1	0.1759	0.4804			0.35	0.35	1	Inf	1	-Inf:Inf	
X00000053012,SDK2	3,3	Prot	value>cut,value>cut	6	6	1	0.17143	0.31579	1	1	2.8597	0.4804			0.3	0.3	1	Inf	1	-Inf:Inf	
X00000064369,ZNF576	1,1	NonProt	value<cut,value<cut	6	6	1	0.16984	0.375	1	1	2.5624	3.741			0.31579	0.31579	1	Inf	1	-Inf:Inf	
X00000053274,SDK2	2,3	Prot	cut<value<cut,value>cut	6	6	1	0.17143	0.31579	1	1	-0.2752	1.7252	0.4804		0.3	0.3	1	Inf	1	-Inf:Inf	
SMIM2,X00000059995	1,2	Prot	value<cut,cut<value<cut	6	6	1	0.17143	0.33437	1	1	-0.26205	-0.40175	0.6956		0.3	0.3	1	Inf	1	-Inf:Inf	
TMX2,ESR1	2,3	Prot	cut<value<cut,value>cut	6	6	1	0.17143	0.31579	1	1	2.857	3.24	1.0667		0.3	0.3	1	Inf	1	-Inf:Inf	
STARD8,TMX2	2,2	Prot	cut<value<cut,cut<value<cut	6	6	1	0.18571	0.36068	1	1	0.6776	1.48085	2.85025	3.22825	0.3	0.3	1	Inf	1	-Inf:Inf	
DLK1,ZNF576	2,2	Prot	cut<value<cut,cut<value<cut	7	7	1	0.19889	0.3895	1	1	-1.85644	-0.0195	3.7466	3.9411	0.35	0.35	1	Inf	1	-Inf:Inf	
TMX2,X00000059995	2,2	Prot	cut<value<cut,cut<value<cut	6	6	1	0.17143	0.32456	1	1	2.8775	3.2415	-0.3992	0.6956	0.3	0.3	1	Inf	1	-Inf:Inf	
LTC4S,ZNF576	1,2	Prot	value<cut,cut<value<cut	6	6	1	0.17143	0.33437	1	1	-0.4734	3.741	3.9385		0.3	0.3	1	Inf	1	-Inf:Inf	
TARM1,TRIM16	1,3	Prot	value<cut,value>cut	6	6	1	0.17143	0.31579	1	1	1.369	-0.9464			0.3	0.3	1	Inf	1	-Inf:Inf	
A1BG,ZNF576	3,2	Prot	value>cut,cut<value<cut	6	6	1	0.17143	0.31579	1	1	-1.492	3.741	3.9385		0.3	0.3	1	Inf	1	-Inf:Inf	
LOC719667,X00000059995	2,2	Prot	cut<value<cut,cut<value<cut	6	6	1	0.17143	0.31579	1	1	4.2055	4.964	-0.3992	0.6708	0.3	0.3	1	Inf	1	-Inf:Inf	
RBM46,X00000064369	3,3	Prot	value>cut,value>cut	6	6	1	0.17143	0.31579	1	1	-1.1459	3.369			0.3	0.3	1	Inf	1	-Inf:Inf	
C5H4orf45,SMIM2	1,1	Prot	value<cut,value<cut	7	7	1	0.2	0.36842	1	1	0.1759	-0.2444			0.35	0.35	1	Inf	1	-Inf:Inf	
VSTM1,X00000058729	1,3	Prot	value<cut,value>cut	6	6	1	0.17143	0.31579	1	1	4.474	-2.5992			0.3	0.3	1	Inf	1	-Inf:Inf	
VSTM1,C5H4orf45	1,1	Prot	value<cut,value<cut	7	7	1	0.2	0.36842	1	1	4.474	0.1759			0.35	0.35	1	Inf	1	-Inf:Inf	
SMIM2,X00000058729	1,3	Prot	value<cut,value>cut	6	6	1	0.17143	0.31579	1	1	-0.2444	-2.5992			0.3	0.3	1	Inf	1	-Inf:Inf	
STARD8,X00000058729	2,3	Prot	cut<value<cut,value>cut	6	6	1	0.17143	0.31579	1	1	0.6394	1.4671	-2.5992		0.3	0.3	1	Inf	1	-Inf:Inf	
X00000058729,X00000058427	3,1	Prot	value>cut,value<cut	6	6	1	0.17143	0.31579	1	1	-2.436	1.2264			0.3	0.3	1	Inf	1	-Inf:Inf	
LOC715623,X00000058729	3,3	Prot	value>cut,value>cut	7	7	1	0.2	0.36842	1	1	-0.5711	-2.5992			0.35	0.35	1	Inf	1	-Inf:Inf	
LOC715623,C5H4orf45	3,1	Prot	value>cut,value<cut	6	6	1	0.17143	0.33402	1	1	-0.5987	0.2264			0.3	0.3	1	Inf	1	-Inf:Inf	
LOC709056,ESR1	2,3	Prot	cut<value<cut,value>cut	7	7	1	0.19147	0.36506	1	1	-0.427	0.6909	1.06058		0.35	0.35	1	Inf	1	-Inf:Inf	
LOC701920,SDK2	3,3	Prot	value>cut,value>cut	6	6	1	0.17143	0.31579	1	1	5.486	0.4804			0.3	0.3	1	Inf	1	-Inf:Inf	
LOC114669850,SDK2	3,3	Prot	value>cut,value>cut	6	6	1	0.17143	0.31579	1	1	1.5684	0.4804			0.3	0.3	1	Inf	1	-Inf:Inf	
LOC701920,LOC715623	3,3	Prot	value>cut,value>cut	6	6	1	0.17143	0.31579	1	1	5.486	-0.5711			0.3	0.3	1	Inf	1	-Inf:Inf	
X00000053012,HCN2	3,1	Prot	value>cut,value<cut	6	6	1	0.1754	0.34154	1	1	2.86568	-2.93347			0.3	0.3	1	Inf	1	-Inf:Inf	
LOC702786,MYH15	3,1	Prot	value>cut,value<cut	6	6	1	0.17937	0.32807	1	1	-0.90833	-2.37037			0.3	0.3	1	Inf	1	-Inf:Inf	
KRTAP29.1,X00000058729	3,3	Prot	value>cut,value>cut	6	6	1	0.17143	0.31579	1	1	1.954	-2.5992			0.3	0.3	1	Inf	1	-Inf:Inf	
RBM46,SMIM2	3,1	Prot	value>cut,value<cut	7	7	1	0.2	0.36842	1	1	-1.1459	-0.2444			0.35	0.35	1	Inf	1	-Inf:Inf	
X00000053274,X00000058729	2,3	Prot	cut<value<cut,value>cut	6	6	1	0.17143	0.31579	1	1	-0.2752	1.7252	-2.5992		0.3	0.3	1	Inf	1	-Inf:Inf	
X00000037843,DLK1	3,3	NonProt	value>cut,value>cut	6	6	1	0.17143	0.375	1	1	2.999	-0.1047			0.31579	0.31579	1	Inf	1	-Inf:Inf	
LILRB1,DLK1	3,3	NonProt	value>cut,value>cut	6	6	1	0.17143	0.36397	1	1	7.702	-0.0072			0.31579	0.31579	1	Inf	1	-Inf:Inf	
X00000037843,F2RL3	3,3	NonProt	value>cut,value>cut	6	6	1	0.16984	0.375	1	1	2.9083	-1.9589			0.31579	0.31579	1	Inf	1	-Inf:Inf	
USP31,X00000056965	1,2	Prot	value<cut,cut<value<cut	6	6	1	0.17937	0.34045	1	1	0.0872	-3.4706	-2.0626		0.3	0.3	1	Inf	1	-Inf:Inf	
TNNT2,DLK1	1,1	Prot	value<cut,value<cut	6	6	1	0.17143	0.32817	1	1	-2.47613	-1.8596			0.3	0.3	1	Inf	1	-Inf:Inf	
STARD8,X00000064369	2,3	Prot	cut<value<cut,value>cut	6	6	1	0.17143	0.31579	1	1	0.6394	1.48085	3.3515		0.3	0.3	1	Inf	1	-Inf:Inf	
X00000064715,X00000056965	3,2	Prot	value>cut,cut<value<cut	6	6	1	0.17143	0.31579	1	1	1.9788	-3.4706	-1.9257		0.3	0.3	1	Inf	1	-Inf:Inf	
TARM1,THRB	3,3	NonProt	value>cut,value>cut	6	6	1	0.16984	0.36111	1	1	2.0335	-3.19173			0.31579	0.31579	1	Inf	1	-Inf:Inf	
SDK2,X00000058427	2,3	NonProt	cut<value<cut,value>cut	6	6	1	0.17143	0.375	1	1	-1.1013	0.4804	1.8342		0.31579	0.31579	1	Inf	1	-Inf:Inf	
FABP5,X00000064715	3,1	NonProt	value>cut,value<cut	6	6	1	0.17143	0.35417	1	1	2.415	-0.0845			0.31579	0.31579	1	Inf	1	-Inf:Inf	
VSTM1,LOC709056	1,2	Prot	value<cut,cut<value<cut	6	6	1	0.17024	0.32552	1	1	4.34412	-0.427	0.6909		0.3	0.3	1	Inf	1	-Inf:Inf	
TARM1,X00000060146	1,2	Prot	value<cut,cut<value<cut	6	6	1	0.17143	0.33437	1	1	1.369	-4.82775	-3.17825		0.3	0.3	1	Inf	1	-Inf:Inf	
X00000064715,CFAP70	3,2	Prot	value>cut,cut<value<cut	7	7	1	0.2	0.36842	1	1	1.9788	0.0876	2.3348		0.35	0.35	1	Inf	1	-Inf:Inf	
VSTM1,X00000064715	1,3	Prot	value<cut,value>cut	6	6	1	0.17143	0.32164	1	1	4.389	2.0494			0.3	0.3	1	Inf	1	-Inf:Inf	
TMX2,F2RL3	3,1	Prot	value>cut,value<cut	6	6	1	0.17064	0.32847	1	1	3.23708	-3.94278			0.3	0.3	1	Inf	1	-Inf:Inf	
VSTM1,LOC114669850	1,3	Prot	value<cut,value>cut	6	6	1	0.17143	0.31579	1	1	4.474	1.5684			0.3	0.3	1	Inf	1	-Inf:Inf	
X00000059200,KIR3DL0	3,2	Prot	value>cut,cut<value<cut	6	6	1	0.16905	0.30789	1	1	2.7488	2.86425	3.634		0.3	0.3	1	Inf	1	-Inf:Inf	
TARM1,SDK2	1,3	Prot	value<cut,value>cut	6	6	1	0.17143	0.31579	1	1	1.369	0.4804			0.3	0.3	1	Inf	1	-Inf:Inf	
LOC709056,SDK2	3,3	Prot	value>cut,value>cut	6	6	1	0.17143	0.31579	1	1	0.6827	0.4804			0.3	0.3	1	Inf	1	-Inf:Inf	
LOC702786,MYH15	2,3	NonProt	cut<value<cut,value>cut	6	6	1	0.17143	0.35417	1	1	-4.95235	-1.0762	-1.5607		0.31579	0.31579	1	Inf	1	-Inf:Inf	
KIR3DL0,SMIM2	1,3	NonProt	value<cut,value>cut	6	6	1	0.17738	0.36806	1	1	2.81612	1.06868			0.31579	0.31579	1	Inf	1	-Inf:Inf	
TMX2,TRIM16	1,2	NonProt	value<cut,cut<value<cut	6	6	1	0.17143	0.375	1	1	2.857	-1.6451	-0.9464		0.31579	0.31579	1	Inf	1	-Inf:Inf	
DLK1,ESR1	3,1	NonProt	value>cut,value<cut	6	6	1	0.17143	0.375	1	1	-0.1047	0.6029			0.31579	0.31579	1	Inf	1	-Inf:Inf	
LOC702786,X00000058729	3,3	Prot	value>cut,value>cut	6	6	1	0.17143	0.31579	1	1	0.1931	-2.5992			0.3	0.3	1	Inf	1	-Inf:Inf	
LOC701920,X00000058729	3,3	Prot	value>cut,value>cut	6	6	1	0.17143	0.31579	1	1	5.486	-2.5992			0.3	0.3	1	Inf	1	-Inf:Inf	
LOC702786,C5H4orf45	3,1	Prot	value>cut,value<cut	6	6	1	0.17143	0.32456	1	1	0.1931	0.25165			0.3	0.3	1	Inf	1	-Inf:Inf	
TNNT2,ZNF576	2,2	Prot	cut<value<cut,cut<value<cut	6	6	1	0.17143	0.31579	1	1	-2.4981	-0.5648	3.741	3.9385	0.3	0.3	1	Inf	1	-Inf:Inf	
LOC709056,X00000058427	2,2	Prot	cut<value<cut,cut<value<cut	6	6	1	0.17143	0.31579	1	1	-0.427	0.6827	1.211	1.8342	0.3	0.3	1	Inf	1	-Inf:Inf	
C5H4orf45,LTC4S	1,1	Prot	value<cut,value<cut	6	6	1	0.17143	0.34056	1	1	0.21843	-0.43687			0.3	0.3	1	Inf	1	-Inf:Inf	
TMX2,X00000058427	1,3	NonProt	value<cut,value>cut	6	6	1	0.17143	0.375	1	1	2.8775	1.8164			0.31579	0.31579	1	Inf	1	-Inf:Inf	
TRIM16,X00000058427	2,3	NonProt	cut<value<cut,value>cut	6	6	1	0.18571	0.38194	1	1	-1.6788	-0.9991	1.8448		0.31579	0.31579	1	Inf	1	-Inf:Inf	
LOC709056,THRB	2,1	Prot	cut<value<cut,value<cut	6	6	1	0.17143	0.31579	1	1	-0.427	0.6827	-4.8418		0.3	0.3	1	Inf	1	-Inf:Inf	
TMX2,CBS	3,3	Prot	value>cut,value>cut	6	6	1	0.17619	0.34211	1	1	3.2416	0.04718			0.3	0.3	1	Inf	1	-Inf:Inf	
THRB,HCN2	3,3	NonProt	value>cut,value>cut	6	6	0.95238	0.1791	0.36111	1	1	-3.13083	-2.1837			0.31579	0.31579	1	Inf	1	-Inf:Inf	
TNNT2,X00000058729	3,2	NonProt	value>cut,cut<value<cut	6	6	1	0.17143	0.375	1	1	-0.5648	-4.7414	-2.5992		0.31579	0.31579	1	Inf	1	-Inf:Inf	
LOC709056,ESR1	1,1	NonProt	value<cut,value<cut	6	6	1	0.17143	0.35417	1	1	-0.3905	0.5665			0.31579	0.31579	1	Inf	1	-Inf:Inf	
KRTAP29.1,X00000058729	2,2	NonProt	cut<value<cut,cut<value<cut	6	6	1	0.17143	0.375	1	1	-4.9485	1.954	-4.7414	-2.5992	0.31579	0.31579	1	Inf	1	-Inf:Inf	
FABP5,X00000058729	3,2	NonProt	value>cut,cut<value<cut	6	6	1	0.17143	0.35417	1	1	2.415	-4.72285	-2.5258		0.31579	0.31579	1	Inf	1	-Inf:Inf	
STARD8,X00000058427	3,3	NonProt	value>cut,value>cut	6	6	1	0.17143	0.35	1	1	1.4761	1.82838			0.31579	0.31579	1	Inf	1	-Inf:Inf	
F2RL3,CTH	3,3	NonProt	value>cut,value>cut	6	6	1	0.1791	0.39583	1	1	-1.9589	-0.8975			0.31579	0.31579	1	Inf	1	-Inf:Inf	
LILRB1,CTH	3,3	NonProt	value>cut,value>cut	6	6	1	0.18294	0.40625	1	1	7.711	-0.916			0.31579	0.31579	1	Inf	1	-Inf:Inf	
X00000059200,MYH15	3,1	Prot	value>cut,value<cut	6	6	1	0.17143	0.33437	1	1	2.74225	-2.3565			0.3	0.3	1	Inf	1	-Inf:Inf	
DLK1,C5H4orf45	1,1	Prot	value<cut,value<cut	6	6	1	0.17143	0.31579	1	1	-1.8118	0.1759			0.3	0.3	1	Inf	1	-Inf:Inf	
X00000053012,C5H4orf45	3,1	Prot	value>cut,value<cut	7	7	1	0.2	0.36842	1	1	2.8597	0.1759			0.35	0.35	1	Inf	1	-Inf:Inf	
FABP5,F2RL3	1,2	Prot	value<cut,cut<value<cut	6	6	1	0.16905	0.30789	1	1	1.9923	-4.2261	-1.9713		0.3	0.3	1	Inf	1	-Inf:Inf	
TMX2,X00000053012	3,2	Prot	value>cut,cut<value<cut	6	6	1	0.18095	0.35157	1	1	3.242	2.5979	2.87413		0.3	0.3	1	Inf	1	-Inf:Inf	
LOC719667,TMX2	1,3	Prot	value<cut,value>cut	6	6	1	0.17143	0.31579	1	1	3.995	3.24			0.3	0.3	1	Inf	1	-Inf:Inf	
F2RL3,MAOA	1,3	Prot	value<cut,value>cut	6	6	1	0.1791	0.33958	1	1	-3.9854	0.67283			0.3	0.3	1	Inf	1	-Inf:Inf	
X00000053274,LOC702786	3,3	Prot	value>cut,value>cut	6	6	1	0.17024	0.33042	1	1	1.57532	-1.26762			0.3	0.3	1	Inf	1	-Inf:Inf	
VSTM1,HCN2	1,1	Prot	value<cut,value<cut	6	6	1	0.17738	0.34512	1	1	4.37287	-2.9141			0.3	0.3	1	Inf	1	-Inf:Inf	
CTH,X00000058427	1,1	Prot	value<cut,value<cut	6	6	1	0.17143	0.31579	1	1	-1.343	1.2418			0.3	0.3	1	Inf	1	-Inf:Inf	
HCN2,X00000056965	1,2	Prot	value<cut,cut<value<cut	7	7	1	0.19722	0.35921	1	1	-3.0047	-3.4706	-2.13105		0.35	0.35	1	Inf	1	-Inf:Inf	
VSTM1,MYH15	1,1	Prot	value<cut,value<cut	6	6	1	0.17143	0.32456	1	1	4.3465	-2.3565			0.3	0.3	1	Inf	1	-Inf:Inf	
MYH15,ZNF576	1,3	Prot	value<cut,value>cut	6	6	1	0.17143	0.33437	1	1	-2.3565	3.945			0.3	0.3	1	Inf	1	-Inf:Inf	
TMEM38A,ZNF576	2,1	NonProt	cut<value<cut,value<cut	6	6	1	0.17143	0.375	1	1	2.765	3.1425	3.741		0.31579	0.31579	1	Inf	1	-Inf:Inf	
DLK1,MAOA	3,2	NonProt	value>cut,cut<value<cut	6	6	1	0.17857	0.36254	1	1	0.0903	0.27105	0.70498		0.31579	0.31579	1	Inf	1	-Inf:Inf	
VSTM1,CFAP70	3,3	NonProt	value>cut,value>cut	6	6	1	0.17143	0.35376	1	1	5.22717	2.34737			0.31579	0.31579	1	Inf	1	-Inf:Inf	
X00000064715,LILRB1	2,3	NonProt	cut<value<cut,value>cut	6	6	1	0.17143	0.35417	1	1	-0.0597	1.95865	7.77		0.31579	0.31579	1	Inf	1	-Inf:Inf	
X00000060146,X00000059995	1,2	Prot	value<cut,cut<value<cut	6	6	1	0.17143	0.31579	1	1	-4.8205	-0.3992	0.6708		0.3	0.3	1	Inf	1	-Inf:Inf	
STARD8,MAOA	2,1	Prot	cut<value<cut,value<cut	6	6	1	0.17143	0.31579	1	1	0.6394	1.4946	0.2298		0.3	0.3	1	Inf	1	-Inf:Inf	
LOC719667,STARD8	2,2	Prot	cut<value<cut,cut<value<cut	6	6	1	0.17143	0.31579	1	1	3.995	4.988	0.6394	1.4946	0.3	0.3	1	Inf	1	-Inf:Inf	
LOC701920,LTC4S	2,1	Prot	cut<value<cut,value<cut	6	6	1	0.17143	0.33437	1	1	5.27	5.567	-0.4734		0.3	0.3	1	Inf	1	-Inf:Inf	
VSTM1,LAMC1	1,1	Prot	value<cut,value<cut	6	6	1	0.16984	0.32291	1	1	4.32367	0.9098			0.3	0.3	1	Inf	1	-Inf:Inf	
X00000037843,F2RL3	1,1	Prot	value<cut,value<cut	6	6	1	0.17143	0.33437	1	1	2.4748	-3.50675			0.3	0.3	1	Inf	1	-Inf:Inf	
STARD8,HEY1	2,1	Prot	cut<value<cut,value<cut	6	6	1	0.17143	0.31579	1	1	0.6394	1.4946	-2.059		0.3	0.3	1	Inf	1	-Inf:Inf	
FABP5,F2RL3	2,1	Prot	cut<value<cut,value<cut	7	7	1	0.2	0.36842	1	1	1.977	2.5097	-3.504		0.35	0.35	1	Inf	1	-Inf:Inf	
LOC702786,X00000058427	3,1	Prot	value>cut,value<cut	6	6	1	0.16905	0.30789	1	1	-1.45905	1.2264			0.3	0.3	1	Inf	1	-Inf:Inf	
FABP5,KRTAP29.1,LOC702786	3,2,2	NonProt	value>cut,cut<value<cut,cut<value<cut	6	6	1	0.17143	0.375	1	1	2.5097	-5.0275	-1.0795	-5.0272	0.31579	0.31579	1	Inf	1	-Inf:Inf	-1.9763
LOC701920,THRB	1,3	NonProt	value<cut,value>cut	6	6	1	0.17143	0.375	1	1	5.2565	-3.1655			0.31579	0.31579	1	Inf	1	-Inf:Inf	
STARD8,CTH	2,2	Prot	cut<value<cut,cut<value<cut	6	6	1	0.17143	0.32456	1	1	0.6259	1.4621	-1.343	-0.80805	0.3	0.3	1	Inf	1	-Inf:Inf	
X00000053274,STARD8	2,2	Prot	cut<value<cut,cut<value<cut	6	6	1	0.17143	0.31579	1	1	-0.1189	1.7252	0.6394	1.4946	0.3	0.3	1	Inf	1	-Inf:Inf	
STARD8,THRB	2,1	Prot	cut<value<cut,value<cut	6	6	1	0.18571	0.35088	1	1	0.6259	1.4621	-4.86855		0.3	0.3	1	Inf	1	-Inf:Inf	
STARD8,DLK1	3,3	NonProt	value>cut,value>cut	6	6	1	0.17143	0.34559	1	1	1.4686	0.10062			0.31579	0.31579	1	Inf	1	-Inf:Inf	
DLK1,USP31	3,3	NonProt	value>cut,value>cut	6	6	1	0.17143	0.375	1	1	0.0903	0.6723			0.31579	0.31579	1	Inf	1	-Inf:Inf	
X00000060146,HCN2	1,1	Prot	value<cut,value<cut	6	6	1	0.17143	0.31579	1	1	-4.8205	-2.9027			0.3	0.3	1	Inf	1	-Inf:Inf	
X00000053274,SMIM2	3,2	Prot	value>cut,cut<value<cut	6	6	1	0.17143	0.31579	1	1	1.7252	-0.2763	1.0195		0.3	0.3	1	Inf	1	-Inf:Inf	
X00000037843,LAMC1	1,1	Prot	value<cut,value<cut	6	6	1	0.17143	0.31579	1	1	2.4709	0.9234			0.3	0.3	1	Inf	1	-Inf:Inf	
VSTM1,X00000056965	1,2	Prot	value<cut,cut<value<cut	6	6	1	0.17143	0.31579	1	1	4.3465	-3.4706	-2.1684		0.3	0.3	1	Inf	1	-Inf:Inf	
X00000037843,SMIM2	1,1	Prot	value<cut,value<cut	6	6	1	0.17143	0.34056	1	1	2.4761	-0.26567			0.3	0.3	1	Inf	1	-Inf:Inf	
X00000064715,LOC701920	2,1	NonProt	cut<value<cut,value<cut	6	6	1	0.17857	0.36254	1	1	0.06025	1.95865	5.26325		0.31579	0.31579	1	Inf	1	-Inf:Inf	
X00000059200,STARD8	1,3	NonProt	value<cut,value>cut	6	6	1	0.17143	0.36397	1	1	-0.4174	1.4621			0.31579	0.31579	1	Inf	1	-Inf:Inf	
STARD8,A1BG	3,1	NonProt	value>cut,value<cut	6	6	1	0.17143	0.34865	1	1	1.47835	-2.1395			0.31579	0.31579	1	Inf	1	-Inf:Inf	
VSTM1,X00000058427	2,3	NonProt	cut<value<cut,value>cut	6	6	1	0.17143	0.375	1	1	4.3465	5.1895	1.7986		0.31579	0.31579	1	Inf	1	-Inf:Inf	
STARD8,SMIM2	3,3	NonProt	value>cut,value>cut	6	6	1	0.17143	0.375	1	1	1.4946	1.0195			0.31579	0.31579	1	Inf	1	-Inf:Inf	
KIR3DL0,THRB	1,3	NonProt	value<cut,value>cut	6	6	1	0.17143	0.36397	1	1	2.768	-3.0383			0.31579	0.31579	1	Inf	1	-Inf:Inf	
KIR3DL0,X00000060253	1,1	NonProt	value<cut,value<cut	6	6	0.92857	0.18294	0.375	1	1	2.85425	1.1452			0.31579	0.31579	1	Inf	1	-Inf:Inf	
STARD8,X00000059995	3,1	NonProt	value>cut,value<cut	6	6	1	0.17143	0.35417	1	1	1.4621	-0.40175			0.31579	0.31579	1	Inf	1	-Inf:Inf	
STARD8,HCN2	3,3	NonProt	value>cut,value>cut	6	6	1	0.17143	0.35376	1	1	1.47293	-2.1439			0.31579	0.31579	1	Inf	1	-Inf:Inf	
LOC709056,LILRB1	2,1	Prot	cut<value<cut,value<cut	7	7	1	0.2	0.36842	1	1	-0.3307	0.7471	7.3515		0.35	0.35	1	Inf	1	-Inf:Inf	
LILRB1,LOC114669850	1,3	Prot	value<cut,value>cut	6	6	1	0.16905	0.30789	1	1	7.316	1.39925			0.3	0.3	1	Inf	1	-Inf:Inf	
TARM1,LILRB1	1,1	Prot	value<cut,value<cut	6	6	1	0.17143	0.31579	1	1	1.3945	7.3515			0.3	0.3	1	Inf	1	-Inf:Inf	
F2RL3,X00000064313	1,2	Prot	value<cut,cut<value<cut	6	6	1	0.18095	0.35157	1	1	-3.71903	-2.7398	-1.46477		0.3	0.3	1	Inf	1	-Inf:Inf	
LOC719667,MYH15	1,1	Prot	value<cut,value<cut	6	6	1	0.17143	0.31579	1	1	3.995	-2.3565			0.3	0.3	1	Inf	1	-Inf:Inf	
KIR3DL0,X00000064715	2,3	Prot	cut<value<cut,value>cut	6	6	1	0.17143	0.31579	1	1	2.758	3.634	2.0847		0.3	0.3	1	Inf	1	-Inf:Inf	
STARD8,CTH	3,3	NonProt	value>cut,value>cut	7	7	1	0.2	0.41319	1	1	1.4621	-0.8911			0.36842	0.36842	1	Inf	1	-Inf:Inf	
X00000037843,LOC701920	3,1	NonProt	value>cut,value<cut	6	6	1	0.17143	0.35417	1	1	2.999	5.2565			0.31579	0.31579	1	Inf	1	-Inf:Inf	
LOC719667,LTC4S	1,1	Prot	value<cut,value<cut	7	7	1	0.2	0.39009	1	1	3.98625	-0.4734			0.35	0.35	1	Inf	1	-Inf:Inf	
ZNF576,HCN2	3,1	Prot	value>cut,value<cut	6	6	1	0.17143	0.31579	1	1	3.945	-2.9027			0.3	0.3	1	Inf	1	-Inf:Inf	
STARD8,LAMC1	2,1	Prot	cut<value<cut,value<cut	8	8	1	0.22857	0.42105	1	1	0.6394	1.4946	0.9234		0.4	0.4	1	Inf	1	-Inf:Inf	
LTC4S,LAMC1	1,1	Prot	value<cut,value<cut	6	6	1	0.17143	0.33437	1	1	-0.4734	0.9234			0.3	0.3	1	Inf	1	-Inf:Inf	
STARD8,LOC702786	2,3	Prot	cut<value<cut,value>cut	6	6	1	0.17143	0.31579	1	1	0.6394	1.4946	-1.9763		0.3	0.3	1	Inf	1	-Inf:Inf	
X00000053274,KRTAP29.1	3,3	Prot	value>cut,value>cut	6	6	1	0.17024	0.33042	1	1	1.57532	-1.13575			0.3	0.3	1	Inf	1	-Inf:Inf	
CFAP70,X00000060146	1,1	Prot	value<cut,value<cut	6	6	1	0.17143	0.31579	1	1	0.268	-4.8205			0.3	0.3	1	Inf	1	-Inf:Inf	
THRB,CTH	2,1	Prot	cut<value<cut,value<cut	6	6	1	0.17143	0.31579	1	1	-4.8608	-3.1655	-1.343		0.3	0.3	1	Inf	1	-Inf:Inf	
FABP5,LILRB1	3,3	NonProt	value>cut,value>cut	6	6	1	0.17143	0.375	1	1	2.5097	7.7465			0.31579	0.31579	1	Inf	1	-Inf:Inf	
KIR3DL0,USP31	1,3	NonProt	value<cut,value>cut	6	6	1	0.17143	0.375	1	1	2.758	0.6723			0.31579	0.31579	1	Inf	1	-Inf:Inf	
KIR3DL0,TMX2	1,1	NonProt	value<cut,value<cut	6	6	1	0.17143	0.375	1	1	2.758	2.898			0.31579	0.31579	1	Inf	1	-Inf:Inf	
X00000037843,TMX2	3,1	NonProt	value>cut,value<cut	6	6	1	0.17143	0.35417	1	1	2.999	2.8775			0.31579	0.31579	1	Inf	1	-Inf:Inf	
SDK2,LTC4S	3,1	Prot	value>cut,value<cut	6	6	1	0.17143	0.35294	1	1	0.5721	-0.4734			0.3	0.3	1	Inf	1	-Inf:Inf	
STARD8,LTC4S	2,1	Prot	cut<value<cut,value<cut	6	6	1	0.17143	0.35294	1	1	0.65825	1.4621	-0.4734		0.3	0.3	1	Inf	1	-Inf:Inf	
LOC701920,LTC4S	3,1	Prot	value>cut,value<cut	7	7	1	0.2	0.41176	1	1	5.466	-0.4734			0.35	0.35	1	Inf	1	-Inf:Inf	
THRB,LTC4S	1,1	Prot	value<cut,value<cut	6	6	1	0.17143	0.35294	1	1	-4.8263	-0.4734			0.3	0.3	1	Inf	1	-Inf:Inf	
DLK1,LTC4S	2,1	Prot	cut<value<cut,value<cut	6	6	1	0.17143	0.35294	1	1	-1.8118	0.1419	-0.4734		0.3	0.3	1	Inf	1	-Inf:Inf	
FABP5,USP31	3,2	NonProt	value>cut,cut<value<cut	6	6	1	0.17619	0.3567	1	1	2.43394	0.15348	0.72612		0.31579	0.31579	1	Inf	1	-Inf:Inf	
LOC715623,LOC702786	1,2	NonProt	value<cut,cut<value<cut	6	6	1	0.17143	0.33333	1	1	-1.7115	-5.0229	-2.3455		0.31579	0.31579	1	Inf	1	-Inf:Inf	
FABP5,KRTAP29.1	3,2	NonProt	value>cut,cut<value<cut	6	6	1	0.17143	0.33333	1	1	2.5097	-5.023	-4.338		0.31579	0.31579	1	Inf	1	-Inf:Inf	
THRB,X00000058729	3,1	NonProt	value>cut,value<cut	6	6	1	0.17143	0.33333	1	1	-3.1655	-4.3496			0.31579	0.31579	1	Inf	1	-Inf:Inf	
LOC702786,THRB	2,3	NonProt	cut<value<cut,value>cut	6	6	1	0.17143	0.33333	1	1	-5.0229	-2.3455	-3.1655		0.31579	0.31579	1	Inf	1	-Inf:Inf	
X00000053274,LAMC1	3,2	Prot	value>cut,cut<value<cut	6	6	1	0.17143	0.35294	1	1	1.4396	0.9132	1.7527		0.3	0.3	1	Inf	1	-Inf:Inf	
F2RL3,DLK1	1,2	Prot	value<cut,cut<value<cut	6	6	1	0.17143	0.35294	1	1	-3.3308	-1.8118	0.1419		0.3	0.3	1	Inf	1	-Inf:Inf	
USP31,HCN2	1,1	Prot	value<cut,value<cut	6	6	1	0.17143	0.35294	1	1	0.3476	-2.9027			0.3	0.3	1	Inf	1	-Inf:Inf	
MYH15,LTC4S	1,1	Prot	value<cut,value<cut	6	6	1	0.17143	0.35294	1	1	-2.3565	-0.4186			0.3	0.3	1	Inf	1	-Inf:Inf	
X00000053012,ESR1	3,3	Prot	value>cut,value>cut	6	6	1	0.17718	0.35221	1	1	2.8612	1.04905			0.3	0.3	1	Inf	1	-Inf:Inf	
LTC4S,HCN2	1,1	Prot	value<cut,value<cut	6	6	1	0.17143	0.35294	1	1	-0.4734	-2.9027			0.3	0.3	1	Inf	1	-Inf:Inf	
SDK2,MAOA	2,2	NonProt	cut<value<cut,cut<value<cut	6	6	1	0.18571	0.36111	1	1	-0.99625	0.57915	0.293	0.7171	0.31579	0.31579	1	Inf	1	-Inf:Inf	
ESR1,LTC4S	3,1	Prot	value>cut,value<cut	6	6	1	0.18571	0.37745	1	1	1.05578	-0.446			0.3	0.3	1	Inf	1	-Inf:Inf	
LOC701920,LILRB1	3,1	Prot	value>cut,value<cut	6	6	1	0.17143	0.35294	1	1	5.466	7.384			0.3	0.3	1	Inf	1	-Inf:Inf	
KIR3DL0,LOC701920	1,1	NonProt	value<cut,value<cut	6	6	1	0.18191	0.36781	1	1	2.8045	5.2623			0.31579	0.31579	1	Inf	1	-Inf:Inf	
X00000059200,LOC701920	2,1	NonProt	cut<value<cut,value<cut	6	6	1	0.17143	0.33333	1	1	-0.4931	2.6772	5.2565		0.31579	0.31579	1	Inf	1	-Inf:Inf	
X00000060253,HEY1	1,3	NonProt	value<cut,value>cut	6	6	1	0.17143	0.33333	1	1	1.0969	-0.8857			0.31579	0.31579	1	Inf	1	-Inf:Inf	
USP31,SMIM2	1,1	Prot	value<cut,value<cut	7	7	1	0.2	0.41176	1	1	0.3476	-0.2444			0.35	0.35	1	Inf	1	-Inf:Inf	
FABP5,USP31	1,1	Prot	value<cut,value<cut	6	6	1	0.17143	0.35294	1	1	1.9859	0.3476			0.3	0.3	1	Inf	1	-Inf:Inf	
LOC701920,USP31	2,1	Prot	cut<value<cut,value<cut	6	6	1	0.17143	0.35294	1	1	5.2565	5.466	0.3476		0.3	0.3	1	Inf	1	-Inf:Inf	
TNNT2,LOC701920	1,2	Prot	value<cut,cut<value<cut	6	6	1	0.17143	0.35294	1	1	-2.361	5.2565	5.466		0.3	0.3	1	Inf	1	-Inf:Inf	
DLK1,X00000059995	3,1	NonProt	value>cut,value<cut	6	6	1	0.17143	0.33333	1	1	0.1161	-0.44865			0.31579	0.31579	1	Inf	1	-Inf:Inf	
X00000053012,ESR1	1,2	NonProt	value<cut,cut<value<cut	6	6	1	0.17143	0.33333	1	1	2.5237	0.5301	1.0667		0.31579	0.31579	1	Inf	1	-Inf:Inf	
LOC701920,CFAP70	1,1	NonProt	value<cut,value<cut	6	6	1	0.17143	0.33333	1	1	5.2565	0.2276			0.31579	0.31579	1	Inf	1	-Inf:Inf	
STARD8,SMIM2	3,2	NonProt	value>cut,cut<value<cut	6	6	1	0.17143	0.33333	1	1	1.4946	-0.2444	1.1609		0.31579	0.31579	1	Inf	1	-Inf:Inf	
LOC701920,ZNF576	3,2	Prot	value>cut,cut<value<cut	6	6	1	0.17143	0.35294	1	1	5.466	3.741	3.9385		0.3	0.3	1	Inf	1	-Inf:Inf	
MYH15,X00000060146	1,1	Prot	value<cut,value<cut	6	6	1	0.17143	0.35294	1	1	-2.3565	-4.8295			0.3	0.3	1	Inf	1	-Inf:Inf	
TMEM38A,LOC114669850	2,2	NonProt	cut<value<cut,cut<value<cut	6	6	1	0.17143	0.33333	1	1	2.7335	3.225	-0.0248	1.4615	0.31579	0.31579	1	Inf	1	-Inf:Inf	
TMEM38A,THRB	2,3	NonProt	cut<value<cut,value>cut	6	6	1	0.17143	0.33333	1	1	2.7335	3.225	-3.1655		0.31579	0.31579	1	Inf	1	-Inf:Inf	
LOC701920,USP31	1,3	NonProt	value<cut,value>cut	6	6	1	0.17143	0.34314	1	1	5.2565	0.7617			0.31579	0.31579	1	Inf	1	-Inf:Inf	
X00000064313,LOC702786	1,2	NonProt	value<cut,cut<value<cut	6	6	1	0.17143	0.33333	1	1	-2.6812	-5.0229	-2.3455		0.31579	0.31579	1	Inf	1	-Inf:Inf	
LOC701920,X00000060146	1,2	NonProt	value<cut,cut<value<cut	6	6	1	0.17143	0.33333	1	1	5.2565	-4.8295	-2.92		0.31579	0.31579	1	Inf	1	-Inf:Inf	
SDK2,ZNF576	2,1	NonProt	cut<value<cut,value<cut	6	6	1	0.17143	0.33333	1	1	-0.8912	0.5721	3.741		0.31579	0.31579	1	Inf	1	-Inf:Inf	
TMEM38A,DLK1	1,1	Prot	value<cut,value<cut	6	6	1	0.17143	0.35294	1	1	2.7335	-1.8118			0.3	0.3	1	Inf	1	-Inf:Inf	
X00000059200,F2RL3	3,1	Prot	value>cut,value<cut	6	6	1	0.16905	0.32647	1	1	2.6772	-4.2261			0.3	0.3	1	Inf	1	-Inf:Inf	
STARD8,X00000064715	1,3	Prot	value<cut,value>cut	6	6	1	0.18571	0.38235	1	1	0.65825	1.8326			0.3	0.3	1	Inf	1	-Inf:Inf	
X00000053274,CFAP70	3,2	Prot	value>cut,cut<value<cut	6	6	1	0.17143	0.35294	1	1	1.2815	0.014	2.1847		0.3	0.3	1	Inf	1	-Inf:Inf	
X00000053274,KIR3DL0	3,2	Prot	value>cut,cut<value<cut	6	6	1	0.17143	0.35294	1	1	1.2815	2.758	3.7		0.3	0.3	1	Inf	1	-Inf:Inf	
LOC709056,X00000056965	1,1	NonProt	value<cut,value<cut	6	6	1	0.16905	0.35417	1	1	-0.3905	-3.4706			0.31579	0.31579	1	Inf	1	-Inf:Inf	
X00000053274,ZNF576	1,1	NonProt	value<cut,value<cut	8	7	0.95833	0.21693	0.43124	1	1	-0.41087	3.76267			0.42105	0.36842	1	7.36842105263158	1	0.998:54.391	
LOC709056,X00000058427	1,3	NonProt	value<cut,value>cut	6	6	1	0.17143	0.33333	1	1	-0.354	1.8554			0.31579	0.31579	1	Inf	1	-Inf:Inf	
LOC709056,X00000058729	1,2	NonProt	value<cut,cut<value<cut	6	6	1	0.17143	0.33333	1	1	-0.354	-4.7043	-2.4524		0.31579	0.31579	1	Inf	1	-Inf:Inf	
X00000060146,ZNF576	3,1	NonProt	value>cut,value<cut	7	6	0.9375	0.19683	0.38542	1	1	-3.0685	3.751			0.36842	0.31579	1	6.31578947368421	1	0.836:47.694	
LOC719667,ZNF576	3,1	NonProt	value>cut,value<cut	6	6	1	0.17143	0.33333	1	1	4.964	3.761			0.31579	0.31579	1	Inf	1	-Inf:Inf	
VSTM1,TMX2	3,1	NonProt	value>cut,value<cut	6	6	1	0.17024	0.34865	1	1	5.17313	2.87413			0.31579	0.31579	1	Inf	1	-Inf:Inf	
LOC701920,C5H4orf45	1,3	NonProt	value<cut,value>cut	6	6	1	0.17143	0.33333	1	1	5.2835	1.3244			0.31579	0.31579	1	Inf	1	-Inf:Inf	
FABP5,F2RL3	3,2	NonProt	value>cut,cut<value<cut	6	6	1	0.17143	0.33333	1	1	2.415	-4.2261	-1.5483		0.31579	0.31579	1	Inf	1	-Inf:Inf	
DLK1,X00000060253	3,1	NonProt	value>cut,value<cut	6	6	0.92857	0.18294	0.35417	1	1	-0.1125	1.1833			0.31579	0.31579	1	Inf	1	-Inf:Inf	
FABP5,X00000060253	3,1	NonProt	value>cut,value<cut	6	6	0.92857	0.18294	0.35417	1	1	2.415	1.1833			0.31579	0.31579	1	Inf	1	-Inf:Inf	
X00000060253,CTH	1,3	NonProt	value<cut,value>cut	6	6	1	0.17143	0.33333	1	1	1.2214	-0.9217			0.31579	0.31579	1	Inf	1	-Inf:Inf	
X00000053274,LAMC1	1,3	NonProt	value<cut,value>cut	7	7	0.95833	0.19788	0.39311	1	1	-0.41087	1.6706			0.36842	0.36842	1	Inf	1	-Inf:Inf	
X00000053274,THRB	1,3	NonProt	value<cut,value>cut	6	6	1	0.1791	0.37459	1	1	-0.41087	-3.04603			0.31579	0.31579	1	Inf	1	-Inf:Inf	
THRB,X00000064369	3,1	NonProt	value>cut,value<cut	8	7	0.9375	0.21111	0.41319	1	1	-3.1135	2.57635			0.42105	0.36842	1	7.36842105263158	1	0.998:54.391	
X00000053274,ESR1	1,1	NonProt	value<cut,value<cut	6	6	0.92857	0.18294	0.35417	1	1	-0.4787	0.5665			0.31579	0.31579	1	Inf	1	-Inf:Inf	
X00000064715,ESR1	2,1	NonProt	cut<value<cut,value<cut	6	6	1	0.17143	0.33333	1	1	-0.0597	1.8326	0.5301		0.31579	0.31579	1	Inf	1	-Inf:Inf	
X00000053274,X00000060253	1,2	NonProt	value<cut,cut<value<cut	6	6	1	0.17143	0.33333	1	1	-0.5578	1.2214	2.0577		0.31579	0.31579	1	Inf	1	-Inf:Inf	
X00000060146,LTC4S	1,1	Prot	value<cut,value<cut	6	6	1	0.16905	0.32647	1	1	-4.8295	-0.51565			0.3	0.3	1	Inf	1	-Inf:Inf	
LILRB1,TRIM16	1,3	Prot	value<cut,value>cut	6	6	1	0.17143	0.35294	1	1	7.3075	-1.0518			0.3	0.3	1	Inf	1	-Inf:Inf	
LOC701920,CBS	1,1	NonProt	value<cut,value<cut	6	6	1	0.17143	0.33333	1	1	5.2835	-1.4791			0.31579	0.31579	1	Inf	1	-Inf:Inf	
LOC701920,SDK2	1,1	NonProt	value<cut,value<cut	7	7	1	0.2	0.38889	1	1	5.2835	-0.6506			0.36842	0.36842	1	Inf	1	-Inf:Inf	
RBM46,LOC701920	1,1	NonProt	value<cut,value<cut	6	6	1	0.17143	0.33333	1	1	-2.4869	5.2835			0.31579	0.31579	1	Inf	1	-Inf:Inf	
X00000053274,LOC715623	3,3	Prot	value>cut,value>cut	6	6	1	0.17143	0.35294	1	1	1.2815	-0.6125			0.3	0.3	1	Inf	1	-Inf:Inf	
X00000059995,CTH	1,3	NonProt	value<cut,value>cut	6	6	1	0.17143	0.33333	1	1	-0.4043	-0.9217			0.31579	0.31579	1	Inf	1	-Inf:Inf	
X00000060253,HCN2	1,3	NonProt	value<cut,value>cut	6	6	1	0.17143	0.33333	1	1	1.2214	-2.1949			0.31579	0.31579	1	Inf	1	-Inf:Inf	
KIR3DL0,CTH	1,3	NonProt	value<cut,value>cut	6	6	1	0.16905	0.35417	1	1	2.85425	-0.9466			0.31579	0.31579	1	Inf	1	-Inf:Inf	
LOC719667,CTH	3,3	NonProt	value>cut,value>cut	7	7	1	0.2	0.38889	1	1	4.964	-0.9217			0.36842	0.36842	1	Inf	1	-Inf:Inf	
KIR3DL0,LTC4S	2,1	Prot	cut<value<cut,value<cut	6	6	1	0.17143	0.35294	1	1	2.758	3.7	-0.4734		0.3	0.3	1	Inf	1	-Inf:Inf	
X00000053274,LOC701920	1,1	NonProt	value<cut,value<cut	6	6	1	0.17143	0.34314	1	1	-0.4165	5.27			0.31579	0.31579	1	Inf	1	-Inf:Inf	
LOC701920,SMIM2	1,3	NonProt	value<cut,value>cut	7	7	1	0.2	0.38889	1	1	5.2835	1.0234			0.36842	0.36842	1	Inf	1	-Inf:Inf	
DLK1,SMIM2	3,3	NonProt	value>cut,value>cut	6	6	1	0.17143	0.33333	1	1	0.0903	1.0234			0.31579	0.31579	1	Inf	1	-Inf:Inf	
LOC715623,A1BG	2,1	NonProt	cut<value<cut,value<cut	6	6	1	0.17143	0.33333	1	1	-1.6571	-0.6125	-1.9115		0.31579	0.31579	1	Inf	1	-Inf:Inf	
DLK1,TRIM16	3,1	NonProt	value>cut,value<cut	6	6	1	0.17143	0.33333	1	1	0.0903	-1.7125			0.31579	0.31579	1	Inf	1	-Inf:Inf	
DLK1,CFAP70	3,3	NonProt	value>cut,value>cut	6	6	1	0.17143	0.33333	1	1	0.0903	2.1847			0.31579	0.31579	1	Inf	1	-Inf:Inf	
C5H4orf45,HEY1	3,2	NonProt	value>cut,cut<value<cut	6	6	1	0.17143	0.33333	1	1	1.3244	-1.9246	-0.7611		0.31579	0.31579	1	Inf	1	-Inf:Inf	
MYH15,X00000058729	2,2	NonProt	cut<value<cut,cut<value<cut	6	6	1	0.17143	0.33333	1	1	-2.1452	-1.4352	-4.7043	-2.4524	0.31579	0.31579	1	Inf	1	-Inf:Inf	
A1BG,SDK2	1,1	NonProt	value<cut,value<cut	6	6	1	0.17143	0.33333	1	1	-1.9115	-0.6506			0.31579	0.31579	1	Inf	1	-Inf:Inf	
LOC114669850,X00000058427	1,3	NonProt	value<cut,value>cut	6	6	1	0.17143	0.33333	1	1	-0.2495	1.8554			0.31579	0.31579	1	Inf	1	-Inf:Inf	
X00000053274,X00000037843	2,1	Prot	cut<value<cut,value<cut	6	6	1	0.17143	0.35294	1	1	-0.5578	1.2815	2.4787		0.3	0.3	1	Inf	1	-Inf:Inf	
X00000053274,F2RL3	3,1	Prot	value>cut,value<cut	6	6	1	0.17143	0.35294	1	1	1.2815	-4.2261			0.3	0.3	1	Inf	1	-Inf:Inf	
X00000053274,LOC719667	3,1	Prot	value>cut,value<cut	6	6	1	0.17143	0.35294	1	1	1.2815	3.9415			0.3	0.3	1	Inf	1	-Inf:Inf	
X00000053274,KRTAP29.1	1,2	NonProt	value<cut,cut<value<cut	6	6	1	0.17143	0.33333	1	1	-0.5578	-5.0275	-4.5985		0.31579	0.31579	1	Inf	1	-Inf:Inf	
X00000053274,TMX2	1,1	NonProt	value<cut,value<cut	7	6	0.92857	0.19722	0.38194	1	1	-0.4787	2.87075			0.36842	0.31579	1	6.31578947368421	1	0.836:47.694	
VSTM1,CTH	1,2	Prot	value<cut,cut<value<cut	6	6	1	0.16905	0.32647	1	1	4.31225	-1.5624	-0.9466		0.3	0.3	1	Inf	1	-Inf:Inf	
FABP5,STARD8	1,2	Prot	value<cut,cut<value<cut	6	6	1	0.16905	0.32647	1	1	1.9987	0.6007	1.39565		0.3	0.3	1	Inf	1	-Inf:Inf	
LOC719667,LILRB1	2,1	Prot	cut<value<cut,value<cut	6	6	1	0.18294	0.35147	1	1	3.9415	4.95975	7.294		0.3	0.3	1	Inf	1	-Inf:Inf	
X00000053274,HCN2	3,1	Prot	value>cut,value<cut	6	6	1	0.17143	0.34314	1	1	1.4396	-2.9305			0.3	0.3	1	Inf	1	-Inf:Inf	
DLK1,USP31	1,1	Prot	value<cut,value<cut	6	6	1	0.17143	0.35294	1	1	-1.8184	0.1696			0.3	0.3	1	Inf	1	-Inf:Inf	
LOC701920,TRIM16	1,1	NonProt	value<cut,value<cut	6	6	1	0.17143	0.33333	1	1	5.2835	-1.7125			0.31579	0.31579	1	Inf	1	-Inf:Inf	
LOC709056,DLK1	1,3	NonProt	value<cut,value>cut	6	6	1	0.17143	0.33333	1	1	-0.354	0.0903			0.31579	0.31579	1	Inf	1	-Inf:Inf	
X00000053274,STARD8	1,3	NonProt	value<cut,value>cut	6	6	1	0.17143	0.33333	1	1	-0.5578	1.4296			0.31579	0.31579	1	Inf	1	-Inf:Inf	
TMX2,CTH	1,3	NonProt	value<cut,value>cut	6	6	1	0.17143	0.33333	1	1	2.8435	-0.9217			0.31579	0.31579	1	Inf	1	-Inf:Inf	
X00000053274,A1BG	1,2	NonProt	value<cut,cut<value<cut	6	6	0.92857	0.18294	0.35417	1	1	-0.4787	-2.00925	-1.492		0.31579	0.31579	1	Inf	1	-Inf:Inf	
FABP5,X00000056965	3,3	NonProt	value>cut,value>cut	6	6	1	0.17143	0.33333	1	1	2.415	-2.1684			0.31579	0.31579	1	Inf	1	-Inf:Inf	
X00000064313,X00000059995	3,1	NonProt	value>cut,value<cut	6	6	0.92857	0.18294	0.35417	1	1	-1.1221	-0.42285			0.31579	0.31579	1	Inf	1	-Inf:Inf	
LOC709056,HEY1	1,2	NonProt	value<cut,cut<value<cut	6	6	1	0.17143	0.33333	1	1	-0.354	-1.9246	-0.7611		0.31579	0.31579	1	Inf	1	-Inf:Inf	
CBS,THRB	1,3	NonProt	value<cut,value>cut	6	6	1	0.17143	0.33333	1	1	-1.674	-3.1655			0.31579	0.31579	1	Inf	1	-Inf:Inf	
LOC709056,ESR1	1,2	NonProt	value<cut,cut<value<cut	6	6	1	0.17143	0.33333	1	1	-0.427	0.5301	1.0667		0.31579	0.31579	1	Inf	1	-Inf:Inf	
RBM46,X00000064369	2,1	NonProt	cut<value<cut,value<cut	6	6	1	0.17143	0.33333	1	1	-2.5924	-0.9358	2.6608		0.31579	0.31579	1	Inf	1	-Inf:Inf	
X00000037843,LOC709056	2,1	NonProt	cut<value<cut,value<cut	6	6	1	0.17143	0.33333	1	1	2.4787	2.999	-0.427		0.31579	0.31579	1	Inf	1	-Inf:Inf	
LOC709056,LAMC1	1,3	NonProt	value<cut,value>cut	6	6	1	0.16905	0.35417	1	1	-0.427	1.78625			0.31579	0.31579	1	Inf	1	-Inf:Inf	
FABP5,MYH15	3,2	NonProt	value>cut,cut<value<cut	6	6	1	0.17143	0.33333	1	1	2.415	-2.3565	-1.4352		0.31579	0.31579	1	Inf	1	-Inf:Inf	
FABP5,MAOA	3,2	NonProt	value>cut,cut<value<cut	6	6	1	0.17143	0.33333	1	1	2.415	0.2684	0.6932		0.31579	0.31579	1	Inf	1	-Inf:Inf	
VSTM1,CTH	3,3	NonProt	value>cut,value>cut	6	6	1	0.18333	0.38194	1	1	5.1115	-0.78735			0.31579	0.31579	1	Inf	1	-Inf:Inf	
LOC719667,X00000064369	3,1	NonProt	value>cut,value<cut	6	6	1	0.17143	0.33333	1	1	5.033	2.6608			0.31579	0.31579	1	Inf	1	-Inf:Inf	
VSTM1,LOC709056	3,1	NonProt	value>cut,value<cut	7	7	1	0.20741	0.43246	1	1	5.15633	-0.427			0.36842	0.36842	1	Inf	1	-Inf:Inf	
X00000037843,X00000060253	1,3	Prot	value<cut,value>cut	6	6	1	0.17143	0.35294	1	1	2.4787	2.0334			0.3	0.3	1	Inf	1	-Inf:Inf	
X00000037843,X00000053012	1,3	Prot	value<cut,value>cut	7	7	1	0.2	0.41176	1	1	2.4787	2.8657			0.35	0.35	1	Inf	1	-Inf:Inf	
CFAP70,X00000059995	1,2	Prot	value<cut,cut<value<cut	6	6	1	0.17143	0.35294	1	1	0.014	-0.4559	0.5278		0.3	0.3	1	Inf	1	-Inf:Inf	
VSTM1,LOC701920	1,3	Prot	value<cut,value>cut	6	6	1	0.17143	0.35294	1	1	4.278	5.456			0.3	0.3	1	Inf	1	-Inf:Inf	
X00000053274,DLK1	2,3	NonProt	cut<value<cut,value>cut	6	6	1	0.17143	0.34314	1	1	-0.3374	1.4892	0.0903		0.31579	0.31579	1	Inf	1	-Inf:Inf	
LOC702786,A1BG	2,1	NonProt	cut<value<cut,value<cut	6	6	1	0.17143	0.33333	1	1	-4.8502	0.1931	-1.9115		0.31579	0.31579	1	Inf	1	-Inf:Inf	
X00000037843,DLK1	1,1	Prot	value<cut,value<cut	6	6	1	0.17143	0.35294	1	1	2.4787	-1.8835			0.3	0.3	1	Inf	1	-Inf:Inf	
X00000053012,MYH15	3,1	Prot	value>cut,value<cut	7	7	1	0.2	0.41176	1	1	2.8657	-2.3565			0.35	0.35	1	Inf	1	-Inf:Inf	
X00000053012,MAOA	3,1	Prot	value>cut,value<cut	6	6	1	0.17143	0.35294	1	1	2.8657	0.2684			0.3	0.3	1	Inf	1	-Inf:Inf	
STARD8,LTC4S	3,2	NonProt	value>cut,cut<value<cut	6	6	1	0.17143	0.33333	1	1	1.4946	-0.3638	0.685		0.31579	0.31579	1	Inf	1	-Inf:Inf	
VSTM1,KIR3DL0	1,3	Prot	value<cut,value>cut	6	6	1	0.17143	0.35294	1	1	4.278	3.548			0.3	0.3	1	Inf	1	-Inf:Inf	
VSTM1,HEY1	1,1	Prot	value<cut,value<cut	7	7	1	0.2	0.41176	1	1	4.278	-1.7672			0.35	0.35	1	Inf	1	-Inf:Inf	
X00000053012,HEY1	3,1	Prot	value>cut,value<cut	6	6	1	0.17143	0.35294	1	1	2.8657	-1.7672			0.3	0.3	1	Inf	1	-Inf:Inf	
VSTM1,MAOA	1,1	Prot	value<cut,value<cut	6	6	1	0.17143	0.35294	1	1	4.278	0.2684			0.3	0.3	1	Inf	1	-Inf:Inf	
X00000037843,LOC701920	1,3	Prot	value<cut,value>cut	6	6	1	0.17143	0.35294	1	1	2.4787	5.456			0.3	0.3	1	Inf	1	-Inf:Inf	
ESR1,X00000058729	2,2	NonProt	cut<value<cut,cut<value<cut	6	6	1	0.17143	0.33333	1	1	0.5301	1.0667	-4.3496	-2.3497	0.31579	0.31579	1	Inf	1	-Inf:Inf	
TARM1,SMIM2	3,3	NonProt	value>cut,value>cut	8	7	0.94444	0.21071	0.41667	1	1	1.96885	1.0064			0.42105	0.36842	1	7.36842105263158	1	0.998:54.391	
VSTM1,X00000064715	3,2	NonProt	value>cut,cut<value<cut	6	6	1	0.17143	0.33333	1	1	5.1115	-0.0597	1.8326		0.31579	0.31579	1	Inf	1	-Inf:Inf	
VSTM1,X00000056965	3,1	NonProt	value>cut,value<cut	6	6	1	0.17143	0.33333	1	1	5.1115	-3.3762			0.31579	0.31579	1	Inf	1	-Inf:Inf	
DLK1,X00000060253	1,3	Prot	value<cut,value>cut	6	6	1	0.17143	0.35294	1	1	-1.8835	2.0334			0.3	0.3	1	Inf	1	-Inf:Inf	
FABP5,X00000060253	1,3	Prot	value<cut,value>cut	6	6	1	0.17143	0.35294	1	1	1.9987	2.0334			0.3	0.3	1	Inf	1	-Inf:Inf	
RBM46,X00000064715	3,3	Prot	value>cut,value>cut	6	6	1	0.17143	0.35294	1	1	-0.9358	1.8326			0.3	0.3	1	Inf	1	-Inf:Inf	
X00000037843,MAOA	1,1	Prot	value<cut,value<cut	7	7	1	0.2	0.41176	1	1	2.4787	0.2684			0.35	0.35	1	Inf	1	-Inf:Inf	
RBM46,LTC4S	2,2	NonProt	cut<value<cut,cut<value<cut	6	6	1	0.17143	0.33333	1	1	-2.5924	-0.9358	-0.3638	0.685	0.31579	0.31579	1	Inf	1	-Inf:Inf	
X00000059200,CBS	1,1	NonProt	value<cut,value<cut	6	6	1	0.17143	0.33333	1	1	-0.446	-1.674			0.31579	0.31579	1	Inf	1	-Inf:Inf	
STARD8,X00000060146	3,3	NonProt	value>cut,value>cut	6	6	1	0.17143	0.33333	1	1	1.4946	-3.247			0.31579	0.31579	1	Inf	1	-Inf:Inf	
CBS,X00000064369	1,1	NonProt	value<cut,value<cut	6	6	1	0.17143	0.33333	1	1	-1.674	2.6608			0.31579	0.31579	1	Inf	1	-Inf:Inf	
RBM46,TMEM38A	2,2	NonProt	cut<value<cut,cut<value<cut	6	6	1	0.17143	0.33333	1	1	-2.5924	-0.9358	2.765	3.2525	0.31579	0.31579	1	Inf	1	-Inf:Inf	
RBM46,THRB	2,3	NonProt	cut<value<cut,value>cut	6	6	1	0.17143	0.33333	1	1	-2.5924	-0.9358	-3.1655		0.31579	0.31579	1	Inf	1	-Inf:Inf	
X00000053274,HEY1	1,2	NonProt	value<cut,cut<value<cut	6	6	1	0.17143	0.33333	1	1	-0.3996	-1.7672	-0.6521		0.31579	0.31579	1	Inf	1	-Inf:Inf	
LTC4S,LAMC1	2,3	NonProt	cut<value<cut,value>cut	6	6	1	0.17143	0.33333	1	1	-0.3638	0.685	1.8291		0.31579	0.31579	1	Inf	1	-Inf:Inf	
VSTM1,ZNF576	3,1	NonProt	value>cut,value<cut	6	6	1	0.18294	0.38542	1	1	5.1115	3.745			0.31579	0.31579	1	Inf	1	-Inf:Inf	
TMEM38A,KRTAP29.1	3,2	NonProt	value>cut,cut<value<cut	6	6	1	0.17143	0.33333	1	1	3.2525	-4.882	1.954		0.31579	0.31579	1	Inf	1	-Inf:Inf	
THRB,HEY1	1,1	Prot	value<cut,value<cut	6	6	1	0.18571	0.37255	1	1	-4.8763	-1.9131			0.3	0.3	1	Inf	1	-Inf:Inf	
X00000064715,MYH15	3,1	Prot	value>cut,value<cut	6	6	1	0.17143	0.35294	1	1	1.8326	-2.3565			0.3	0.3	1	Inf	1	-Inf:Inf	
FABP5,MYH15	1,1	Prot	value<cut,value<cut	7	7	1	0.2	0.41176	1	1	1.9987	-2.3565			0.35	0.35	1	Inf	1	-Inf:Inf	
TNNT2,STARD8	1,2	Prot	value<cut,cut<value<cut	6	6	1	0.17143	0.33333	1	1	-2.3496	0.6124	1.4296		0.3	0.3	1	Inf	1	-Inf:Inf	
X00000064715,X00000064369	3,3	Prot	value>cut,value>cut	7	7	1	0.2	0.38889	1	1	2.0847	3.2287			0.35	0.35	1	Inf	1	-Inf:Inf	
TNNT2,CFAP70	1,2	Prot	value<cut,cut<value<cut	6	6	1	0.17143	0.33333	1	1	-2.3496	0.268	2.3725		0.3	0.3	1	Inf	1	-Inf:Inf	
X00000060146,HEY1	1,1	Prot	value<cut,value<cut	6	6	1	0.16905	0.31667	1	1	-4.8295	-2.05255			0.3	0.3	1	Inf	1	-Inf:Inf	
X00000053274,MYH15	3,1	Prot	value>cut,value<cut	6	6	1	0.17143	0.33333	1	1	1.5977	-2.3565			0.3	0.3	1	Inf	1	-Inf:Inf	
LOC715623,X00000064369,LAMC1	1,1,3	NonProt	value<cut,value<cut,value>cut	6	6	1	0.17143	0.35294	1	1	-1.7115	2.5271	1.5921		0.31579	0.31579	1	Inf	1	-Inf:Inf	
LOC702786,THRB	2,2	NonProt	cut<value<cut,cut<value<cut	6	6	1	0.17143	0.35294	1	1	-4.9522	0.1931	-4.8763	-2.9111	0.31579	0.31579	1	Inf	1	-Inf:Inf	
LOC701920,CFAP70	1,3	NonProt	value<cut,value>cut	6	6	1	0.17143	0.35294	1	1	5.2565	2.3725			0.31579	0.31579	1	Inf	1	-Inf:Inf	
STARD8,KRTAP29.1	3,2	NonProt	value>cut,cut<value<cut	6	6	1	0.17143	0.35294	1	1	1.4296	-4.997	1.954		0.31579	0.31579	1	Inf	1	-Inf:Inf	
STARD8,ESR1	3,1	NonProt	value>cut,value<cut	6	6	1	0.17143	0.35294	1	1	1.4296	0.6558			0.31579	0.31579	1	Inf	1	-Inf:Inf	
STARD8,F2RL3	3,3	NonProt	value>cut,value>cut	7	7	1	0.2	0.41176	1	1	1.4296	-1.936			0.36842	0.36842	1	Inf	1	-Inf:Inf	
KIR3DL0,A1BG	3,3	Prot	value>cut,value>cut	6	6	1	0.16905	0.31667	1	1	3.55325	-1.4227			0.3	0.3	1	Inf	1	-Inf:Inf	
X00000053274,TNNT2	3,1	Prot	value>cut,value<cut	6	6	1	0.17143	0.33333	1	1	1.5977	-2.3496			0.3	0.3	1	Inf	1	-Inf:Inf	
TARM1,ESR1	3,1	NonProt	value>cut,value<cut	6	6	1	0.17143	0.35294	1	1	1.9863	0.6558			0.31579	0.31579	1	Inf	1	-Inf:Inf	
KIR3DL0,LOC701920,X00000064313	1,1,1	NonProt	value<cut,value<cut,value<cut	6	6	1	0.17143	0.35294	1	1	2.778	5.2565	-2.7398		0.31579	0.31579	1	Inf	1	-Inf:Inf	
STARD8,C5H4orf45	3,3	NonProt	value>cut,value>cut	6	6	1	0.17143	0.35294	1	1	1.4296	1.7938			0.31579	0.31579	1	Inf	1	-Inf:Inf	
KIR3DL0,CBS	2,3	Prot	cut<value<cut,value>cut	6	6	1	0.17143	0.33333	1	1	2.778	3.4725	-0.1472		0.3	0.3	1	Inf	1	-Inf:Inf	
LOC719667,HCN2	1,1	Prot	value<cut,value<cut	6	6	1	0.17143	0.33333	1	1	3.9415	-2.8193			0.3	0.3	1	Inf	1	-Inf:Inf	
LOC709056,TMX2	3,3	Prot	value>cut,value>cut	6	6	1	0.16905	0.31667	1	1	0.6991	3.2415			0.3	0.3	1	Inf	1	-Inf:Inf	
CFAP70,HCN2	2,1	Prot	cut<value<cut,value<cut	6	6	1	0.17143	0.33333	1	1	0.268	2.3725	-2.8193		0.3	0.3	1	Inf	1	-Inf:Inf	
F2RL3,LTC4S	3,3	NonProt	value>cut,value>cut	6	6	1	0.17143	0.35294	1	1	-1.936	0.5971			0.31579	0.31579	1	Inf	1	-Inf:Inf	
STARD8,MYH15	3,2	NonProt	value>cut,cut<value<cut	6	6	1	0.17143	0.35294	1	1	1.4296	-2.3565	-1.484		0.31579	0.31579	1	Inf	1	-Inf:Inf	
STARD8,X00000053012	3,1	NonProt	value>cut,value<cut	7	7	1	0.2	0.41176	1	1	1.4296	2.6137			0.36842	0.36842	1	Inf	1	-Inf:Inf	
X00000053012,LTC4S	1,3	NonProt	value<cut,value>cut	7	7	1	0.2	0.41176	1	1	2.6137	0.5971			0.36842	0.36842	1	Inf	1	-Inf:Inf	
STARD8,LOC702786	3,2	NonProt	value>cut,cut<value<cut	6	6	1	0.17143	0.35294	1	1	1.4296	-4.9522	0.1931		0.31579	0.31579	1	Inf	1	-Inf:Inf	
STARD8,TARM1	3,3	NonProt	value>cut,value>cut	7	7	1	0.2	0.41176	1	1	1.4296	1.9863			0.36842	0.36842	1	Inf	1	-Inf:Inf	
LOC701920,MYH15	1,2	NonProt	value<cut,cut<value<cut	6	6	1	0.17143	0.35294	1	1	5.2565	-2.3565	-1.484		0.31579	0.31579	1	Inf	1	-Inf:Inf	
C5H4orf45,MYH15	3,2	NonProt	value>cut,cut<value<cut	7	7	1	0.2	0.41176	1	1	1.7938	-2.3565	-1.484		0.36842	0.36842	1	Inf	1	-Inf:Inf	
THRB,LTC4S	2,3	NonProt	cut<value<cut,value>cut	6	6	1	0.17143	0.35294	1	1	-4.8763	-2.9111	0.5971		0.31579	0.31579	1	Inf	1	-Inf:Inf	
TMX2,C5H4orf45	1,3	NonProt	value<cut,value>cut	6	6	1	0.17143	0.35294	1	1	2.898	1.7938			0.31579	0.31579	1	Inf	1	-Inf:Inf	
TMX2,KRTAP29.1	1,2	NonProt	value<cut,cut<value<cut	7	6	0.85714	0.19444	0.375	1	1	2.898	-5.0275	-1.0795		0.36842	0.31579	1	6.31578947368421	1	0.836:47.694	
TMX2,LOC702786	1,2	NonProt	value<cut,cut<value<cut	7	6	0.85714	0.19444	0.375	1	1	2.898	-5.0272	-0.9418		0.36842	0.31579	1	6.31578947368421	1	0.836:47.694	
X00000053274,TNNT2	1,3	NonProt	value<cut,value>cut	6	6	1	0.16667	0.375	1	1	-0.3996	-0.8503			0.31579	0.31579	1	Inf	1	-Inf:Inf	
ESR1,C5H4orf45	3,1	Prot	value>cut,value<cut	6	6	1	0.16667	0.3	1	1	1.041	0.0537			0.3	0.3	1	Inf	1	-Inf:Inf	
X00000037843,LOC709056	3,1	NonProt	value>cut,value<cut	7	6	0.85714	0.19444	0.375	1	1	2.7269	-0.427			0.36842	0.31579	1	6.31578947368421	1	0.836:47.694	
FABP5,X00000037843	3,3	NonProt	value>cut,value>cut	6	6	1	0.16667	0.375	1	1	2.415	2.7269			0.31579	0.31579	1	Inf	1	-Inf:Inf	
VSTM1,DLK1	3,3	NonProt	value>cut,value>cut	7	6	0.85714	0.19444	0.375	1	1	5.1115	-0.3153			0.36842	0.31579	1	6.31578947368421	1	0.836:47.694	
X00000053012,ZNF576	1,1	NonProt	value<cut,value<cut	8	7	0.875	0.22222	0.4375	1	1	2.6072	3.741			0.42105	0.36842	1	7.36842105263158	1	0.998:54.391	
TMX2,X00000053012	1,1	NonProt	value<cut,value<cut	7	6	0.85714	0.19444	0.375	1	1	2.898	2.6072			0.36842	0.31579	1	6.31578947368421	1	0.836:47.694	
LOC709056,C5H4orf45	1,3	NonProt	value<cut,value>cut	7	6	0.85714	0.19444	0.375	1	1	-0.427	1.5752			0.36842	0.31579	1	6.31578947368421	1	0.836:47.694	
TMX2,X00000060253	1,1	NonProt	value<cut,value<cut	7	6	0.85714	0.19444	0.375	1	1	2.898	1.1452			0.36842	0.31579	1	6.31578947368421	1	0.836:47.694	
FABP5,HEY1	3,3	NonProt	value>cut,value>cut	6	6	1	0.16667	0.375	1	1	2.415	-0.8857			0.31579	0.31579	1	Inf	1	-Inf:Inf	
LILRB1,ZNF576	3,1	NonProt	value>cut,value<cut	6	6	1	0.16667	0.375	1	1	7.711	3.741			0.31579	0.31579	1	Inf	1	-Inf:Inf	
FABP5,X00000060146	1,1	Prot	value<cut,value<cut	7	7	1	0.19444	0.35	1	1	1.9987	-4.8295			0.35	0.35	1	Inf	1	-Inf:Inf	
X00000053012,X00000064369	3,3	Prot	value>cut,value>cut	6	6	1	0.16667	0.3	1	1	2.8597	3.182			0.3	0.3	1	Inf	1	-Inf:Inf	
X00000059200,A1BG	3,3	Prot	value>cut,value>cut	6	6	1	0.16667	0.3	1	1	2.6772	-1.492			0.3	0.3	1	Inf	1	-Inf:Inf	
A1BG,LAMC1	3,1	Prot	value>cut,value<cut	6	6	1	0.16667	0.3	1	1	-1.492	0.903			0.3	0.3	1	Inf	1	-Inf:Inf	
TMX2,LAMC1	3,2	Prot	value>cut,cut<value<cut	6	6	1	0.16667	0.3	1	1	3.24	0.903	1.7434		0.3	0.3	1	Inf	1	-Inf:Inf	
FABP5,TNNT2	1,2	Prot	value<cut,cut<value<cut	6	6	1	0.16667	0.3	1	1	1.9987	-2.4981	-0.8503		0.3	0.3	1	Inf	1	-Inf:Inf	
TMX2,X00000059995	3,3	Prot	value>cut,value>cut	6	6	1	0.16667	0.3	1	1	3.24	0.6499			0.3	0.3	1	Inf	1	-Inf:Inf	
DLK1,LOC715623	2,3	Prot	cut<value<cut,value>cut	6	6	1	0.16667	0.3	1	1	-1.9567	-0.3153	-0.8912		0.3	0.3	1	Inf	1	-Inf:Inf	
X00000053012,LOC702786	1,2	NonProt	value<cut,cut<value<cut	8	7	0.875	0.22222	0.4375	1	1	2.6072	-5.0272	-0.9418		0.42105	0.36842	1	7.36842105263158	1	0.998:54.391	
MYH15,X00000059995	1,2	Prot	value<cut,cut<value<cut	6	6	1	0.16667	0.3	1	1	-2.3981	-0.4414	0.6499		0.3	0.3	1	Inf	1	-Inf:Inf	
FABP5,ESR1	1,3	Prot	value<cut,value>cut	8	8	1	0.22222	0.4	1	1	1.9987	1.041			0.4	0.4	1	Inf	1	-Inf:Inf	
RBM46,X00000059995	1,1	NonProt	value<cut,value<cut	7	6	0.85714	0.19444	0.375	1	1	-2.4387	-0.4414			0.36842	0.31579	1	6.31578947368421	1	0.836:47.694	
X00000060253,MAOA	1,2	NonProt	value<cut,cut<value<cut	7	6	0.85714	0.19444	0.375	1	1	1.1452	0.2151	0.6328		0.36842	0.31579	1	6.31578947368421	1	0.836:47.694	
VSTM1,SMIM2	3,3	NonProt	value>cut,value>cut	7	6	0.85714	0.19444	0.375	1	1	5.1115	0.9118			0.36842	0.31579	1	6.31578947368421	1	0.836:47.694	
X00000059200,THRB	1,3	NonProt	value<cut,value>cut	7	6	0.85714	0.19444	0.375	1	1	-0.446	-3.2442			0.36842	0.31579	1	6.31578947368421	1	0.836:47.694	
CFAP70,THRB	3,3	NonProt	value>cut,value>cut	7	6	0.85714	0.19444	0.375	1	1	2.1847	-3.2442			0.36842	0.31579	1	6.31578947368421	1	0.836:47.694	
TMX2,A1BG	3,3	Prot	value>cut,value>cut	7	7	1	0.19444	0.35	1	1	3.24	-1.492			0.35	0.35	1	Inf	1	-Inf:Inf	
DLK1,LAMC1	2,2	Prot	cut<value<cut,cut<value<cut	6	6	1	0.16667	0.3	1	1	-1.9567	-0.3153	0.903	1.7434	0.3	0.3	1	Inf	1	-Inf:Inf	
LOC719667,TRIM16	2,3	Prot	cut<value<cut,value>cut	6	6	1	0.16667	0.3	1	1	3.9415	4.9555	-0.9464		0.3	0.3	1	Inf	1	-Inf:Inf	
CBS,X00000064369	2,3	Prot	cut<value<cut,value>cut	6	6	1	0.16667	0.3	1	1	-1.861	0.0807	3.182		0.3	0.3	1	Inf	1	-Inf:Inf	
TMX2,C5H4orf45	3,2	Prot	value>cut,cut<value<cut	6	6	1	0.16667	0.3	1	1	3.24	0.0537	1.5752		0.3	0.3	1	Inf	1	-Inf:Inf	
FABP5,TARM1	1,2	Prot	value<cut,cut<value<cut	6	6	1	0.16667	0.3	1	1	1.9987	1.2466	1.8996		0.3	0.3	1	Inf	1	-Inf:Inf	
X00000059200,DLK1	3,2	Prot	value>cut,cut<value<cut	6	6	1	0.16667	0.3	1	1	2.6772	-1.9567	-0.3153		0.3	0.3	1	Inf	1	-Inf:Inf	
FABP5,SMIM2	1,2	Prot	value<cut,cut<value<cut	6	6	1	0.16667	0.3	1	1	1.9987	-0.2965	0.9118		0.3	0.3	1	Inf	1	-Inf:Inf	
LOC719667,LOC709056	2,2	Prot	cut<value<cut,cut<value<cut	6	6	1	0.16667	0.3	1	1	3.9415	4.9555	-0.427	0.7155	0.3	0.3	1	Inf	1	-Inf:Inf	
TRIM16,X00000064369	3,3	Prot	value>cut,value>cut	6	6	1	0.16667	0.3	1	1	-0.9464	3.182			0.3	0.3	1	Inf	1	-Inf:Inf	
FABP5,CFAP70	3,3	NonProt	value>cut,value>cut	7	6	0.85714	0.19444	0.375	1	1	2.415	2.1847			0.36842	0.31579	1	6.31578947368421	1	0.836:47.694	
FABP5,X00000060146	3,3	NonProt	value>cut,value>cut	7	6	0.85714	0.19444	0.375	1	1	2.415	-3.0275			0.36842	0.31579	1	6.31578947368421	1	0.836:47.694	
A1BG,X00000064369	3,3	Prot	value>cut,value>cut	7	7	1	0.19444	0.35	1	1	-1.492	3.182			0.35	0.35	1	Inf	1	-Inf:Inf	
X00000059200,X00000064369	3,3	Prot	value>cut,value>cut	6	6	1	0.16667	0.3	1	1	2.6772	3.182			0.3	0.3	1	Inf	1	-Inf:Inf	
KRTAP29.1,ZNF576	2,1	NonProt	cut<value<cut,value<cut	7	6	0.85714	0.19444	0.375	1	1	-5.0275	-1.0795	3.741		0.36842	0.31579	1	6.31578947368421	1	0.836:47.694	
TARM1,KRTAP29.1	3,2	NonProt	value>cut,cut<value<cut	7	6	0.85714	0.19444	0.375	1	1	1.8996	-5.0275	-1.0795		0.36842	0.31579	1	6.31578947368421	1	0.836:47.694	
LOC715623,ZNF576	1,1	NonProt	value<cut,value<cut	7	6	0.85714	0.19444	0.375	1	1	-1.8035	3.741			0.36842	0.31579	1	6.31578947368421	1	0.836:47.694	
LOC702786,ZNF576	2,1	NonProt	cut<value<cut,value<cut	7	6	0.85714	0.19444	0.375	1	1	-5.0272	-0.9418	3.741		0.36842	0.31579	1	6.31578947368421	1	0.836:47.694	
DLK1,CTH	3,3	NonProt	value>cut,value>cut	8	7	0.875	0.22222	0.4375	1	1	-0.3153	-0.9715			0.42105	0.36842	1	7.36842105263158	1	0.998:54.391	
LOC709056,F2RL3	1,3	NonProt	value<cut,value>cut	6	6	1	0.16667	0.375	1	1	-0.427	-2.0085			0.31579	0.31579	1	Inf	1	-Inf:Inf	
F2RL3,X00000060253	3,1	NonProt	value>cut,value<cut	6	6	1	0.16667	0.375	1	1	-2.0085	1.1452			0.31579	0.31579	1	Inf	1	-Inf:Inf	
X00000037843,ZNF576	3,1	NonProt	value>cut,value<cut	6	6	1	0.16667	0.375	1	1	2.7269	3.741			0.31579	0.31579	1	Inf	1	-Inf:Inf	
FABP5,LOC114669850	3,2	NonProt	value>cut,cut<value<cut	7	6	0.85714	0.19444	0.375	1	1	2.415	-0.0248	1.4615		0.36842	0.31579	1	6.31578947368421	1	0.836:47.694	
X00000060146,CTH	3,3	NonProt	value>cut,value>cut	7	6	0.85714	0.19444	0.375	1	1	-3.0275	-0.9715			0.36842	0.31579	1	6.31578947368421	1	0.836:47.694	
F2RL3,SMIM2	3,3	NonProt	value>cut,value>cut	7	6	0.85714	0.19444	0.375	1	1	-2.0085	0.9118			0.36842	0.31579	1	6.31578947368421	1	0.836:47.694	
LILRB1,SMIM2	3,3	NonProt	value>cut,value>cut	6	6	1	0.16667	0.375	1	1	7.711	0.9118			0.31579	0.31579	1	Inf	1	-Inf:Inf	
TNNT2,LOC709056	3,1	NonProt	value>cut,value<cut	6	6	1	0.16667	0.375	1	1	-0.8503	-0.427			0.31579	0.31579	1	Inf	1	-Inf:Inf	
F2RL3,X00000053012	3,1	NonProt	value>cut,value<cut	7	6	0.85714	0.19444	0.375	1	1	-2.0085	2.6072			0.36842	0.31579	1	6.31578947368421	1	0.836:47.694	
ESR1,LTC4S	1,2	NonProt	value<cut,cut<value<cut	7	6	0.85714	0.19444	0.375	1	1	0.6029	-0.5579	0.4918		0.36842	0.31579	1	6.31578947368421	1	0.836:47.694	
TARM1,X00000053012	3,1	NonProt	value>cut,value<cut	7	6	0.85714	0.19444	0.375	1	1	1.8996	2.6072			0.36842	0.31579	1	6.31578947368421	1	0.836:47.694	
X00000053012,SMIM2	1,3	NonProt	value<cut,value>cut	6	6	1	0.16667	0.375	1	1	2.6072	0.9118			0.31579	0.31579	1	Inf	1	-Inf:Inf	
F2RL3,LAMC1	3,3	NonProt	value>cut,value>cut	7	6	0.85714	0.19444	0.375	1	1	-2.0085	1.7434			0.36842	0.31579	1	6.31578947368421	1	0.836:47.694	
F2RL3,ESR1	3,1	NonProt	value>cut,value<cut	7	6	0.85714	0.19444	0.375	1	1	-2.0085	0.6029			0.36842	0.31579	1	6.31578947368421	1	0.836:47.694	
LILRB1,LAMC1	3,3	NonProt	value>cut,value>cut	6	6	1	0.16667	0.375	1	1	7.711	1.7434			0.31579	0.31579	1	Inf	1	-Inf:Inf	
X00000053012,KRTAP29.1	1,2	NonProt	value<cut,cut<value<cut	8	7	0.875	0.22222	0.4375	1	1	2.6072	-5.0275	-1.0795		0.42105	0.36842	1	7.36842105263158	1	0.998:54.391	
