features,levels,decision,supportRHS,accuracyRHS,Therotical_Accuracy,cuts,cut1,cut2,cut3,cut4,Combinatorial_gain
LOC701920,1,NonProt,12,0.91987,0.8,value<cut,5.27,,,,-0.11987
TMX2,3,Prot,10,0.90455,0.0867579908675799,value>cut,3.24,,,,-0.81779200913242
KIR3DL0,1,NonProt,11,0.91667,0.8,value<cut,2.9505,,,,-0.11667
KRTAP29.1,2,NonProt,11,0.91667,0.785714285714286,cut<value<cut,-5.023,-4.338,,,-0.130955714285714
LOC702786,2,NonProt,11,0.91667,0.785714285714286,cut<value<cut,-5.0229,-2.3455,,,-0.130955714285714
LOC709056,1,NonProt,11,0.88889,0.846153846153846,value<cut,-0.40267,,,,-0.0427361538461538
X00000037843,1,Prot,11,0.91667,0.0699476845572564,value<cut,2.46806,,,,-0.846722315442744
VSTM1,1,Prot,11,0.91667,0.0699476845572564,value<cut,4.34514,,,,-0.846722315442744
STARD8,2,Prot,11,0.91667,0.247091033538672,cut<value<cut,0.6394,1.4946,,,-0.669578966461328
LTC4S,1,Prot,11,0.91667,0.140960562280359,value<cut,-0.4734,,,,-0.775709437719641
FABP5,1,Prot,11,0.91667,0.621342512908778,value<cut,1.9987,,,,-0.295327487091222
X00000064715,3,Prot,10,0.90909,0.152901313002965,value>cut,1.8839,,,,-0.756188686997035
"LOC701920,KRTAP29.1","3,1",Prot,6,0.85714,0.31378379614804,"value>cut,value<cut",5.525,-5.0055,,,-0.54335620385196
"THRB,X00000058729","1,3",Prot,6,0.88929,0.310938845822567,"value<cut,value>cut",-4.87374,-2.3494,,,-0.578351154177433
"TMEM38A,X00000058729","1,3",Prot,6,0.86607,0.375650364203954,"value<cut,value>cut",2.7915,-2.3497,,,-0.490419635796046
"LOC709056,SDK2","3,3",Prot,6,0.89732,0.64108795214506,"value>cut,value>cut",0.6909,0.59215,,,-0.25623204785494
"KRTAP29.1,LTC4S","1,1",Prot,6,0.85714,0.771075841347382,"value<cut,value<cut",-5.02017,-0.464,,,-0.0860641586526178
"LOC719667,KRTAP29.1","1,1",Prot,6,0.85714,0.354305490986105,"value<cut,value<cut",4.2055,-5.0055,,,-0.502834509013895
"STARD8,X00000058729","2,3",Prot,6,0.90476,0.0716360441947661,"cut<value<cut,value>cut",0.64323,1.4421,-2.39103,,-0.833123955805234
"X00000037843,KRTAP29.1","1,1",Prot,6,1,0.102589030646585,"value<cut,value<cut",2.4673,-5.0055,,,-0.897410969353415
"X00000037843,LOC719667","1,1",Prot,6,1,0.151549967962173,"value<cut,value<cut",2.4673,4.2055,,,-0.848450032037827
"X00000053012,ZNF576","2,2",Prot,7,0.96429,0.138493844942353,"cut<value<cut,cut<value<cut",2.5784,2.86305,3.746,3.94237,-0.825796155057647
"LOC715623,X00000058729","3,3",Prot,6,0.92857,0.511695569315492,"value>cut,value>cut",-0.63882,-2.41852,,,-0.416874430684508
"LTC4S,X00000058729","1,3",Prot,6,1,0.36369902964102,"value<cut,value>cut",-0.464,-2.4671,,,-0.63630097035898
"LOC719667,LOC701920","1,3",Prot,6,1,0.507109939128078,"value<cut,value>cut",4.2055,5.525,,,-0.492890060871923
"X00000037843,LOC702786","1,1",Prot,6,1,0.102589030646585,"value<cut,value<cut",2.4673,-5.0053,,,-0.897410969353415
"X00000037843,X00000058729","1,3",Prot,7,1,0.192349757424493,"value<cut,value>cut",2.47125,-2.32906,,,-0.807650242575507
"X00000064715,HCN2","3,1",Prot,6,1,0.282106121167026,"value>cut,value<cut",1.789,-2.7443,,,-0.717893878832974
"X00000064369,X00000058729","1,1",NonProt,6,0.85714,0.669975186104218,"value<cut,value<cut",2.5624,-4.6471,,,-0.187164813895782
"X00000064715,LOC709056","2,1",NonProt,6,0.90476,0.928705440900563,"cut<value<cut,value<cut",-0.0597,1.81807,-0.43657,,0.0239454409005628
"X00000064715,ESR1","2,1",NonProt,6,1,0.887573964497042,"cut<value<cut,value<cut",-0.0597,1.81807,0.55437,,-0.112426035502958
"X00000064715,THRB","2,3",NonProt,6,1,0.542168674698795,"cut<value<cut,value>cut",-0.0597,1.81807,-3.1894,,-0.457831325301205
"X00000053274,X00000064369","1,1",NonProt,6,1,0.681959082455053,"value<cut,value<cut",-0.3548,2.5773,,,-0.318040917544947
"ESR1,MYH15","1,3",NonProt,6,1,0.658682634730539,"value<cut,value>cut",0.6029,-1.484,,,-0.341317365269461
"FABP5,LAMC1","3,3",NonProt,6,1,0.75,"value>cut,value>cut",2.48146,1.7959,,,-0.25
"RBM46,X00000059995","3,2",Prot,6,0.86161,0.435550444151244,"value>cut,cut<value<cut",-1.14562,-0.39362,0.66035,,-0.426059555848756
"LOC701920,X00000059995","2,2",Prot,6,0.85714,0.0708142764224285,"cut<value<cut,cut<value<cut",5.2565,5.525,-0.2925,0.6708,-0.786325723577571
"LOC701920,C5H4orf45","2,1",Prot,6,0.86607,0.102589030646585,"cut<value<cut,value<cut",5.26133,5.5275,0.18078,,-0.763480969353415
"X00000053274,X00000064313","3,2",Prot,6,0.90476,0.19962746296458,"value>cut,cut<value<cut",1.3482,-2.666,-1.27233,,-0.70513253703542
"TMX2,LAMC1","3,2",Prot,6,0.90476,0.152901313002965,"value>cut,cut<value<cut",3.24,0.9085,1.77247,,-0.751858686997035
"RBM46,TRIM16","3,3",Prot,6,1,0.119233733348013,"value>cut,value>cut",-1.06058,-0.96295,,,-0.880766266651987
"C5H4orf45,X00000060253","1,3",Prot,6,1,0.538989443906017,"value<cut,value>cut",0.23172,2.05402,,,-0.461010556093983
"STARD8,TMX2","1,3",Prot,6,1,0.216155897882532,"value<cut,value>cut",0.65991,3.23806,,,-0.783844102117468
"LOC719667,TMX2","1,3",Prot,6,1,0.152901313002965,"value<cut,value>cut",4.10025,3.24,,,-0.847098686997035
"X00000060253,X00000059995","3,2",Prot,6,0.96875,0.435550444151244,"value>cut,cut<value<cut",2.04115,-0.39853,0.64223,,-0.533199555848756
LOC719667,3,NonProt,10,0.90909,0.833333333333333,value>cut,4.9985,,,,-0.0757566666666666
"LOC719667,X00000060253","3,2",NonProt,6,0.92857,0.783475783475783,"value>cut,cut<value<cut",4.964,1.2214,2.0577,,-0.145094216524217
"X00000037843,LOC719667","2,3",NonProt,6,1,0.928705440900563,"cut<value<cut,value>cut",2.4673,2.7623,4.964,,-0.0712945590994372
"LOC719667,LOC709056","3,1",NonProt,7,0.98611,0.488997555012225,"value>cut,value<cut",4.98639,-0.41689,,,-0.497112444987775
"LOC701920,C5H4orf45","1,3",NonProt,6,0.84184,0.737327188940092,"value<cut,value>cut",5.25507,1.7578,,,-0.104512811059908
"LOC701920,TRIM16","1,1",NonProt,6,0.89286,0.612244897959184,"value<cut,value<cut",5.26025,-1.67452,,,-0.280615102040816
"TMX2,LOC701920","1,1",NonProt,6,0.97143,0.126436781609195,"value<cut,value<cut",2.8886,5.2619,,,-0.844993218390805
"TARM1,ZNF576","2,1",NonProt,6,0.85714,0.698412698412698,"cut<value<cut,value<cut",1.32055,2.0381,3.751,,-0.158727301587302
"LOC701920,KRTAP29.1","1,2",NonProt,8,0.91333,0.558139534883721,"value<cut,cut<value<cut",5.2541,-4.987,-1.8781,,-0.355190465116279
"VSTM1,A1BG","3,1",NonProt,6,0.90476,0.583941605839416,"value>cut,value<cut",5.18617,-1.9115,,,-0.320818394160584
"DLK1,X00000060253","3,1",NonProt,6,0.85714,0.762829403606103,"value>cut,value<cut",-0.1047,1.2214,,,-0.0943105963938975
"LOC701920,DLK1","1,3",NonProt,7,0.89236,0.534521158129176,"value<cut,value>cut",5.25863,-0.03337,,,-0.357838841870824
"LOC701920,LOC702786","1,2",NonProt,8,0.90208,0.534521158129176,"value<cut,cut<value<cut",5.25538,-4.97151,-1.74786,,-0.367558841870824
"VSTM1,LTC4S","3,3",NonProt,6,0.88929,0.639810426540284,"value>cut,value>cut",5.228,0.6264,,,-0.249479573459716
"X00000053012,LTC4S","1,3",NonProt,6,0.88929,0.684647302904564,"value<cut,value>cut",2.57564,0.61468,,,-0.204642697095436
"LOC709056,LOC701920","1,1",NonProt,8,1,0.491071428571429,"value<cut,value<cut",-0.40942,5.25538,,,-0.508928571428571
"LOC701920,THRB","1,2",NonProt,6,1,0.716417910447761,"value<cut,cut<value<cut",5.2565,-4.88715,-3.07415,,-0.283582089552239
"VSTM1,KRTAP29.1","3,2",NonProt,7,1,0.3690036900369,"value>cut,cut<value<cut",5.20586,-5.00121,-1.21657,,-0.6309963099631
"LOC719667,LOC701920","3,1",NonProt,7,1,0.467289719626168,"value>cut,value<cut",4.98639,5.25406,,,-0.532710280373832
"LOC701920,LILRB1","1,3",NonProt,6,1,0.677966101694915,"value<cut,value>cut",5.25507,7.73143,,,-0.322033898305085
"LOC701920,ZNF576","1,1",NonProt,7,1,0.534521158129176,"value<cut,value<cut",5.25375,3.74763,,,-0.465478841870824
"LILRB1,USP31","3,2",NonProt,6,1,0.69284064665127,"value>cut,cut<value<cut",7.7569,0.15826,0.70688,,-0.30715935334873
"LOC719667,DLK1","3,3",NonProt,7,1,0.488997555012225,"value>cut,value>cut",4.98415,-0.00348,,,-0.511002444987775
"LTC4S,X00000058729","3,2",NonProt,6,1,0.555073720728534,"value>cut,cut<value<cut",0.685,-4.6471,-2.3497,,-0.444926279271466
"VSTM1,LOC701920","3,1",NonProt,7,1,0.3690036900369,"value>cut,value<cut",5.19733,5.25706,,,-0.6309963099631
"LOC701920,X00000058729","1,2",NonProt,6,1,0.654545454545455,"value<cut,cut<value<cut",5.2615,-4.6976,-2.4671,,-0.345454545454545
"LOC701920,X00000053012","1,1",NonProt,8,0.98765,0.534521158129176,"value<cut,value<cut",5.25839,2.57657,,,-0.453128841870824
"LOC701920,X00000056965","1,1",NonProt,6,1,0.759493670886076,"value<cut,value<cut",5.26333,-3.45592,,,-0.240506329113924
"X00000064715,TRIM16","2,1",NonProt,6,1,0.486486486486487,"cut<value<cut,value<cut",-0.06644,1.84448,-1.76526,,-0.513513513513514
"X00000064715,LOC701920","2,1",NonProt,6,1,0.883435582822086,"cut<value<cut,value<cut",-0.0597,1.88472,5.26325,,-0.116564417177914
"X00000064715,CBS","2,1",NonProt,6,0.85714,0.850393700787402,"cut<value<cut,value<cut",-0.0597,1.789,-1.674,,-0.00674629921259851
"X00000053274,ESR1","1,1",NonProt,6,0.87755,0.512820512820513,"value<cut,value<cut",-0.342,0.57193,,,-0.364729487179487
"X00000053274,X00000037843","1,2",NonProt,6,1,0.762829403606103,"value<cut,cut<value<cut",-0.3751,2.47186,2.8798,,-0.237170596393898
"X00000053274,X00000059995","1,1",NonProt,6,1,0.759493670886076,"value<cut,value<cut",-0.45233,-0.3794,,,-0.240506329113924
"FABP5,TMEM38A","3,2",NonProt,7,1,0.714285714285714,"value>cut,cut<value<cut",2.47014,2.78569,3.22081,,-0.285714285714286
"X00000053274,X00000060253","1,2",NonProt,6,1,0.878594249201278,"value<cut,cut<value<cut",-0.4787,1.2214,2.0577,,-0.121405750798722
"FABP5,X00000053274","3,1",NonProt,6,1,0.731707317073171,"value>cut,value<cut",2.51568,-0.34384,,,-0.268292682926829
"X00000064369,LAMC1","1,3",NonProt,7,1,0.36241610738255,"value<cut,value>cut",2.57916,1.77284,,,-0.63758389261745
"X00000060146,LAMC1","1,1",Prot,6,0.89286,0.406845008600747,"value<cut,value<cut",-4.82838,0.92522,,,-0.486014991399253
"FABP5,ESR1","1,3",Prot,7,0.8852,0.895547721634678,"value<cut,value>cut",1.99139,1.05953,,,0.0103477216346782
"USP31,SMIM2","1,1",Prot,6,0.88393,0.344742020093337,"value<cut,value<cut",0.16395,-0.26458,,,-0.539187979906663
"RBM46,USP31","3,1",Prot,6,1,0.511695569315492,"value>cut,value<cut",-1.07568,0.1676,,,-0.488304430684508
"ESR1,X00000060253","3,3",Prot,6,1,0.562566640238401,"value>cut,value>cut",1.04262,2.05162,,,-0.437433359761599
"ESR1,SMIM2","3,1",Prot,6,1,0.300056870379282,"value>cut,value<cut",1.05813,-0.25503,,,-0.699943129620718
"VSTM1,ESR1","1,3",Prot,6,0.97959,0.263210407152999,"value<cut,value>cut",4.37486,1.04944,,,-0.716379592847001
"FABP5,VSTM1","1,1",Prot,6,1,0.953654354173425,"value<cut,value<cut",1.99022,4.37131,,,-0.0463456458265746
"TARM1,ESR1","1,3",Prot,6,0.92857,0.310938845822567,"value<cut,value>cut",1.3287,1.05385,,,-0.617631154177433
"X00000037843,VSTM1","1,1",Prot,8,1,0.300056870379282,"value<cut,value<cut",2.47125,4.40335,,,-0.699943129620718
"ESR1,LTC4S","3,1",Prot,6,1,0.485361758518871,"value>cut,value<cut",1.06024,-0.45371,,,-0.514638241481129
"LOC701920,X00000060253","2,3",Prot,6,1,0.0708142764224285,"cut<value<cut,value>cut",5.2565,5.525,2.0577,,-0.929185723577571
"X00000037843,ESR1","1,3",Prot,6,1,0.263210407152999,"value<cut,value>cut",2.473,1.05385,,,-0.736789592847001
"X00000037843,HCN2","1,1",Prot,6,1,0.164216267746801,"value<cut,value<cut",2.473,-2.7443,,,-0.835783732253199
"STARD8,ESR1","2,3",Prot,6,1,0.0708142764224285,"cut<value<cut,value>cut",0.6777,1.47293,1.0662,,-0.929185723577571
"X00000053274,DLK1","2,2",Prot,6,1,0.246204099213899,"cut<value<cut,cut<value<cut",-0.32145,1.49005,-1.88425,-0.1299,-0.753795900786102
X00000060253,3,Prot,10,0.90909,0.152901313002965,value>cut,2.0577,,,,-0.756188686997035
"TARM1,A1BG","1,3",Prot,6,0.92857,0.403652627655609,"value<cut,value>cut",1.3571,-1.4275,,,-0.524917372344391
"VSTM1,C5H4orf45","1,1",Prot,6,0.85714,0.343811090503944,"value<cut,value<cut",4.51425,0.3585,,,-0.513328909496056
"STARD8,SMIM2","2,1",Prot,6,0.85714,0.144829916172217,"cut<value<cut,value<cut",0.65223,1.46377,-0.26567,,-0.712310083827784
"VSTM1,X00000053012","1,3",Prot,7,0.90179,0.322639823133732,"value<cut,value>cut",4.46225,2.86305,,,-0.579150176866268
"VSTM1,DLK1","1,1",Prot,6,0.8631,0.20458951847838,"value<cut,value<cut",4.45833,-1.814,,,-0.65851048152162
"VSTM1,THRB","1,1",Prot,6,0.98611,0.0362413412308001,"value<cut,value<cut",4.38272,-4.86854,,,-0.9498686587692
"C5H4orf45,SMIM2","1,1",Prot,6,0.88095,0.344742020093337,"value<cut,value<cut",0.20205,-0.2724,,,-0.536207979906663
"RBM46,DLK1","3,1",Prot,6,1,0.316464824425446,"value>cut,value<cut",-1.10091,-1.86344,,,-0.683535175574554
"TNNT2,USP31","1,1",Prot,6,1,0.310938845822567,"value<cut,value<cut",-2.38093,0.12858,,,-0.689061154177433
"RBM46,X00000060253","3,3",Prot,6,1,0.588300883437688,"value>cut,value>cut",-1.04902,2.06753,,,-0.411699116562312
"LOC709056,X00000059995","2,2",Prot,6,1,0.0932871514255793,"cut<value<cut,cut<value<cut",-0.38013,0.74747,-0.36533,0.68733,-0.906712848574421
"TARM1,USP31","1,1",Prot,7,1,0.23126201153107,"value<cut,value<cut",1.3367,0.12113,,,-0.76873798846893
"X00000037843,A1BG","1,3",Prot,7,1,0.263210407152999,"value<cut,value>cut",2.47042,-1.44604,,,-0.736789592847001
"RBM46,C5H4orf45","3,1",Prot,6,1,0.461605760818359,"value>cut,value<cut",-1.18535,0.1759,,,-0.538394239181641
"X00000053012,ZNF576","3,3",Prot,7,1,0.291553905663318,"value>cut,value>cut",2.86586,3.94206,,,-0.708446094336682
"TMEM38A,A1BG","1,3",Prot,6,1,0.403652627655609,"value<cut,value>cut",2.7702,-1.43124,,,-0.596347372344391
"STARD8,X00000060253","2,3",Prot,6,1,0.0489256426290549,"cut<value<cut,value>cut",0.62999,1.4399,2.05759,,-0.951074357370945
"RBM46,MAOA","3,1",Prot,6,1,0.27226537174008,"value>cut,value<cut",-1.2248,0.2298,,,-0.72773462825992
"TNNT2,RBM46","1,3",Prot,6,1,0.378568376898279,"value<cut,value>cut",-2.38473,-1.03213,,,-0.621431623101721
"FABP5,LILRB1","2,1",Prot,6,1,0.416732486785345,"cut<value<cut,value<cut",1.9859,2.572,7.255,,-0.583267513214655
"STARD8,X00000053012","1,2",Prot,6,0.86161,0.487872537164806,"value<cut,cut<value<cut",0.6519,2.59872,2.88135,,-0.373737462835195
"STARD8,LAMC1","1,2",Prot,6,0.97959,0.487872537164806,"value<cut,cut<value<cut",0.66117,0.91806,1.78641,,-0.491717462835195
"X00000053012,LOC715623","2,3",Prot,6,1,0.0957172162603442,"cut<value<cut,value>cut",2.5668,2.8731,-0.4805,,-0.904282783739656
"LOC715623,C5H4orf45","3,1",Prot,6,1,0.487872537164806,"value>cut,value<cut",-0.53615,0.1759,,,-0.512127462835195
"X00000064715,USP31","3,1",Prot,7,1,0.36369902964102,"value>cut,value<cut",1.93282,0.12571,,,-0.63630097035898
"TRIM16,ZNF576","3,2",Prot,6,0.85714,0.271286407214265,"value>cut,cut<value<cut",-1.0518,3.741,3.9475,,-0.585853592785735
"RBM46,SMIM2","3,1",Prot,6,0.89732,0.366578713481778,"value>cut,value<cut",-1.1131,-0.2631,,,-0.530741286518222
"TARM1,LAMC1","1,2",Prot,6,1,0.184089750127486,"value<cut,cut<value<cut",1.2466,0.8991,1.7449,,-0.815910249872514
"X00000064715,MYH15","3,1",Prot,6,1,0.34194127324393,"value>cut,value<cut",1.8108,-2.3565,,,-0.65805872675607
"TNNT2,X00000058729","1,3",Prot,6,1,0.310938845822567,"value<cut,value>cut",-2.361,-2.3497,,,-0.689061154177433
"FABP5,SMIM2","1,1",Prot,6,1,0.810852346613075,"value<cut,value<cut",1.9859,-0.2587,,,-0.189147653386925
"X00000064715,CTH","3,2",Prot,6,1,0.20458951847838,"value>cut,cut<value<cut",1.789,-1.424,-0.73,,-0.79541048152162
TNNT2,3,NonProt,10,0.90909,0.333333333333333,value>cut,-0.50797,,,,-0.575756666666667
"X00000059200,LOC709056","2,1",NonProt,6,0.85714,0.885311871227364,"cut<value<cut,value<cut",-0.4896,2.59905,-0.44135,,0.0281718712273642
"X00000053012,X00000058729","1,2",NonProt,6,0.85714,0.743243243243243,"value<cut,cut<value<cut",2.57738,-4.5584,-2.37966,,-0.113896756756757
"LOC701920,SDK2","1,1",NonProt,7,0.91667,0.700525394045534,"value<cut,value<cut",5.2655,-0.79103,,,-0.216144605954466
"X00000053012,LOC702786","1,2",NonProt,8,0.90278,0.512820512820513,"value<cut,cut<value<cut",2.58808,-4.97067,-1.20382,,-0.389959487179487
"LOC702786,SDK2","2,1",NonProt,6,0.86607,0.912442396313364,"cut<value<cut,value<cut",-4.97875,-1.59345,-0.86125,,0.0463723963133641
"RBM46,LOC701920","1,1",NonProt,6,0.88393,0.25974025974026,"value<cut,value<cut",-2.50768,5.255,,,-0.62418974025974
"ESR1,TRIM16","1,1",NonProt,6,0.85714,0.491071428571429,"value<cut,value<cut",0.6029,-1.7125,,,-0.366068571428571
"LOC709056,TMX2","1,1",NonProt,7,1,0.464788732394366,"value<cut,value<cut",-0.42067,2.87764,,,-0.535211267605634
"LOC709056,LOC715623","1,1",NonProt,7,0.98413,0.762829403606103,"value<cut,value<cut",-0.40878,-1.74797,,,-0.221300596393897
"TNNT2,KIR3DL0","3,1",NonProt,6,1,0.125523012552301,"value>cut,value<cut",-0.4817,2.9035,,,-0.874476987447699
"TNNT2,TMX2","3,1",NonProt,6,1,0.0731707317073171,"value>cut,value<cut",-0.58397,2.87425,,,-0.926829268292683
"DLK1,MAOA","3,2",NonProt,6,1,0.72013093289689,"value>cut,cut<value<cut",-0.05985,0.24542,0.69005,,-0.27986906710311
"DLK1,X00000064313","3,1",NonProt,6,1,0.832282471626734,"value>cut,value<cut",-0.1047,-2.6291,,,-0.167717528373266
"TNNT2,LTC4S","3,3",NonProt,6,1,0.164835164835165,"value>cut,value>cut",-0.5371,0.6264,,,-0.835164835164835
"TNNT2,LOC702786","3,2",NonProt,7,0.97024,0.0873362445414847,"value>cut,cut<value<cut",-0.62828,-4.96937,-1.26129,,-0.882903755458515
"X00000064313,LOC702786","1,2",NonProt,6,0.97143,0.182529335071708,"value<cut,cut<value<cut",-2.64636,-4.95742,-1.46312,,-0.788900664928292
"CFAP70,A1BG","3,1",NonProt,6,1,0.486486486486487,"value>cut,value<cut",2.1855,-1.96038,,,-0.513513513513514
"DLK1,ESR1","3,1",NonProt,6,1,0.612244897959184,"value>cut,value<cut",-0.0957,0.6029,,,-0.387755102040816
"X00000053012,X00000060253","1,1",NonProt,6,0.92857,0.762829403606103,"value<cut,value<cut",2.587,1.1833,,,-0.165740596393898
"LOC709056,X00000053012","1,1",NonProt,7,0.95767,0.512820512820513,"value<cut,value<cut",-0.41573,2.57308,,,-0.444849487179487
"X00000037843,LOC701920","3,1",NonProt,6,0.91429,0.344827586206897,"value>cut,value<cut",2.8499,5.2541,,,-0.569462413793104
"TARM1,SDK2","3,1",NonProt,6,0.92857,0.226244343891403,"value>cut,value<cut",2.0122,-0.86125,,,-0.702325656108597
"KIR3DL0,X00000064313","1,1",NonProt,6,0.85714,0.75046904315197,"value<cut,value<cut",2.79083,-2.64647,,,-0.10667095684803
"RBM46,ESR1","1,1",NonProt,6,0.89286,0.392441860465116,"value<cut,value<cut",-2.4917,0.61613,,,-0.500418139534884
"STARD8,ESR1","3,1",NonProt,6,0.88929,0.589390962671906,"value>cut,value<cut",1.4576,0.59924,,,-0.299899037328094
"STARD8,RBM46","3,1",NonProt,6,1,0.743243243243243,"value>cut,value<cut",1.4296,-2.53965,,,-0.256756756756757
"TNNT2,LOC701920","3,1",NonProt,6,1,0.0806451612903226,"value>cut,value<cut",-0.5307,5.2517,,,-0.919354838709677
"KIR3DL0,ESR1","1,1",NonProt,6,1,0.512820512820513,"value<cut,value<cut",2.83575,0.5847,,,-0.487179487179487
"TNNT2,X00000053012","3,1",NonProt,6,1,0.0873362445414847,"value>cut,value<cut",-0.63621,2.56688,,,-0.912663755458515
"LILRB1,HEY1","3,3",NonProt,6,1,0.612244897959184,"value>cut,value>cut",7.763,-0.82943,,,-0.387755102040816
"TNNT2,HCN2","3,3",NonProt,6,0.96429,0.149253731343284,"value>cut,value>cut",-0.63621,-2.15223,,,-0.815036268656716
"X00000064715,LOC702786","2,2",NonProt,6,1,0.902564102564103,"cut<value<cut,cut<value<cut",0.03415,1.90888,-4.96468,-1.43777,-0.0974358974358974
"LOC701920,ESR1","1,1",NonProt,6,0.97619,0.632688927943761,"value<cut,value<cut",5.257,0.58963,,,-0.343501072056239
"TMEM38A,LOC701920","3,1",NonProt,7,0.9375,0.0843373493975904,"value>cut,value<cut",3.23112,5.26325,,,-0.85316265060241
"STARD8,LOC701920","3,1",NonProt,7,1,0.467289719626168,"value>cut,value<cut",1.46377,5.2555,,,-0.532710280373832
"TNNT2,RBM46","3,1",NonProt,6,1,0.208333333333333,"value>cut,value<cut",-0.4817,-2.53965,,,-0.791666666666667
"LOC719667,LOC702786","1,1",Prot,6,0.85714,0.354305490986105,"value<cut,value<cut",4.2055,-5.0053,,,-0.502834509013895
"LOC702786,HCN2","1,1",Prot,7,0.875,0.595733089088741,"value<cut,value<cut",-5.0053,-2.7443,,,-0.279266910911259
"X00000064715,KRTAP29.1","3,1",Prot,6,0.85714,0.186087522721723,"value>cut,value<cut",1.789,-5.0055,,,-0.671052477278277
"X00000037843,USP31","1,1",Prot,6,0.98214,0.207591711629417,"value<cut,value<cut",2.47202,0.1372,,,-0.774548288370583
"X00000037843,THRB","1,1",Prot,7,1,0.0362413412308001,"value<cut,value<cut",2.47169,-4.8665,,,-0.9637586587692
"X00000037843,X00000064715","1,3",Prot,6,1,0.263210407152999,"value<cut,value>cut",2.46772,1.95782,,,-0.736789592847001
"MYH15,CTH","1,2",Prot,6,0.96875,0.296217328089086,"value<cut,cut<value<cut",-2.28125,-1.5278,-0.8066,,-0.672532671910914
"X00000037843,LOC709056","1,2",Prot,6,1,0.192349757424493,"value<cut,cut<value<cut",2.46772,-0.43417,0.6909,,-0.807650242575507
"LOC709056,TARM1","2,1",Prot,6,1,0.0263612686512669,"cut<value<cut,value<cut",-0.43657,0.69363,1.2874,,-0.973638731348733
"X00000037843,STARD8","1,2",Prot,6,1,0.138493844942353,"value<cut,cut<value<cut",2.4685,0.66507,1.46377,,-0.861506155057647
"LOC719667,LAMC1","1,2",Prot,6,1,0.461605760818359,"value<cut,cut<value<cut",4.2055,0.8991,1.7449,,-0.538394239181641
"STARD8,X00000059995","3,1",NonProt,6,0.92857,0.568181818181818,"value>cut,value<cut",1.4621,-0.34585,,,-0.360388181818182
"STARD8,TARM1","3,3",NonProt,6,0.88571,0.441176470588235,"value>cut,value>cut",1.4521,2.0112,,,-0.444533529411765
"X00000059995,CTH","1,3",NonProt,6,0.89286,0.536585365853659,"value<cut,value>cut",-0.3738,-0.84318,,,-0.356274634146341
"DLK1,TRIM16","3,1",NonProt,6,0.90476,0.591397849462366,"value>cut,value<cut",0.0253,-1.68433,,,-0.313362150537635
"LOC719667,X00000060146","3,3",NonProt,6,0.80357,0.743243243243243,"value>cut,value>cut",4.95975,-2.97375,,,-0.0603267567567568
"ESR1,X00000060253","1,1",NonProt,6,0.93304,0.681959082455053,"value<cut,value<cut",0.6029,1.1961,,,-0.251080917544947
"TARM1,DLK1","3,3",NonProt,7,1,0.0873362445414847,"value>cut,value>cut",2.00777,-0.01963,,,-0.912663755458515
"KIR3DL0,A1BG","1,1",NonProt,6,0.93155,0.63173007896626,"value<cut,value<cut",2.82625,-2.04542,,,-0.29981992103374
"LOC715623,A1BG","2,1",NonProt,6,1,0.754310344827586,"cut<value<cut,value<cut",-1.71095,-0.5465,-1.9115,,-0.245689655172414
"ESR1,MAOA","1,2",NonProt,6,1,0.743243243243243,"value<cut,cut<value<cut",0.6029,0.22245,0.663,,-0.256756756756757
"LOC719667,A1BG","3,1",NonProt,6,1,0.700525394045534,"value>cut,value<cut",4.994,-2.04179,,,-0.299474605954466
"STARD8,USP31","3,3",NonProt,6,1,0.700525394045534,"value>cut,value>cut",1.46335,0.71935,,,-0.299474605954466
"KIR3DL0,STARD8","1,3",NonProt,6,1,0.435643564356436,"value<cut,value>cut",2.81169,1.45991,,,-0.564356435643564
"FABP5,LTC4S","1,1",Prot,6,0.87946,0.904133063308128,"value<cut,value<cut",1.99022,-0.41965,,,0.0246730633081284
"FABP5,HEY1","1,1",Prot,6,0.90476,0.810852346613075,"value<cut,value<cut",1.99102,-1.99905,,,-0.0939076533869252
"LOC702786,LTC4S","1,1",Prot,6,0.85714,0.771075841347382,"value<cut,value<cut",-5.0199,-0.464,,,-0.0860641586526178
"LOC701920,LOC702786","3,1",Prot,6,0.85714,0.31378379614804,"value>cut,value<cut",5.525,-5.0053,,,-0.54335620385196
"LOC719667,F2RL3","1,1",Prot,6,1,0.695709504006492,"value<cut,value<cut",4.13533,-3.74653,,,-0.304290495993509
"FABP5,HCN2","1,1",Prot,6,1,0.79416191738174,"value<cut,value<cut",1.98719,-2.92644,,,-0.20583808261826
"DLK1,TRIM16","2,3",Prot,6,0.92857,0.0567520830058167,"cut<value<cut,value>cut",-1.88425,-0.21,-0.9991,,-0.871817916994183
"LOC719667,LTC4S","1,1",Prot,7,1,0.65352666545401,"value<cut,value<cut",4.03736,-0.44329,,,-0.34647333454599
"X00000053274,HEY1","3,1",Prot,6,1,0.339683378179837,"value>cut,value<cut",1.57575,-2.0395,,,-0.660316621820163
"FABP5,X00000053274","1,3",Prot,6,1,0.904133063308128,"value<cut,value>cut",1.99315,1.47295,,,-0.0958669366918716
"X00000053274,X00000059200","3,3",Prot,6,1,0.34194127324393,"value>cut,value>cut",1.42025,2.67283,,,-0.65805872675607
"X00000037843,LTC4S","1,1",Prot,7,1,0.282106121167026,"value<cut,value<cut",2.47277,-0.42562,,,-0.717893878832974
"VSTM1,RBM46","1,3",Prot,6,0.97959,0.176509946215806,"value<cut,value>cut",4.37486,-1.06286,,,-0.803080053784194
"STARD8,HCN2","2,1",Prot,6,1,0.0941407375890418,"cut<value<cut,value<cut",0.6779,1.4296,-2.7443,,-0.905859262410958
"STARD8,LTC4S","2,1",Prot,6,1,0.0647937350626777,"cut<value<cut,value<cut",0.65845,1.4621,-0.46635,,-0.935206264937322
"X00000037843,X00000059995","1,2",Prot,6,1,0.263210407152999,"value<cut,cut<value<cut",2.4691,-0.34585,0.6708,,-0.736789592847001
"KIR3DL0,TARM1","1,3",NonProt,6,0.88393,0.366666666666667,"value<cut,value>cut",2.82625,2.00667,,,-0.517263333333333
"TARM1,A1BG","3,1",NonProt,6,0.8801,0.18957345971564,"value>cut,value<cut",2.00887,-2.02629,,,-0.69052654028436
"LOC701920,CTH","1,3",NonProt,7,0.88448,0.677966101694915,"value<cut,value>cut",5.25706,-0.7818,,,-0.206513898305085
"DLK1,CTH","3,3",NonProt,6,0.90476,0.658682634730539,"value>cut,value>cut",-0.0565,-0.75163,,,-0.246077365269461
"DLK1,SMIM2","3,3",NonProt,6,0.86984,0.72013093289689,"value>cut,value>cut",-0.1179,1.02178,,,-0.14970906710311
"LOC719667,X00000053012","3,1",NonProt,6,1,0.488997555012225,"value>cut,value<cut",4.98958,2.55917,,,-0.511002444987775
"KRTAP29.1,A1BG","2,1",NonProt,6,1,0.929368029739777,"cut<value<cut,value<cut",-4.94375,-1.32225,-1.9115,,-0.0706319702602232
"TMEM38A,DLK1","3,3",NonProt,6,1,0.0627802690582959,"value>cut,value>cut",3.2525,-0.1047,,,-0.937219730941704
"DLK1,HCN2","3,3",NonProt,6,1,0.658682634730539,"value>cut,value>cut",0.0016,-2.1293,,,-0.341317365269461
"X00000053012,DLK1","1,3",NonProt,7,1,0.512820512820513,"value<cut,value>cut",2.5859,0.0069,,,-0.487179487179487
"KIR3DL0,DLK1","1,3",NonProt,7,1,0.412371134020619,"value<cut,value>cut",2.83325,-0.00255,,,-0.587628865979382
"VSTM1,TNNT2","3,3",NonProt,7,1,0.25974025974026,"value>cut,value>cut",5.21233,-0.58397,,,-0.74025974025974
"DLK1,A1BG","3,1",NonProt,6,1,0.698412698412698,"value>cut,value<cut",0.0069,-1.95493,,,-0.301587301587302
"KIR3DL0,LOC715623","1,2",NonProt,6,0.92857,0.7501217730151,"value<cut,cut<value<cut",2.8565,-1.7829,-0.4805,,-0.1784482269849
"X00000059200,THRB","1,3",NonProt,6,0.87302,0.208333333333333,"value<cut,value>cut",-0.42827,-3.14161,,,-0.664686666666667
"X00000053274,X00000058427","1,3",NonProt,7,0.89286,0.562659846547315,"value<cut,value>cut",-0.3194,1.81881,,,-0.330200153452685
"LOC701920,TARM1","1,3",NonProt,7,1,0.486486486486487,"value<cut,value>cut",5.257,2.01786,,,-0.513513513513514
"THRB,LTC4S","1,1",Prot,6,0.90476,0.426790384408699,"value<cut,value<cut",-4.86687,-0.464,,,-0.477969615591302
"X00000064715,LOC702786","3,1",Prot,6,0.85714,0.186087522721723,"value>cut,value<cut",1.8839,-4.94355,,,-0.671052477278277
"VSTM1,A1BG","1,3",Prot,8,0.96875,0.416732486785345,"value<cut,value>cut",4.46225,-1.40897,,,-0.552017513214655
"VSTM1,LTC4S","1,1",Prot,7,0.9875,0.440066725381892,"value<cut,value<cut",4.40335,-0.43885,,,-0.547433274618108
"DLK1,LAMC1","2,2",Prot,6,1,0.144829916172217,"cut<value<cut,cut<value<cut",-1.88425,-0.21,0.90105,1.74415,-0.855170083827784
"VSTM1,TMX2","1,3",Prot,6,1,0.0362413412308001,"value<cut,value>cut",4.38725,3.241,,,-0.9637586587692
"X00000037843,X00000060146","1,2",Prot,6,1,0.076942307291675,"value<cut,cut<value<cut",2.46764,-4.829,-3.0233,,-0.923057692708325
"X00000053012,MYH15","3,1",Prot,6,0.87723,0.487872537164806,"value>cut,value<cut",2.87128,-2.34529,,,-0.389357462835195
"X00000064715,SDK2","3,3",Prot,6,0.85714,0.322639823133732,"value>cut,value>cut",1.789,0.5862,,,-0.534500176866268
"TMX2,SDK2","3,3",Prot,6,1,0.23126201153107,"value>cut,value>cut",3.2404,0.6295,,,-0.76873798846893
"TARM1,X00000060146","1,2",Prot,6,1,0.107408509372211,"value<cut,cut<value<cut",1.2874,-4.831,-3.06483,,-0.892591490627789
"X00000053012,SDK2","1,1",NonProt,6,0.88393,0.783475783475783,"value<cut,value<cut",2.57417,-0.90132,,,-0.100454216524217
"TARM1,HCN2","3,3",NonProt,6,0.88571,0.149253731343284,"value>cut,value>cut",1.98636,-2.1643,,,-0.736456268656716
"X00000053012,ZNF576","1,1",NonProt,6,0.8648,0.512820512820513,"value<cut,value<cut",2.57304,3.74386,,,-0.351979487179487
"X00000053274,ZNF576","1,1",NonProt,7,0.89236,0.412371134020619,"value<cut,value<cut",-0.3492,3.7435,,,-0.479988865979382
"KRTAP29.1,ZNF576","2,1",NonProt,6,0.86071,0.966608084358524,"cut<value<cut,value<cut",-4.9835,-1.8781,3.7426,,0.105898084358524
"LTC4S,LAMC1","2,3",NonProt,6,1,0.840336134453781,"cut<value<cut,value>cut",-0.44584,0.62852,1.7817,,-0.159663865546219
"KIR3DL0,KRTAP29.1","1,2",NonProt,6,1,0.435643564356436,"value<cut,cut<value<cut",2.82625,-4.99008,-2.28808,,-0.564356435643564
"LOC702786,A1BG","2,1",NonProt,6,1,0.935374149659864,"cut<value<cut,value<cut",-4.92775,-1.59345,-1.9115,,-0.0646258503401361
"LOC701920,HCN2","1,3",NonProt,6,1,0.677966101694915,"value<cut,value>cut",5.2565,-2.1035,,,-0.322033898305085
"LOC709056,ZNF576","1,1",NonProt,7,0.98611,0.512820512820513,"value<cut,value<cut",-0.41563,3.742,,,-0.473289487179487
"ZNF576,X00000058427","1,3",NonProt,6,1,0.658682634730539,"value<cut,value>cut",3.75013,1.82162,,,-0.341317365269461
"X00000053012,A1BG","1,1",NonProt,6,0.92857,0.72013093289689,"value<cut,value<cut",2.59025,-2.0635,,,-0.20843906710311
"X00000064715,ZNF576","2,1",NonProt,6,1,0.928705440900563,"cut<value<cut,value<cut",-0.0597,1.8108,3.745,,-0.0712945590994372
"TMX2,HEY1","3,1",Prot,6,1,0.213063151682078,"value>cut,value<cut",3.24,-2.03627,,,-0.786936848317922
"CFAP70,X00000059995","1,2",Prot,6,0.85714,0.671200704569919,"value<cut,cut<value<cut",0.014,-0.3484,0.6956,,-0.185939295430081
"X00000053274,MYH15","3,1",Prot,6,0.86161,0.36369902964102,"value>cut,value<cut",1.48962,-2.3669,,,-0.49791097035898
"A1BG,X00000059995","2,2",Prot,6,0.85714,0.166704280709551,"cut<value<cut,cut<value<cut",-1.9115,-1.4371,-0.2925,0.6708,-0.690435719290449
"LOC709056,LILRB1","2,1",Prot,6,0.89286,0.102589030646585,"cut<value<cut,value<cut",-0.4101,0.6988,7.2935,,-0.790270969353415
"X00000053274,X00000060146","3,1",Prot,6,1,0.278404914062535,"value>cut,value<cut",1.51545,-4.82817,,,-0.721595085937465
"X00000053274,LOC709056","3,2",Prot,6,1,0.280428472137046,"value>cut,cut<value<cut",1.48055,-0.41854,0.72322,,-0.719571527862954
"X00000037843,X00000064369","1,3",Prot,6,1,0.176509946215806,"value<cut,value>cut",2.47125,3.2812,,,-0.823490053784194
"LTC4S,ZNF576","1,2",Prot,6,1,0.34194127324393,"value<cut,cut<value<cut",-0.46008,3.741,3.94075,,-0.65805872675607
"X00000053274,X00000037843","2,1",Prot,6,1,0.057707031019948,"cut<value<cut,value<cut",-0.41087,1.46303,2.4711,,-0.942292968980052
"X00000037843,C5H4orf45","1,1",Prot,6,1,0.207591711629417,"value<cut,value<cut",2.4703,0.2062,,,-0.792408288370583
"X00000037843,TMEM38A","1,1",Prot,8,1,0.0362413412308001,"value<cut,value<cut",2.47125,2.7784,,,-0.9637586587692
"VSTM1,TMEM38A","1,1",Prot,6,0.98438,0.0699476845572564,"value<cut,value<cut",4.41756,2.77725,,,-0.914432315442744
"X00000037843,LILRB1","1,1",Prot,6,0.96429,0.176509946215806,"value<cut,value<cut",2.46772,7.27575,,,-0.787780053784194
"VSTM1,X00000064369","1,3",Prot,6,1,0.300056870379282,"value<cut,value>cut",4.42367,3.29547,,,-0.699943129620718
"LAMC1,X00000058729","3,1",NonProt,6,0.85714,0.72463768115942,"value>cut,value<cut",1.787,-4.49835,,,-0.13250231884058
"X00000053274,TRIM16","1,2",NonProt,6,0.85714,0.591397849462366,"value<cut,cut<value<cut",-0.3996,-1.7125,-1.0518,,-0.265742150537635
"A1BG,HCN2","1,3",NonProt,6,0.88929,0.467289719626168,"value<cut,value>cut",-1.9115,-2.12812,,,-0.422000280373832
"X00000053274,KRTAP29.1","1,2",NonProt,6,0.92857,0.776470588235294,"value<cut,cut<value<cut",-0.4787,-5.0165,-4.5985,,-0.152099411764706
"KIR3DL0,HCN2","1,3",NonProt,7,0.89683,0.562659846547315,"value<cut,value>cut",2.82711,-2.15033,,,-0.334170153452685
"LOC702786,HCN2","2,3",NonProt,6,1,0.945558739255014,"cut<value<cut,value>cut",-4.97427,-1.5147,-2.15971,,-0.0544412607449857
"SDK2,ZNF576","2,1",NonProt,6,1,0.890173410404624,"cut<value<cut,value<cut",-0.83147,0.62455,3.741,,-0.109826589595376
"TNNT2,A1BG","3,1",NonProt,6,1,0.173913043478261,"value>cut,value<cut",-0.4817,-1.9115,,,-0.826086956521739
"THRB,X00000064369","1,3",Prot,6,0.92857,0.310938845822567,"value<cut,value>cut",-4.88715,3.2287,,,-0.617631154177433
"VSTM1,SDK2","1,3",Prot,6,0.90476,0.322639823133732,"value<cut,value>cut",4.50083,0.56357,,,-0.582120176866268
"VSTM1,TNNT2","1,1",Prot,6,1,0.0362413412308001,"value<cut,value<cut",4.37486,-2.40709,,,-0.9637586587692
"TNNT2,X00000060253","1,3",Prot,6,0.92857,0.403652627655609,"value<cut,value>cut",-2.3553,2.0577,,,-0.524917372344391
"X00000064715,TMX2","3,3",Prot,6,1,0.0699476845572564,"value>cut,value>cut",1.789,3.24,,,-0.930052315442744
"X00000064715,TARM1","3,1",Prot,6,1,0.0827791790873653,"value>cut,value<cut",1.92504,1.34364,,,-0.917220820912635
"RBM46,LOC701920","3,2",Prot,6,0.85714,0.344742020093337,"value>cut,cut<value<cut",-1.2248,5.2565,5.525,,-0.512397979906663
"LOC709056,X00000060253","2,3",Prot,6,1,0.0641873871176036,"cut<value<cut,value>cut",-0.41346,0.73466,2.05994,,-0.935812612882396
"KIR3DL0,MAOA","1,2",NonProt,6,0.83036,0.63173007896626,"value<cut,cut<value<cut",2.83575,0.23578,0.67792,,-0.19862992103374
"X00000064715,X00000053012","2,1",NonProt,6,1,0.945558739255014,"cut<value<cut,value<cut",-0.0597,1.789,2.5668,,-0.0544412607449857
"X00000053012,X00000059995","1,1",NonProt,6,1,0.612244897959184,"value<cut,value<cut",2.57397,-0.40484,,,-0.387755102040816
"KIR3DL0,X00000053012","1,1",NonProt,6,1,0.412371134020619,"value<cut,value<cut",2.9035,2.5668,,,-0.587628865979382
"X00000064715,LILRB1","2,3",NonProt,6,1,0.863309352517986,"cut<value<cut,value>cut",-0.0597,1.81807,7.7935,,-0.136690647482014
"MYH15,ZNF576","2,1",NonProt,6,0.86508,0.902564102564103,"cut<value<cut,value<cut",-2.30368,-1.4718,3.743,,0.0374841025641026
"ZNF576,X00000059995","1,1",NonProt,6,0.85714,0.591397849462366,"value<cut,value<cut",3.741,-0.34585,,,-0.265742150537634
"X00000037843,LOC702786","3,2",NonProt,6,0.85714,0.321428571428571,"value>cut,cut<value<cut",2.7623,-5.0053,-3.38,,-0.535711428571429
"LOC709056,X00000059995","1,1",NonProt,6,1,0.568181818181818,"value<cut,value<cut",-0.4557,-0.2925,,,-0.431818181818182
"VSTM1,LOC702786","3,2",NonProt,7,1,0.389483933787731,"value>cut,cut<value<cut",5.2022,-4.97515,-1.47316,,-0.610516066212269
"LOC719667,LOC702786","3,2",NonProt,6,1,0.488997555012225,"value>cut,cut<value<cut",4.98125,-4.92238,-0.9839,,-0.511002444987775
"LOC709056,LOC702786","1,2",NonProt,8,1,0.512820512820513,"value<cut,cut<value<cut",-0.41733,-4.96669,-1.5147,,-0.487179487179487
"TMEM38A,LAMC1","2,3",NonProt,6,1,0.612244897959184,"cut<value<cut,value>cut",2.77038,3.21813,1.80805,,-0.387755102040816
"THRB,X00000058729","3,1",NonProt,6,0.92857,0.283018867924528,"value>cut,value<cut",-3.20135,-4.49835,,,-0.645551132075472
"TMX2,KRTAP29.1","1,2",NonProt,6,0.86607,0.126436781609195,"value<cut,cut<value<cut",2.88625,-5.0165,-3.65362,,-0.739633218390805
"THRB,X00000064369","3,1",NonProt,7,0.96875,0.226244343891403,"value>cut,value<cut",-3.12966,2.57726,,,-0.742505656108597
"TNNT2,F2RL3","3,3",NonProt,6,1,0.5,"value>cut,value>cut",-0.60528,-1.91258,,,-0.5
"TNNT2,SDK2","3,1",NonProt,6,1,0.226244343891403,"value>cut,value<cut",-0.52218,-0.85385,,,-0.773755656108597
"F2RL3,X00000059995","3,1",NonProt,6,1,0.645161290322581,"value>cut,value<cut",-1.91617,-0.3979,,,-0.354838709677419
"X00000059200,TNNT2","1,3",NonProt,6,1,0.208333333333333,"value<cut,value>cut",-0.4205,-0.53156,,,-0.791666666666667
"TNNT2,STARD8","3,3",NonProt,6,1,0.10377358490566,"value>cut,value>cut",-0.7514,1.4621,,,-0.89622641509434
"TNNT2,X00000059995","3,1",NonProt,6,1,0.116279069767442,"value>cut,value<cut",-0.4817,-0.2925,,,-0.883720930232558
"TNNT2,KRTAP29.1","3,2",NonProt,6,0.97959,0.0873362445414847,"value>cut,cut<value<cut",-0.60563,-5.00057,-1.68207,,-0.892253755458515
"LOC701920,LTC4S","1,3",NonProt,7,0.89517,0.703125,"value<cut,value>cut",5.2525,0.6264,,,-0.192045
"LOC701920,SMIM2","1,3",NonProt,6,0.88265,0.737327188940092,"value<cut,value>cut",5.25693,1.0598,,,-0.145322811059908
"VSTM1,ESR1","2,1",NonProt,6,0.8631,0.860635696821516,"cut<value<cut,value<cut",4.50083,5.2235,0.6029,,-0.00246430317848412
"TMX2,LTC4S","1,3",NonProt,6,0.89286,0.178378378378378,"value<cut,value>cut",2.88625,0.61908,,,-0.714481621621622
"X00000053274,LOC709056","1,1",NonProt,7,1,0.512820512820513,"value<cut,value<cut",-0.36874,-0.41854,,,-0.487179487179487
"X00000060146,ZNF576","3,1",NonProt,7,0.86786,0.27681660899654,"value>cut,value<cut",-2.9579,3.741,,,-0.59104339100346
"X00000037843,X00000060253","2,2",NonProt,6,0.85714,0.791208791208791,"cut<value<cut,cut<value<cut",2.473,2.7623,1.2214,2.0577,-0.0659312087912087
"X00000053012,KRTAP29.1","1,2",NonProt,7,0.89153,0.536585365853659,"value<cut,cut<value<cut",2.58136,-4.99089,-1.24006,,-0.354944634146341
"TMX2,X00000053012","1,1",NonProt,6,0.87946,0.0952380952380952,"value<cut,value<cut",2.88019,2.57812,,,-0.784221904761905
"LOC702786,ZNF576","2,1",NonProt,6,0.86071,0.969551282051282,"cut<value<cut,value<cut",-5.00344,-2.40472,3.745,,0.108841282051282
"TMX2,LOC702786","1,2",NonProt,6,0.8817,0.0952380952380952,"value<cut,cut<value<cut",2.87675,-4.96268,-1.43054,,-0.786461904761905
"X00000053274,TMX2","1,1",NonProt,6,0.88265,0.464788732394366,"value<cut,value<cut",-0.40443,2.87179,,,-0.417861267605634
"X00000064715,KRTAP29.1","2,2",NonProt,6,1,0.909952606635071,"cut<value<cut,cut<value<cut",0.05292,1.92414,-5.0056,-2.5298,-0.090047393364929
"LOC709056,LTC4S","1,3",NonProt,6,1,0.658682634730539,"value<cut,value>cut",-0.42788,0.5942,,,-0.341317365269461
"TMEM38A,X00000053012","3,1",NonProt,6,0.92857,0.062780269058296,"value>cut,value<cut",3.238,2.59025,,,-0.865789730941704
"LOC701920,X00000060253","1,2",NonProt,6,1,0.766871165644172,"value<cut,cut<value<cut",5.2505,1.20235,2.04555,,-0.233128834355828
"KRTAP29.1,C5H4orf45","2,3",NonProt,6,1,0.934256055363322,"cut<value<cut,value>cut",-5.00125,-2.9635,1.4498,,-0.0657439446366782
"TARM1,THRB","1,1",Prot,6,0.89286,0.045346062052506,"value<cut,value<cut",1.34478,-4.8731,,,-0.847513937947494
"LOC719667,TARM1","2,1",Prot,7,0.89286,0.053394468273924,"cut<value<cut,value<cut",4.08242,4.97808,1.33245,,-0.839465531726076
"KRTAP29.1,MYH15","3,1",Prot,6,1,0.36369902964102,"value>cut,value<cut",-0.82025,-2.34529,,,-0.63630097035898
"X00000037843,TARM1","1,1",Prot,6,0.96173,0.0362413412308001,"value<cut,value<cut",2.47107,1.3588,,,-0.9254886587692
"TNNT2,TARM1","1,1",Prot,6,1,0.0665110851808635,"value<cut,value<cut",-2.37296,1.35798,,,-0.933488914819137
"LOC709056,THRB","2,1",Prot,6,0.88571,0.05136840108144,"cut<value<cut,value<cut",-0.42806,0.71524,-4.87808,,-0.83434159891856
"X00000037843,RBM46","1,3",Prot,6,1,0.207591711629417,"value<cut,value>cut",2.4673,-1.2248,,,-0.792408288370583
"VSTM1,X00000060253","1,3",Prot,6,1,0.263210407152999,"value<cut,value>cut",4.393,2.06143,,,-0.736789592847001
"KIR3DL0,KRTAP29.1","2,3",Prot,6,1,0.0708142764224285,"cut<value<cut,value>cut",2.8202,3.6149,-2.48,,-0.929185723577571
"TNNT2,MAOA","1,1",Prot,6,0.92857,0.195931412949525,"value<cut,value<cut",-2.3966,0.2491,,,-0.732638587050476
"C5H4orf45,SDK2","1,3",Prot,6,0.92857,0.43802286225174,"value<cut,value>cut",0.3585,0.55225,,,-0.49054713774826
"X00000064715,LAMC1","3,2",Prot,6,0.88571,0.255370639264306,"value>cut,cut<value<cut",1.94092,0.92156,1.78618,,-0.630339360735694
"X00000053274,KIR3DL0","3,2",Prot,6,0.92857,0.263210407152999,"value>cut,cut<value<cut",1.2815,2.85425,3.7,,-0.665359592847001
"X00000053274,X00000064715","3,3",Prot,6,1,0.43802286225174,"value>cut,value>cut",1.47122,1.91168,,,-0.56197713774826
"LOC114669850,LAMC1","2,3",NonProt,6,0.85714,0.880503144654088,"cut<value<cut,value>cut",-0.0248,1.51495,1.8291,,0.023363144654088
"CFAP70,THRB","3,3",NonProt,6,0.88095,0.191489361702128,"value>cut,value>cut",2.25585,-3.147,,,-0.689460638297872
"C5H4orf45,HEY1","3,2",NonProt,6,0.90476,0.730223123732252,"value>cut,cut<value<cut",1.7828,-1.87213,-0.72477,,-0.174536876267749
"F2RL3,HCN2","3,3",NonProt,6,1,0.666666666666667,"value>cut,value>cut",-1.76028,-2.1865,,,-0.333333333333333
"FABP5,LOC709056","3,1",NonProt,6,1,0.645161290322581,"value>cut,value<cut",2.46401,-0.40559,,,-0.354838709677419
"THRB,LAMC1","3,3",NonProt,6,1,0.136363636363636,"value>cut,value>cut",-3.11983,1.78336,,,-0.863636363636364
"X00000064715,CFAP70","3,2",Prot,7,0.89286,0.339683378179837,"value>cut,cut<value<cut",1.99134,0.15134,2.2823,,-0.553176621820163
"TNNT2,LOC709056","1,2",Prot,7,0.89921,0.310938845822567,"value<cut,cut<value<cut",-2.41462,-0.40774,0.70846,,-0.588271154177433
"X00000053012,USP31","3,1",Prot,6,0.96429,0.507109939128077,"value>cut,value<cut",2.8597,0.17918,,,-0.457180060871923
"LOC709056,USP31","2,1",Prot,6,1,0.060418055241546,"cut<value<cut,value<cut",-0.427,0.70417,0.20487,,-0.939581944758454
"LOC719667,X00000064715","1,3",Prot,6,1,0.588300883437688,"value<cut,value>cut",4.5205,1.9356,,,-0.411699116562312
"X00000053274,LAMC1","1,3",NonProt,6,0.89286,0.536585365853659,"value<cut,value>cut",-0.34098,1.77892,,,-0.356274634146341
"RBM46,LAMC1","2,3",NonProt,6,0.86071,0.840336134453782,"cut<value<cut,value>cut",-2.48872,-1.08788,1.8291,,-0.0203738655462185
"SDK2,X00000058729","1,2",NonProt,6,0.92857,0.512820512820513,"value<cut,cut<value<cut",-0.72615,-4.52695,-2.3626,,-0.415749487179487
"LOC709056,A1BG","1,2",NonProt,6,1,0.832282471626734,"value<cut,cut<value<cut",-0.41323,-1.98286,-1.43671,,-0.167717528373266
"X00000037843,LAMC1","3,3",NonProt,6,1,0.344827586206897,"value>cut,value>cut",2.7269,1.8291,,,-0.655172413793103
"TMEM38A,SDK2","3,1",NonProt,6,1,0.208333333333333,"value>cut,value<cut",3.0765,-0.8017,,,-0.791666666666667
"X00000037843,SDK2","3,1",NonProt,6,1,0.636942675159236,"value>cut,value<cut",2.86295,-0.8017,,,-0.363057324840764
LILRB1,3,NonProt,10,0.90909,0.785714285714286,value>cut,7.693,,,,-0.123375714285714
"TMX2,ZNF576","1,1",NonProt,7,0.86905,0.0952380952380952,"value<cut,value<cut",2.8525,3.74767,,,-0.773811904761905
"F2RL3,LILRB1","2,3",NonProt,6,1,0.909090909090909,"cut<value<cut,value>cut",-3.3308,-1.5483,7.75283,,-0.0909090909090909
"KIR3DL0,TMEM38A","1,3",NonProt,6,1,0.512820512820513,"value<cut,value>cut",2.9505,3.0765,,,-0.487179487179487
"X00000053012,CTH","1,3",NonProt,7,1,0.658682634730539,"value<cut,value>cut",2.56781,-0.7621,,,-0.341317365269461
"KIR3DL0,X00000064369","1,2",NonProt,6,1,0.783034257748776,"value<cut,cut<value<cut",2.9505,2.5776,3.3062,,-0.216965742251224
"LOC702786,TRIM16","2,1",NonProt,6,0.95238,0.698412698412698,"cut<value<cut,value<cut",-4.94643,-1.0314,-1.66187,,-0.253967301587302
"TMX2,CFAP70","1,3",NonProt,6,1,0.204651162790698,"value<cut,value>cut",2.8605,2.3067,,,-0.795348837209302
"KIR3DL0,TRIM16","1,1",NonProt,6,1,0.491071428571429,"value<cut,value<cut",2.85425,-1.67025,,,-0.508928571428571
"ESR1,A1BG","1,2",NonProt,6,0.85714,0.743243243243243,"value<cut,cut<value<cut",0.6029,-1.9115,-1.3534,,-0.113896756756757
"A1BG,LAMC1","2,3",NonProt,6,0.85714,0.87527352297593,"cut<value<cut,value>cut",-1.9115,-1.3534,1.8291,,0.0181335229759301
"LOC715623,A1BG","1,2",NonProt,6,0.85714,0.639810426540284,"value<cut,cut<value<cut",-1.7648,-1.9115,-1.3534,,-0.217329573459716
"X00000059200,X00000059995","1,1",NonProt,6,0.90476,0.417827298050139,"value<cut,value<cut",-0.41623,-0.41327,,,-0.486932701949861
"X00000053274,CBS","1,2",NonProt,6,1,0.783475783475783,"value<cut,cut<value<cut",-0.3996,-1.861,-0.0623,,-0.216524216524217
"LILRB1,ESR1","3,1",NonProt,6,0.90476,0.488997555012225,"value>cut,value<cut",7.705,0.6029,,,-0.415762444987775
"LILRB1,X00000059995","3,1",NonProt,6,1,0.536585365853659,"value>cut,value<cut",7.693,-0.4414,,,-0.463414634146341
"VSTM1,TARM1","1,1",Prot,7,0.91071,0.0699476845572564,"value<cut,value<cut",4.4315,1.3775,,,-0.840762315442744
"FABP5,X00000060146","1,1",Prot,6,0.88393,0.737253824748301,"value<cut,value<cut",1.9938,-4.82742,,,-0.146676175251699
"F2RL3,ZNF576","1,2",Prot,6,1,0.838611077148796,"value<cut,cut<value<cut",-3.38853,3.741,3.94067,,-0.161388922851204
"VSTM1,CBS","1,3",Prot,6,1,0.282106121167026,"value<cut,value>cut",4.41025,-0.10475,,,-0.717893878832974
"USP31,X00000059995","1,2",Prot,6,0.92857,0.391368849496928,"value<cut,cut<value<cut",0.09975,-0.4203,0.6956,,-0.537201150503072
"VSTM1,USP31","1,1",Prot,6,1,0.192349757424493,"value<cut,value<cut",4.3583,0.11466,,,-0.807650242575507
"TRIM16,USP31","3,1",Prot,6,1,0.331718319271573,"value>cut,value<cut",-0.9991,0.16155,,,-0.668281680728427
"USP31,CTH","1,1",Prot,6,0.85714,0.291553905663318,"value<cut,value<cut",0.12303,-1.48927,,,-0.565586094336682
"STARD8,TMX2","2,2",Prot,6,0.92857,0.0911386013632921,"cut<value<cut,cut<value<cut",0.6776,1.48085,2.85363,3.23463,-0.837431398636708
"TARM1,LILRB1","1,1",Prot,6,0.88095,0.233477854696146,"value<cut,value<cut",1.3775,7.30633,,,-0.647472145303854
"LILRB1,CFAP70","2,2",Prot,6,0.85714,0.176509946215806,"cut<value<cut,cut<value<cut",7.281,7.699,0.19383,2.29733,-0.680630053784194
"X00000053274,CFAP70","3,2",Prot,6,1,0.243293093867127,"value>cut,cut<value<cut",1.2815,0.1854,2.3348,,-0.756706906132873
"X00000053274,HCN2","3,1",Prot,6,1,0.259667439248563,"value>cut,value<cut",1.4396,-2.89575,,,-0.740332560751438
"X00000053012,ESR1","3,3",Prot,6,1,0.562566640238401,"value>cut,value>cut",2.8609,1.05258,,,-0.437433359761599
"ESR1,X00000059995","3,2",Prot,6,0.95238,0.300056870379282,"value>cut,cut<value<cut",1.05813,-0.42733,0.68037,,-0.652323129620718
"X00000064313,C5H4orf45","3,1",Prot,6,1,0.740792742196782,"value>cut,value<cut",-0.96,0.5411,,,-0.259207257803218
"TMX2,LOC701920","3,3",Prot,6,1,0.288825673393191,"value>cut,value>cut",3.2357,5.503,,,-0.711174326606809
"USP31,X00000058427","1,1",Prot,6,1,0.27226537174008,"value<cut,value<cut",0.1535,1.211,,,-0.72773462825992
"CBS,USP31","3,1",Prot,6,1,0.557028844805056,"value>cut,value<cut",-0.0623,0.1535,,,-0.442971155194944
"TRIM16,X00000060253","1,1",NonProt,6,0.85714,0.18957345971564,"value<cut,value<cut",-1.7125,1.18767,,,-0.66756654028436
"X00000060253,MAOA","1,2",NonProt,6,0.85714,0.512820512820513,"value<cut,cut<value<cut",1.16227,0.23777,0.67283,,-0.344319487179487
"X00000037843,X00000053012","3,1",NonProt,7,0.92602,0.364741641337386,"value>cut,value<cut",2.83611,2.59167,,,-0.561278358662614
"KIR3DL0,SMIM2","1,3",NonProt,6,1,0.63173007896626,"value<cut,value>cut",2.84192,1.03498,,,-0.36826992103374
"VSTM1,X00000053012","3,1",NonProt,8,1,0.389483933787731,"value>cut,value<cut",5.19688,2.57779,,,-0.610516066212269
"VSTM1,CFAP70","3,3",NonProt,6,1,0.612244897959184,"value>cut,value>cut",5.22625,2.34422,,,-0.387755102040816
"TARM1,X00000053012","3,1",NonProt,7,0.86905,0.0873362445414847,"value>cut,value<cut",1.94633,2.59373,,,-0.781713755458515
"STARD8,F2RL3","3,3",NonProt,7,0.88922,0.91743119266055,"value>cut,value>cut",1.44787,-1.81822,,,0.0282111926605505
"THRB,SMIM2","3,2",NonProt,6,0.90476,0.247524752475248,"value>cut,cut<value<cut",-3.1894,-0.24807,1.12097,,-0.657235247524753
"X00000037843,LILRB1","3,3",NonProt,6,0.90476,0.486486486486487,"value>cut,value>cut",2.8294,7.699,,,-0.418273513513514
"VSTM1,LILRB1","3,3",NonProt,6,1,0.512820512820513,"value>cut,value>cut",5.19367,7.699,,,-0.487179487179487
"LILRB1,DLK1","3,3",NonProt,6,1,0.389483933787731,"value>cut,value>cut",7.702,-0.04695,,,-0.610516066212269
"KIR3DL0,LILRB1","1,3",NonProt,6,1,0.534521158129176,"value<cut,value>cut",2.9505,7.693,,,-0.465478841870824
"X00000053012,LILRB1","1,3",NonProt,7,1,0.658682634730539,"value<cut,value>cut",2.58318,7.73331,,,-0.341317365269461
"KIR3DL0,F2RL3","1,3",NonProt,6,1,0.901639344262295,"value<cut,value>cut",2.9035,-1.5483,,,-0.0983606557377049
"X00000053274,KIR3DL0","2,1",NonProt,6,1,0.808080808080808,"cut<value<cut,value<cut",-0.3996,1.2815,2.9505,,-0.191919191919192
"KIR3DL0,CTH","1,3",NonProt,6,1,0.536585365853659,"value<cut,value>cut",2.88633,-0.8744,,,-0.463414634146341
"LOC719667,TARM1","3,3",NonProt,7,1,0.441176470588235,"value>cut,value>cut",4.98919,2.02135,,,-0.558823529411765
"LOC719667,KIR3DL0","3,1",NonProt,6,1,0.589390962671906,"value>cut,value<cut",4.98417,2.88633,,,-0.410609037328094
"TARM1,CTH","3,3",NonProt,6,1,0.149253731343284,"value>cut,value>cut",1.97268,-0.7964,,,-0.850746268656716
A1BG,3,Prot,10,0.91098,0.152901313002965,value>cut,-1.4227,,,,-0.758078686997035
"KIR3DL0,ZNF576","2,2",Prot,6,0.85714,0.0716360441947661,"cut<value<cut,cut<value<cut",2.9505,3.7,3.741,3.9385,-0.785503955805234
"A1BG,LTC4S","3,1",Prot,6,1,0.485361758518871,"value>cut,value<cut",-1.45523,-0.46503,,,-0.514638241481129
"A1BG,X00000058729","3,3",Prot,6,0.95238,0.386029091988191,"value>cut,value>cut",-1.4275,-2.40723,,,-0.566350908011809
"KIR3DL0,DLK1","2,2",Prot,6,1,0.125029621393026,"cut<value<cut,cut<value<cut",2.9505,3.7,-1.8118,0.1419,-0.874970378606974
"F2RL3,A1BG","1,3",Prot,6,1,0.939717769557474,"value<cut,value>cut",-3.3308,-1.3534,,,-0.0602822304425263
"TNNT2,A1BG","1,3",Prot,6,1,0.403652627655609,"value<cut,value>cut",-2.4445,-1.4227,,,-0.596347372344391
"LTC4S,HCN2","1,1",Prot,6,0.8631,0.259667439248563,"value<cut,value<cut",-0.40643,-2.90567,,,-0.603432560751438
"A1BG,HEY1","3,1",Prot,6,1,0.300056870379282,"value>cut,value<cut",-1.40897,-1.94923,,,-0.699943129620718
"VSTM1,LOC709056","3,1",NonProt,7,1,0.389483933787731,"value>cut,value<cut",5.17313,-0.427,,,-0.610516066212269
"LOC709056,CTH","1,3",NonProt,6,0.97619,0.677966101694915,"value<cut,value>cut",-0.39488,-0.7203,,,-0.298223898305085
"TARM1,LILRB1","3,3",NonProt,6,1,0.125523012552301,"value>cut,value>cut",1.9697,7.693,,,-0.874476987447699
"TNNT2,TARM1","3,3",NonProt,6,0.97143,0.0731707317073171,"value>cut,value>cut",-0.69654,1.98636,,,-0.898259268292683
"LOC709056,KRTAP29.1","1,2",NonProt,7,1,0.491071428571429,"value<cut,cut<value<cut",-0.40291,-5.00669,-1.60675,,-0.508928571428571
"X00000037843,RBM46","2,1",NonProt,6,0.85714,0.841995841995842,"cut<value<cut,value<cut",2.473,2.7446,-2.4869,,-0.015144158004158
"LOC719667,X00000056965","3,1",NonProt,6,1,0.797872340425532,"value>cut,value<cut",5.00238,-3.4486,,,-0.202127659574468
"KIR3DL0,LOC701920","1,1",NonProt,6,1,0.391459074733096,"value<cut,value<cut",2.81363,5.25713,,,-0.608540925266904
"X00000064715,TMX2","1,1",NonProt,6,0.85714,0.173913043478261,"value<cut,value<cut",-0.0934,2.857,,,-0.683226956521739
"TMX2,MYH15","1,2",NonProt,6,0.85714,0.292553191489362,"value<cut,cut<value<cut",2.857,-2.1852,-1.484,,-0.564586808510638
"THRB,HCN2","3,3",NonProt,6,0.95238,0.149253731343284,"value>cut,value>cut",-3.19057,-2.14795,,,-0.803126268656716
"KIR3DL0,X00000064715","1,1",NonProt,6,1,0.681959082455053,"value<cut,value<cut",2.9035,-0.01805,,,-0.318040917544947
"X00000037843,F2RL3","1,1",Prot,6,0.90476,0.263210407152999,"value<cut,value<cut",2.4711,-3.39037,,,-0.641549592847001
"LOC709056,ESR1","2,3",Prot,6,0.95238,0.0641873871176036,"cut<value<cut,value>cut",-0.427,0.7151,1.05813,,-0.888192612882396
"C5H4orf45,USP31","1,1",Prot,6,0.85714,0.412279354308727,"value<cut,value<cut",0.34017,0.22357,,,-0.444860645691273
"X00000053012,C5H4orf45","3,1",Prot,6,0.88929,0.511695569315492,"value>cut,value<cut",2.87166,0.2548,,,-0.377594430684508
"TARM1,TRIM16","1,3",Prot,6,0.92857,0.0602607776342065,"value<cut,value>cut",1.369,-0.9464,,,-0.868309222365794
"TARM1,CBS","1,3",Prot,6,0.85714,0.252860144758347,"value<cut,value>cut",1.369,-0.0623,,,-0.604279855241653
"X00000037843,X00000059200","1,3",Prot,6,1,0.176509946215806,"value<cut,value>cut",2.46764,2.81416,,,-0.823490053784194
"LOC701920,A1BG","3,3",Prot,6,1,0.588300883437688,"value>cut,value>cut",5.5238,-1.44232,,,-0.411699116562312
"CBS,TRIM16","3,3",Prot,6,1,0.139747946148221,"value>cut,value>cut",-0.0623,-0.9464,,,-0.860252053851779
"X00000037843,KIR3DL0","1,2",Prot,6,1,0.138493844942353,"value<cut,cut<value<cut",2.4673,2.86167,3.656,,-0.861506155057647
"X00000053274,LTC4S","3,1",Prot,6,1,0.461605760818359,"value>cut,value<cut",1.31457,-0.40033,,,-0.538394239181641
"KIR3DL0,LTC4S","2,1",Prot,6,1,0.058694666221686,"cut<value<cut,value<cut",2.85425,3.7,-0.4186,,-0.941305333778314
"LILRB1,HCN2","1,2",Prot,6,0.85714,0.285769553546452,"value<cut,cut<value<cut",7.255,-2.8193,-2.1949,,-0.571370446453548
"A1BG,THRB","3,1",Prot,7,1,0.0827791790873653,"value>cut,value<cut",-1.4146,-4.87432,,,-0.917220820912635
"LILRB1,A1BG","1,3",Prot,7,1,0.655798833540491,"value<cut,value>cut",7.29283,-1.43665,,,-0.344201166459509
"KIR3DL0,LAMC1","2,2",Prot,6,1,0.0932871514255793,"cut<value<cut,cut<value<cut",2.9505,3.7,0.903,1.8291,-0.906712848574421
"FABP5,X00000037843","2,1",Prot,6,1,0.151549967962173,"cut<value<cut,value<cut",1.99295,2.45695,2.47008,,-0.848450032037827
"TMEM38A,LOC114669850","2,2",NonProt,6,0.92857,0.370860927152318,"cut<value<cut,cut<value<cut",2.74925,3.15075,-0.0248,1.51495,-0.557709072847682
"X00000059200,X00000064369","1,1",NonProt,6,1,0.593824228028504,"value<cut,value<cut",-0.42692,2.57567,,,-0.406175771971497
"FABP5,LOC702786","3,2",NonProt,6,1,0.714285714285714,"value>cut,cut<value<cut",2.5016,-5.02065,-1.90228,,-0.285714285714286
"KRTAP29.1,HCN2","2,3",NonProt,6,1,0.940438871473354,"cut<value<cut,value>cut",-4.98058,-1.7825,-2.13925,,-0.0595611285266458
"X00000059200,ZNF576","1,1",NonProt,6,1,0.323624595469256,"value<cut,value<cut",-0.4139,3.741,,,-0.676375404530744
"VSTM1,TRIM16","1,3",Prot,6,0.90476,0.0699476845572564,"value<cut,value>cut",4.4315,-0.98153,,,-0.834812315442744
"X00000059200,KRTAP29.1","3,3",Prot,6,0.86012,0.588300883437688,"value>cut,value>cut",2.79133,-1.70158,,,-0.271819116562312
"A1BG,ZNF576","2,1",NonProt,6,0.85714,0.871040723981901,"cut<value<cut,value<cut",-1.9115,-1.4275,3.74767,,0.0139007239819005
"TARM1,ESR1","3,1",NonProt,6,0.85714,0.125523012552301,"value>cut,value<cut",1.9697,0.6029,,,-0.731616987447699
"DLK1,X00000059995","3,1",NonProt,6,1,0.658682634730539,"value>cut,value<cut",-0.0066,-0.44865,,,-0.341317365269461
"KRTAP29.1,CTH","2,3",NonProt,6,0.94866,0.940438871473354,"cut<value<cut,value>cut",-4.9885,-1.22756,-0.74224,,-0.00822112852664569
"LOC709056,LILRB1","1,3",NonProt,6,1,0.634615384615385,"value<cut,value>cut",-0.427,7.699,,,-0.365384615384615
"C5H4orf45,ZNF576","3,1",NonProt,6,1,0.337909186906019,"value>cut,value<cut",1.86053,3.74233,,,-0.662090813093981
"X00000037843,TARM1","3,3",NonProt,6,0.89286,0.321428571428571,"value>cut,value>cut",2.8718,2.0257,,,-0.571431428571429
"TARM1,SMIM2","3,3",NonProt,6,0.86541,0.18957345971564,"value>cut,value>cut",1.98358,1.01142,,,-0.67583654028436
"VSTM1,TARM1","3,3",NonProt,6,0.8373,0.344827586206897,"value>cut,value>cut",5.20675,1.99108,,,-0.492472413793104
"KIR3DL0,LTC4S","1,3",NonProt,6,1,0.583941605839416,"value<cut,value>cut",2.9505,0.5971,,,-0.416058394160584
"VSTM1,SDK2","3,1",NonProt,6,1,0.686813186813187,"value>cut,value<cut",5.2101,-0.8672,,,-0.313186813186813
"KIR3DL0,LOC702786","1,2",NonProt,6,1,0.412371134020619,"value<cut,cut<value<cut",2.85925,-4.9764,-1.35992,,-0.587628865979382
"CFAP70,X00000064369","3,1",NonProt,6,0.85714,0.483383685800604,"value>cut,value<cut",2.34737,2.5557,,,-0.373756314199396
"LOC709056,C5H4orf45","1,3",NonProt,6,0.86071,0.72013093289689,"value<cut,value>cut",-0.40306,1.74288,,,-0.14057906710311
"X00000037843,DLK1","3,3",NonProt,6,1,0.364741641337386,"value>cut,value>cut",2.8294,0.0425,,,-0.635258358662614
"STARD8,THRB","3,3",NonProt,7,1,0.344827586206897,"value>cut,value>cut",1.47353,-3.14964,,,-0.655172413793103
"X00000037843,STARD8","3,3",NonProt,6,1,0.387096774193548,"value>cut,value>cut",2.87475,1.46377,,,-0.612903225806452
"A1BG,X00000059995","2,1",NonProt,6,1,0.803673938002296,"cut<value<cut,value<cut",-2.00925,-1.4227,-0.4414,,-0.196326061997704
"FABP5,ZNF576","3,1",NonProt,6,1,0.645161290322581,"value>cut,value<cut",2.47014,3.7445,,,-0.354838709677419
"X00000059200,TMX2","1,1",NonProt,6,1,0.208333333333333,"value<cut,value<cut",-0.4139,2.857,,,-0.791666666666667
"LILRB1,X00000060253","3,1",NonProt,6,0.95238,0.636942675159236,"value>cut,value<cut",7.72867,1.18767,,,-0.315437324840764
"VSTM1,TMX2","3,1",NonProt,6,1,0.344827586206897,"value>cut,value<cut",5.19367,2.86617,,,-0.655172413793103
"CBS,KRTAP29.1","2,2",NonProt,6,1,0.837297811607992,"cut<value<cut,cut<value<cut",-1.861,-0.01145,-5.01425,-4.338,-0.162702188392008
"X00000059200,LOC702786","3,3",Prot,6,0.86071,0.588300883437688,"value>cut,value>cut",2.7762,-0.97548,,,-0.272409116562312
"KIR3DL0,A1BG","2,3",Prot,6,1,0.025076257316498,"cut<value<cut,value>cut",2.9505,3.7,-1.3534,,-0.974923742683502
"USP31,X00000064369","1,3",Prot,6,1,0.435550444151244,"value<cut,value>cut",0.09577,3.28768,,,-0.564449555848756
"KIR3DL0,LOC702786","2,3",Prot,7,0.975,0.0708142764224285,"cut<value<cut,value>cut",2.839,3.6149,-1.4832,,-0.904185723577571
"TARM1,LTC4S","2,1",Prot,6,0.85714,0.0469176450201447,"cut<value<cut,value<cut",1.34962,1.98304,-0.40994,,-0.810222354979855
"TMEM38A,LTC4S","1,1",Prot,6,0.98438,0.426790384408699,"value<cut,value<cut",2.77513,-0.44744,,,-0.557589615591302
"ESR1,MYH15","3,1",Prot,6,1,0.386029091988191,"value>cut,value<cut",1.07178,-2.31424,,,-0.613970908011809
"X00000053012,SDK2","2,3",Prot,6,0.85714,0.151549967962173,"cut<value<cut,value>cut",2.6072,2.8896,0.7789,,-0.705590032037827
"X00000037843,TMX2","1,2",Prot,6,1,0.0292047568966912,"value<cut,cut<value<cut",2.4673,2.857,3.24,,-0.970795243103309
"THRB,X00000060253","1,3",Prot,7,0.975,0.474375821287779,"value<cut,value>cut",-4.85688,2.06112,,,-0.500624178712221
"X00000060253,LAMC1","3,1",Prot,6,1,0.275916167182912,"value>cut,value<cut",2.0932,0.9754,,,-0.724083832817088
"X00000037843,HCN2","1,2",Prot,6,1,0.0967978661849589,"value<cut,cut<value<cut",2.46407,-3.0387,-2.1321,,-0.903202133815041
"X00000037843,LOC709056","2,1",NonProt,6,0.85714,0.919148936170213,"cut<value<cut,value<cut",2.4711,2.87923,-0.39487,,0.0620089361702128
"X00000053274,LOC715623","1,1",NonProt,6,1,0.658682634730539,"value<cut,value<cut",-0.3475,-1.80267,,,-0.341317365269461
"THRB,X00000058427","1,2",Prot,6,0.85714,0.213063151682078,"value<cut,cut<value<cut",-4.8763,1.2056,1.8339,,-0.644076848317923
"X00000053274,STARD8","3,1",Prot,6,0.85714,0.235856661992657,"value>cut,value<cut",1.5977,0.6779,,,-0.621283338007343
"THRB,HCN2","1,2",Prot,6,1,0.184089750127486,"value<cut,cut<value<cut",-4.8763,-3.1067,-2.0401,,-0.815910249872514
"LOC709056,C5H4orf45","2,1",Prot,6,1,0.0723073192844116,"cut<value<cut,value<cut",-0.39487,0.78023,0.13517,,-0.927692680715588
"THRB,HEY1","1,1",Prot,6,1,0.252860144758347,"value<cut,value<cut",-4.87242,-1.9763,,,-0.747139855241653
"RBM46,CTH","3,2",Prot,6,0.85714,0.196764106830374,"value>cut,cut<value<cut",-0.9358,-1.5624,-0.6032,,-0.660375893169626
"LAMC1,X00000059995","2,3",Prot,6,0.85714,0.229405665741329,"cut<value<cut,value>cut",0.9754,1.853,0.6267,,-0.627734334258671
"KRTAP29.1,C5H4orf45","3,1",Prot,6,1,0.36369902964102,"value>cut,value<cut",0.31275,0.1759,,,-0.63630097035898
"VSTM1,KRTAP29.1","1,3",Prot,6,1,0.263210407152999,"value<cut,value>cut",4.31225,0.375,,,-0.736789592847001
"X00000064715,X00000059995","3,3",Prot,6,1,0.215292382058445,"value>cut,value>cut",1.9788,0.6383,,,-0.784707617941555
"VSTM1,MYH15","1,1",Prot,6,1,0.207591711629417,"value<cut,value<cut",4.3465,-2.27085,,,-0.792408288370583
"FABP5,TNNT2","1,1",Prot,6,0.92857,0.498180905783465,"value<cut,value<cut",1.98845,-2.3553,,,-0.430389094216535
"FABP5,X00000053012","1,3",Prot,6,1,0.851098151135377,"value<cut,value>cut",1.99315,2.86568,,,-0.148901848864623
"LOC719667,CTH","3,3",NonProt,6,0.8869,0.636942675159236,"value>cut,value>cut",4.97058,-0.82883,,,-0.249957324840764
"TMEM38A,LOC702786","3,2",NonProt,6,0.85714,0.062780269058296,"value>cut,cut<value<cut",3.2235,-4.9522,-0.37435,,-0.794359730941704
"FABP5,X00000060146","3,3",NonProt,6,0.92857,0.833333333333333,"value>cut,value>cut",2.5097,-2.86625,,,-0.0952366666666666
"LOC719667,KRTAP29.1","3,2",NonProt,6,1,0.512820512820513,"value>cut,cut<value<cut",4.987,-4.9425,0.85983,,-0.487179487179487
"X00000064313,KRTAP29.1","1,2",NonProt,6,1,0.23489932885906,"value<cut,cut<value<cut",-2.6169,-5.01225,-1.204,,-0.76510067114094
"X00000053012,TRIM16","1,1",NonProt,6,1,0.491071428571429,"value<cut,value<cut",2.6072,-1.628,,,-0.508928571428571
"DLK1,LOC702786","3,2",NonProt,6,0.92857,0.512820512820513,"value>cut,cut<value<cut",-0.1299,-4.917,-0.37435,,-0.415749487179487
"LILRB1,LOC702786","3,2",NonProt,6,1,0.364741641337386,"value>cut,cut<value<cut",7.73783,-4.94847,-0.54677,,-0.635258358662614
"LOC702786,CTH","2,3",NonProt,6,0.94133,0.945558739255014,"cut<value<cut,value>cut",-4.9591,-1.15204,-0.74399,,0.00422873925501432
"LOC702786,C5H4orf45","2,3",NonProt,6,1,0.928705440900563,"cut<value<cut,value>cut",-4.9522,-0.9418,1.5752,,-0.0712945590994372
"TNNT2,TMX2","1,2",Prot,6,0.85714,0.053926206244087,"value<cut,cut<value<cut",-2.361,2.857,3.24,,-0.803213793755913
"F2RL3,LTC4S","1,1",Prot,6,0.85714,0.861791682372157,"value<cut,value<cut",-3.3308,-0.2908,,,0.0046516823721573
"X00000053012,LTC4S","3,1",Prot,6,1,0.611175465171852,"value>cut,value<cut",2.87615,-0.40035,,,-0.388824534828148
"TNNT2,LOC701920","1,2",Prot,6,1,0.213063151682077,"value<cut,cut<value<cut",-2.361,5.2565,5.4955,,-0.786936848317923
"LOC719667,USP31","2,1",Prot,6,1,0.125029621393026,"cut<value<cut,value<cut",3.95933,4.972,0.1246,,-0.874970378606974
"F2RL3,C5H4orf45","1,1",Prot,6,1,0.851098151135377,"value<cut,value<cut",-3.4174,0.25165,,,-0.148901848864623
"VSTM1,F2RL3","1,1",Prot,6,1,0.322639823133732,"value<cut,value<cut",4.38957,-3.75299,,,-0.677360176866268
"TNNT2,C5H4orf45","1,1",Prot,6,1,0.310938845822567,"value<cut,value<cut",-2.361,0.1759,,,-0.689061154177433
"F2RL3,DLK1","1,2",Prot,6,0.92857,0.778144735349359,"value<cut,cut<value<cut",-3.3308,-1.88425,-0.0066,,-0.150425264650641
"USP31,ZNF576","1,3",Prot,6,0.92857,0.291553905663318,"value<cut,value>cut",0.06835,3.94175,,,-0.637016094336682
"VSTM1,ZNF576","1,3",Prot,6,1,0.125029621393026,"value<cut,value>cut",4.3465,3.945,,,-0.874970378606974
"X00000037843,SMIM2","1,1",Prot,6,1,0.138493844942353,"value<cut,value<cut",2.4736,-0.2696,,,-0.861506155057647
"LOC719667,TNNT2","2,1",Prot,6,1,0.0567520830058167,"cut<value<cut,value<cut",3.995,4.964,-2.361,,-0.943247916994183
"RBM46,LOC709056","3,2",Prot,6,1,0.411280519381409,"value>cut,cut<value<cut",-1.00085,-0.3788,0.8126,,-0.588719480618592
"ESR1,USP31","3,1",Prot,6,1,0.386029091988191,"value>cut,value<cut",1.05385,0.13258,,,-0.613970908011809
"TMX2,X00000053012","3,2",Prot,6,1,0.139747946148221,"value>cut,cut<value<cut",3.2406,2.59224,2.87166,,-0.860252053851779
"USP31,LAMC1","1,2",Prot,6,1,0.291553905663318,"value<cut,cut<value<cut",0.0609,0.94073,1.83707,,-0.708446094336682
"FABP5,USP31","1,1",Prot,6,1,0.837246205802173,"value<cut,value<cut",1.98845,0.21915,,,-0.162753794197827
"TMEM38A,KRTAP29.1","3,2",NonProt,6,0.90476,0.0578512396694215,"value>cut,cut<value<cut",3.224,-5.00567,-1.2375,,-0.846908760330578
"DLK1,KRTAP29.1","3,2",NonProt,6,0.92857,0.536585365853659,"value>cut,cut<value<cut",-0.1299,-4.97275,0.31275,,-0.391984634146341
"F2RL3,DLK1","3,3",NonProt,6,1,0.547945205479452,"value>cut,value>cut",-1.75826,-0.0399,,,-0.452054794520548
"LOC701920,X00000064313","1,1",NonProt,7,1,0.783034257748776,"value<cut,value<cut",5.2619,-2.65678,,,-0.216965742251224
"LILRB1,KRTAP29.1","3,2",NonProt,6,1,0.364741641337386,"value>cut,cut<value<cut",7.74688,-4.999,-1.198,,-0.635258358662614
"X00000059995,MAOA","3,2",Prot,6,0.85714,0.263210407152999,"value>cut,cut<value<cut",0.6267,0.2151,0.6635,,-0.593929592847001
"DLK1,LTC4S","1,1",Prot,6,1,0.631641955981214,"value<cut,value<cut",-1.9201,-0.3273,,,-0.368358044018786
"STARD8,SMIM2","3,3",NonProt,6,1,0.700525394045534,"value>cut,value>cut",1.48085,0.96565,,,-0.299474605954466
"STARD8,LOC114669850","3,1",NonProt,6,1,0.766871165644172,"value>cut,value<cut",1.4746,-0.16588,,,-0.233128834355828
"STARD8,HCN2","3,3",NonProt,6,1,0.636942675159236,"value>cut,value>cut",1.4761,-2.1214,,,-0.363057324840764
"FABP5,TRIM16","1,2",Prot,6,0.85714,0.387161023441091,"value<cut,cut<value<cut",1.991,-1.628,-0.9268,,-0.469978976558909
"TMX2,A1BG","3,3",Prot,7,0.89286,0.310938845822567,"value>cut,value>cut",3.2416,-1.44232,,,-0.581921154177433
"X00000053274,TNNT2","3,1",Prot,6,0.92857,0.0903095221850766,"value>cut,value<cut",1.5977,-2.3553,,,-0.838260477814924
"TMX2,F2RL3","3,1",Prot,6,1,0.375650364203954,"value>cut,value<cut",3.241,-3.94278,,,-0.624349635796046
"TMEM38A,DLK1","1,1",Prot,6,0.90476,0.213063151682078,"value<cut,value<cut",2.7665,-1.9323,,,-0.691696848317922
"FABP5,MYH15","1,1",Prot,6,1,0.862777161545587,"value<cut,value<cut",1.99187,-2.31273,,,-0.137222838454413
"KRTAP29.1,SDK2","2,1",NonProt,6,0.86607,0.902564102564103,"cut<value<cut,value<cut",-4.997,0.31275,-0.8912,,0.0364941025641026
"X00000064715,X00000058427","1,3",NonProt,6,0.85714,0.387096774193548,"value<cut,value>cut",-0.026,1.83405,,,-0.470043225806452
"LOC702786,SMIM2","2,3",NonProt,6,0.92857,0.928705440900563,"cut<value<cut,value>cut",-4.92785,-0.63298,1.03332,,0.000135440900562833
"KRTAP29.1,SMIM2","2,3",NonProt,6,0.92857,0.922131147540984,"cut<value<cut,value>cut",-4.9395,0.31275,1.0064,,-0.00643885245901643
"LOC719667,SMIM2","3,3",NonProt,6,1,0.700525394045534,"value>cut,value>cut",4.97912,1.0064,,,-0.299474605954466
"SMIM2,HCN2","3,3",NonProt,6,1,0.3690036900369,"value>cut,value>cut",0.9118,-2.0401,,,-0.6309963099631
"LOC709056,SMIM2","1,3",NonProt,6,1,0.737327188940092,"value<cut,value>cut",-0.36277,0.9849,,,-0.262672811059908
"X00000037843,HCN2","3,3",NonProt,6,0.85714,0.412371134020619,"value>cut,value>cut",2.8764,-2.0401,,,-0.444768865979381
"VSTM1,LOC114669850","2,1",NonProt,7,0.86905,0.729344729344729,"cut<value<cut,value<cut",4.3465,5.21217,-0.1699,,-0.139705270655271
"TMX2,THRB","1,3",NonProt,6,1,0.054726368159204,"value<cut,value>cut",2.87067,-3.0807,,,-0.945273631840796
"TMX2,USP31","1,3",NonProt,6,1,0.243362831858407,"value<cut,value>cut",2.857,0.6409,,,-0.756637168141593
"VSTM1,LOC709056","1,3",Prot,6,0.85714,0.111137859277383,"value<cut,value>cut",4.3465,0.8126,,,-0.746002140722617
"X00000064313,MYH15","1,1",Prot,6,0.85714,0.729335227986737,"value<cut,value<cut",-2.494,-2.2252,,,-0.127804772013263
"ESR1,HCN2","2,2",Prot,6,0.85714,0.26870992595688,"cut<value<cut,cut<value<cut",0.5914,1.041,-3.1067,-2.0401,-0.58843007404312
"X00000053012,HCN2","1,3",NonProt,6,0.85714,0.461699895068206,"value<cut,value>cut",2.6072,-2.0401,,,-0.395440104931794
"X00000053012,SMIM2","1,3",NonProt,6,1,0.606896551724138,"value<cut,value>cut",2.6072,0.9118,,,-0.393103448275862
"STARD8,DLK1","3,3",NonProt,6,1,0.488997555012225,"value>cut,value>cut",1.46817,0.03476,,,-0.511002444987775
"VSTM1,HCN2","1,1",Prot,6,1,0.138493844942353,"value<cut,value<cut",4.32938,-2.94885,,,-0.861506155057647
"FABP5,CFAP70","1,2",Prot,6,1,0.79416191738174,"value<cut,cut<value<cut",1.99187,0.1011,2.23473,,-0.20583808261826
"MYH15,ZNF576","1,3",Prot,6,1,0.318642860461155,"value<cut,value>cut",-2.29085,3.945,,,-0.681357139538845
"FABP5,C5H4orf45","1,1",Prot,6,1,0.862777161545587,"value<cut,value<cut",1.9876,0.21843,,,-0.137222838454413
"LOC709056,LTC4S","3,1",Prot,6,1,0.662129549184284,"value>cut,value<cut",0.8126,-0.2908,,,-0.337870450815716
"X00000053012,ESR1","2,2",Prot,6,0.85714,0.253858395943595,"cut<value<cut,cut<value<cut",2.6072,2.8896,0.5914,1.041,-0.603281604056405
"LOC702786,C5H4orf45","3,1",Prot,6,1,0.386029091988191,"value>cut,value<cut",-0.09062,0.21378,,,-0.613970908011809
"VSTM1,LOC702786","1,3",Prot,6,0.97143,0.263210407152999,"value<cut,value>cut",4.3446,-0.26086,,,-0.708219592847001
"VSTM1,X00000056965","3,1",NonProt,6,0.92857,0.700525394045534,"value>cut,value<cut",5.1675,-3.3614,,,-0.228044605954466
"FABP5,USP31","3,2",NonProt,6,1,0.87719298245614,"value>cut,cut<value<cut",2.46235,0.13557,0.70242,,-0.12280701754386
"ZNF576,X00000056965","1,1",NonProt,6,1,0.794223826714801,"value<cut,value<cut",3.741,-3.4086,,,-0.205776173285199
"TMX2,X00000058427","1,3",NonProt,6,1,0.161764705882353,"value<cut,value>cut",2.8775,1.81625,,,-0.838235294117647
"TNNT2,X00000064369","1,3",Prot,6,1,0.288825673393191,"value<cut,value>cut",-2.3553,3.3376,,,-0.711174326606809
"X00000064715,X00000064369","3,3",Prot,6,0.96875,0.339683378179837,"value>cut,value>cut",2.00528,3.28717,,,-0.629066621820163
"X00000053274,USP31","3,1",Prot,6,1,0.406845008600747,"value>cut,value<cut",1.5977,0.18393,,,-0.593154991399253
"USP31,X00000056965","1,2",Prot,6,1,0.230817304687688,"value<cut,cut<value<cut",0.1021,-3.4341,-2.02892,,-0.769182695312312
"X00000037843,X00000060253","1,3",Prot,6,0.90179,0.416732486785345,"value<cut,value>cut",2.47585,2.05002,,,-0.485057513214655
"TARM1,KRTAP29.1","3,2",NonProt,6,0.85714,0.0952380952380952,"value>cut,cut<value<cut",1.98717,-4.991,-0.15133,,-0.761901904761905
"FABP5,SDK2","3,2",NonProt,6,1,0.847457627118644,"value>cut,cut<value<cut",2.46235,-0.99625,0.6044,,-0.152542372881356
"LOC715623,ZNF576","1,1",NonProt,6,0.85714,0.27681660899654,"value<cut,value<cut",-1.77283,3.741,,,-0.58032339100346
"TARM1,LOC702786","3,2",NonProt,6,0.90476,0.0873362445414847,"value>cut,cut<value<cut",2.01607,-4.92873,-0.1852,,-0.817423755458515
"LOC715623,LAMC1","1,3",NonProt,6,0.86225,0.36241610738255,"value<cut,value>cut",-1.74316,1.76459,,,-0.49983389261745
"LOC709056,X00000056965","1,1",NonProt,6,0.97143,0.812807881773399,"value<cut,value<cut",-0.40306,-3.4341,,,-0.158622118226601
"LOC715623,X00000064369","1,1",NonProt,6,1,0.539083557951483,"value<cut,value<cut",-1.80267,2.6045,,,-0.460916442048518
"X00000037843,THRB","3,3",NonProt,6,0.85714,0.219178082191781,"value>cut,value>cut",2.96835,-3.1655,,,-0.637961917808219
"LOC719667,ZNF576","3,1",NonProt,6,0.88571,0.512820512820513,"value>cut,value<cut",4.9671,3.745,,,-0.372889487179487
"F2RL3,USP31","3,3",NonProt,6,0.91071,0.747663551401869,"value>cut,value>cut",-1.7442,0.68083,,,-0.163046448598131
"TMX2,SDK2","1,2",NonProt,6,1,0.336244541484716,"value<cut,cut<value<cut",2.857,-0.8912,0.7789,,-0.663755458515284
"X00000060146,HEY1","1,1",Prot,6,0.90476,0.487872537164806,"value<cut,value<cut",-4.8295,-2.0012,,,-0.416887462835195
"LOC709056,HEY1","2,1",Prot,6,0.85714,0.121701946450434,"cut<value<cut,value<cut",-0.4036,0.8126,-2.02,,-0.735438053549566
"X00000037843,TNNT2","1,1",Prot,6,1,0.0362413412308001,"value<cut,value<cut",2.47224,-2.41846,,,-0.9637586587692
"FABP5,DLK1","1,1",Prot,6,1,0.757147588033999,"value<cut,value<cut",1.99613,-1.9323,,,-0.242852411966001
X00000058729,3,Prot,10,0.90909,0.247091033538672,value>cut,-2.5992,,,,-0.661998966461328
SDK2,3,Prot,10,0.90909,0.197519606055079,value>cut,0.4804,,,,-0.711570393944921
"X00000053274,SDK2","2,3",Prot,6,1,0.149205643280296,"cut<value<cut,value>cut",-0.2752,1.7252,0.4804,,-0.850794356719704
"X00000064715,X00000058427","3,2",Prot,6,0.92857,0.215292382058445,"value>cut,cut<value<cut",1.9057,1.24995,1.8448,,-0.713277617941555
"LOC701920,SDK2","3,3",Prot,6,1,0.485361758518871,"value>cut,value>cut",5.486,0.4804,,,-0.514638241481129
"X00000059200,KIR3DL0","3,2",Prot,6,0.95238,0.391368849496928,"value>cut,cut<value<cut",2.79883,2.82883,3.634,,-0.561011150503072
"STARD8,X00000064369","2,3",Prot,6,1,0.113951389158088,"cut<value<cut,value>cut",0.6394,1.48085,3.3515,,-0.886048610841912
"LOC702786,LTC4S","2,3",NonProt,8,0.85347,0.928705440900563,"cut<value<cut,value>cut",-4.92785,-0.09063,0.59275,,0.0752354409005629
"X00000053274,X00000059200","1,1",NonProt,6,0.95238,0.698412698412698,"value<cut,value<cut",-0.41087,-0.4353,,,-0.253967301587302
"DLK1,ZNF576","2,2",Prot,7,1,0.078967061559539,"cut<value<cut,cut<value<cut",-1.85644,-0.0195,3.7466,3.9411,-0.921032938440461
"THRB,X00000056965","2,2",Prot,6,0.85714,0.13074972835929,"cut<value<cut,cut<value<cut",-4.8418,-3.1655,-3.4706,-1.9257,-0.72639027164071
"ESR1,C5H4orf45","3,1",Prot,6,1,0.36369902964102,"value>cut,value<cut",1.04425,0.1759,,,-0.63630097035898
"LOC701920,MYH15","2,1",Prot,6,1,0.146375296101069,"cut<value<cut,value<cut",5.2505,5.5265,-2.3565,,-0.853624703898931
"C5H4orf45,TRIM16","1,3",Prot,6,0.92857,0.0997166153436934,"value<cut,value>cut",0.25165,-0.9464,,,-0.828853384656307
"TRIM16,LOC114669850","2,1",NonProt,6,0.85714,0.329411764705882,"cut<value<cut,value<cut",-1.6451,-0.9464,-0.0248,,-0.527728235294118
"VSTM1,ZNF576","2,1",NonProt,6,0.85714,0.902564102564103,"cut<value<cut,value<cut",4.474,5.2235,3.741,,0.0454241025641026
"X00000064369,ZNF576","1,1",NonProt,6,1,0.301003344481605,"value<cut,value<cut",2.5624,3.741,,,-0.698996655518395
"FABP5,X00000058729","3,2",NonProt,6,1,0.769230769230769,"value>cut,cut<value<cut",2.415,-4.72285,-2.5258,,-0.230769230769231
"LOC719667,STARD8","2,2",Prot,6,0.85714,0.146375296101069,"cut<value<cut,cut<value<cut",4.2055,4.964,0.6394,1.4671,-0.710764703898931
"TARM1,X00000059995","1,2",Prot,6,0.85714,0.310938845822567,"value<cut,cut<value<cut",1.369,-0.3992,0.6708,,-0.546201154177433
"LOC719667,F2RL3","2,2",Prot,6,0.85714,0.517308997661966,"cut<value<cut,cut<value<cut",4.2055,4.964,-4.2261,-1.9341,-0.339831002338035
"F2RL3,TARM1","2,1",Prot,6,1,0.252860144758347,"cut<value<cut,value<cut",-4.2261,-1.9341,1.369,,-0.747139855241653
"SMIM2,X00000060253","1,3",Prot,6,1,0.609201527666756,"value<cut,value>cut",-0.2444,2.0577,,,-0.390798472333245
"X00000053274,X00000058729","2,3",Prot,6,1,0.189515274874053,"cut<value<cut,value>cut",-0.2752,1.7252,-2.5992,,-0.810484725125948
"LOC702786,X00000058729","3,3",Prot,6,1,0.343811090503944,"value>cut,value>cut",0.1931,-2.5992,,,-0.656188909496056
"KRTAP29.1,X00000058729","3,3",Prot,6,1,0.343811090503944,"value>cut,value>cut",1.954,-2.5992,,,-0.656188909496056
"SMIM2,X00000058729","1,3",Prot,6,1,0.461605760818359,"value<cut,value>cut",-0.2444,-2.5992,,,-0.538394239181641
"X00000058729,X00000058427","3,1",Prot,6,1,0.296217328089086,"value>cut,value<cut",-2.436,1.2264,,,-0.703782671910914
"TARM1,X00000053012","1,3",Prot,6,1,0.310938845822567,"value<cut,value>cut",1.369,2.8597,,,-0.689061154177433
"LOC709056,MAOA","2,1",Prot,6,1,0.125029621393026,"cut<value<cut,value<cut",-0.427,0.6827,0.25553,,-0.874970378606974
"LOC702786,X00000058427","1,2",Prot,6,1,0.507109939128078,"value<cut,cut<value<cut",-4.8818,1.211,1.8342,,-0.492890060871923
"TARM1,SDK2","1,3",Prot,6,1,0.331718319271573,"value<cut,value>cut",1.369,0.4804,,,-0.668281680728427
"X00000053274,STARD8","2,2",Prot,6,1,0.20458951847838,"cut<value<cut,cut<value<cut",-0.2752,1.7252,0.6394,1.4671,-0.79541048152162
"LOC719667,X00000059995","2,2",Prot,6,1,0.113951389158088,"cut<value<cut,cut<value<cut",4.2055,4.964,-0.3992,0.6708,-0.886048610841912
"X00000064715,X00000056965","3,2",Prot,6,1,0.20458951847838,"value>cut,cut<value<cut",1.9788,-3.4706,-1.9257,,-0.79541048152162
"TNNT2,ZNF576","2,2",Prot,6,1,0.0751231242340863,"cut<value<cut,cut<value<cut",-2.4981,-0.5648,3.741,3.9385,-0.924876875765914
"TMX2,X00000058729","2,3",Prot,6,1,0.0896300587602417,"cut<value<cut,value>cut",2.857,3.24,-2.5992,,-0.910369941239758
"MYH15,SDK2","3,1",NonProt,6,0.85714,0.628491620111732,"value>cut,value<cut",-1.5334,-1.1013,,,-0.228648379888268
"X00000037843,TMX2","3,1",NonProt,6,1,0.219178082191781,"value>cut,value<cut",2.999,2.857,,,-0.780821917808219
"RBM46,X00000053012","1,1",NonProt,6,0.85714,0.323624595469256,"value<cut,value<cut",-2.4387,2.5668,,,-0.533515404530744
"X00000053012,ESR1","1,1",NonProt,6,0.85714,0.612244897959184,"value<cut,value<cut",2.5668,0.6029,,,-0.244895102040816
"TNNT2,X00000058729","3,2",NonProt,6,1,0.149253731343284,"value>cut,cut<value<cut",-0.5648,-4.7414,-2.5992,,-0.850746268656716
"VSTM1,X00000058729","1,3",Prot,6,1,0.282106121167026,"value<cut,value>cut",4.474,-2.5992,,,-0.717893878832974
"ZNF576,MAOA","2,3",Prot,6,0.85714,0.155207916908664,"cut<value<cut,value>cut",3.741,3.9385,0.6932,,-0.701932083091336
"HCN2,X00000056965","1,2",Prot,6,0.96429,0.406845008600747,"value<cut,cut<value<cut",-2.93285,-3.47958,-2.07038,,-0.557444991399253
"LOC715623,LAMC1","3,2",Prot,6,0.85714,0.391368849496928,"value>cut,cut<value<cut",-0.5711,0.9234,1.8291,,-0.465771150503072
"LOC701920,X00000058729","3,3",Prot,6,1,0.414291649812299,"value>cut,value>cut",5.486,-2.5992,,,-0.585708350187701
"F2RL3,LOC702786","3,2",NonProt,6,0.92857,0.645161290322581,"value>cut,cut<value<cut",-1.93505,-4.917,0.1931,,-0.283408709677419
"LOC702786,X00000058729","2,2",NonProt,6,1,0.945558739255014,"cut<value<cut,cut<value<cut",-4.8818,0.1931,-4.7414,-2.5992,-0.0544412607449857
"SDK2,MAOA","2,2",NonProt,6,1,0.81,"cut<value<cut,cut<value<cut",-1.1013,0.5333,0.2491,0.6932,-0.19
"X00000059200,CFAP70","1,3",NonProt,6,0.85714,0.568181818181818,"value<cut,value>cut",-0.4174,2.35365,,,-0.288958181818182
"X00000053274,SDK2","1,2",NonProt,6,0.85714,0.63173007896626,"value<cut,cut<value<cut",-0.2752,-1.1013,0.4804,,-0.22540992103374
"A1BG,THRB","1,3",NonProt,6,0.85714,0.208333333333333,"value<cut,value>cut",-1.9115,-3.1655,,,-0.648806666666667
"ESR1,ZNF576","1,1",NonProt,6,0.85714,0.412371134020619,"value<cut,value<cut",0.57305,3.741,,,-0.444768865979381
"STARD8,X00000058427","3,3",NonProt,6,1,0.636942675159236,"value>cut,value>cut",1.4761,1.82838,,,-0.363057324840764
"LOC114669850,X00000058427","1,3",NonProt,6,0.89286,0.359550561797753,"value<cut,value>cut",-0.29807,1.827,,,-0.533309438202247
"X00000058729,X00000059995","2,1",NonProt,6,1,0.920502092050209,"cut<value<cut,value<cut",-4.7414,-2.5992,-0.3992,,-0.0794979079497908
"DLK1,LTC4S","2,1",Prot,6,0.90476,0.0493954298965137,"cut<value<cut,value<cut",-1.814,0.0425,-0.4734,,-0.855364570103486
"LOC701920,F2RL3","3,1",Prot,6,0.85714,0.609201527666755,"value>cut,value<cut",5.46933,-3.6888,,,-0.247938472333245
"X00000037843,LOC701920","1,3",Prot,6,0.85714,0.176509946215806,"value<cut,value>cut",2.4749,5.54,,,-0.680630053784194
"X00000064715,LOC709056","3,2",Prot,6,1,0.36369902964102,"value>cut,cut<value<cut",1.9788,-0.427,0.6827,,-0.63630097035898
"X00000037843,X00000053012","1,3",Prot,6,0.89286,0.192349757424493,"value<cut,value>cut",2.47057,2.86455,,,-0.700510242575507
"VSTM1,LOC114669850","1,3",Prot,6,1,0.22226903010467,"value<cut,value>cut",4.41025,1.5684,,,-0.77773096989533
"X00000053012,SDK2","3,3",Prot,6,1,0.485361758518871,"value>cut,value>cut",2.8597,0.4804,,,-0.514638241481129
"LAMC1,CTH","3,3",NonProt,6,0.85714,0.612244897959184,"value>cut,value>cut",1.8291,-0.8605,,,-0.244895102040816
"KIR3DL0,TMX2","1,1",NonProt,6,0.92857,0.344827586206897,"value<cut,value<cut",2.768,2.8775,,,-0.583742413793104
"LOC715623,LOC702786","1,2",NonProt,6,0.92857,0.256227758007117,"value<cut,cut<value<cut",-1.71275,-4.95235,-1.0762,,-0.672342241992883
"KIR3DL0,X00000058729","2,3",Prot,7,1,0.1476355496244,"cut<value<cut,value>cut",2.778,3.634,-2.5992,,-0.8523644503756
"X00000053012,HCN2","3,1",Prot,6,1,0.391368849496928,"value>cut,value<cut",2.86718,-2.93745,,,-0.608631150503072
"LOC701920,ESR1","2,3",Prot,6,0.85714,0.113951389158088,"cut<value<cut,value>cut",5.2445,5.486,1.0667,,-0.743188610841912
"STARD8,X00000059995","2,2",Prot,6,0.85714,0.0932871514255793,"cut<value<cut,cut<value<cut",0.6394,1.4671,-0.3992,0.6708,-0.763852848574421
"TMX2,X00000060253","2,3",Prot,6,1,0.05136840108144,"cut<value<cut,value>cut",2.857,3.24,2.0577,,-0.94863159891856
"TMX2,ZNF576","3,2",Prot,6,0.85714,0.23126201153107,"value>cut,cut<value<cut",3.24,3.741,3.9385,,-0.62587798846893
"CBS,X00000053012","3,2",Prot,6,0.92857,0.406845008600747,"value>cut,cut<value<cut",0.11085,2.54525,2.8627,,-0.521724991399253
"LOC715623,SDK2","3,3",Prot,6,1,0.511695569315492,"value>cut,value>cut",-0.5711,0.4804,,,-0.488304430684508
"KIR3DL0,THRB","1,3",NonProt,6,1,0.25974025974026,"value<cut,value>cut",2.766,-3.07808,,,-0.74025974025974
"TARM1,LOC702786","1,1",Prot,6,0.85714,0.168787988986441,"value<cut,value<cut",1.369,-4.8818,,,-0.688352011013559
"TNNT2,THRB","1,1",Prot,6,1,0.0665110851808635,"value<cut,value<cut",-2.46097,-4.86922,,,-0.933488914819137
"VSTM1,SMIM2","1,1",Prot,6,0.90476,0.263210407152999,"value<cut,value<cut",4.46983,-0.25617,,,-0.641549592847001
"FABP5,F2RL3","2,1",Prot,6,0.90476,0.826485118688999,"cut<value<cut,value<cut",1.98293,2.44657,-3.9579,,-0.0782748813110014
"C5H4orf45,X00000059995","1,2",Prot,6,1,0.368915502805816,"value<cut,cut<value<cut",0.2264,-0.4009,0.68733,,-0.631084497194184
"TNNT2,DLK1","1,1",Prot,6,1,0.195931412949525,"value<cut,value<cut",-2.4981,-1.84765,,,-0.804068587050475
"LAMC1,X00000059995","3,1",NonProt,6,0.91071,0.488997555012225,"value>cut,value<cut",1.77817,-0.4009,,,-0.421712444987775
"X00000053012,LAMC1","1,3",NonProt,6,0.85714,0.536585365853659,"value<cut,value>cut",2.55535,1.8291,,,-0.320554634146341
"LOC709056,ESR1","1,1",NonProt,6,1,0.632688927943761,"value<cut,value<cut",-0.3905,0.5665,,,-0.367311072056239
"LOC709056,LAMC1","1,3",NonProt,6,1,0.634615384615385,"value<cut,value>cut",-0.427,1.80053,,,-0.365384615384615
"LOC709056,CBS","1,1",NonProt,6,0.85714,0.743243243243243,"value<cut,value<cut",-0.427,-1.4791,,,-0.113896756756757
"ZNF576,CTH","1,3",NonProt,6,0.89286,0.634615384615385,"value<cut,value>cut",3.745,-0.84348,,,-0.258244615384615
"LOC701920,X00000059995","1,1",NonProt,6,1,0.589390962671906,"value<cut,value<cut",5.2445,-0.3992,,,-0.410609037328094
"LOC709056,X00000058729","1,2",NonProt,6,1,0.677966101694915,"value<cut,cut<value<cut",-0.3905,-4.72285,-2.5258,,-0.322033898305085
"TARM1,THRB","3,3",NonProt,6,1,0.0404040404040404,"value>cut,value>cut",2.07967,-3.1655,,,-0.95959595959596
"DLK1,THRB","3,3",NonProt,6,1,0.366666666666667,"value>cut,value>cut",-0.1047,-3.1655,,,-0.633333333333333
"F2RL3,X00000053012","3,1",NonProt,6,0.85714,0.547945205479452,"value>cut,value<cut",-1.9713,2.587,,,-0.309194794520548
"F2RL3,THRB","3,3",NonProt,6,1,0.4,"value>cut,value>cut",-1.9713,-3.20485,,,-0.6
"X00000059200,LAMC1","1,3",NonProt,6,1,0.441176470588235,"value<cut,value>cut",-0.41623,1.7501,,,-0.558823529411765
"X00000053274,VSTM1","1,2",NonProt,6,0.85714,0.70694087403599,"value<cut,cut<value<cut",-0.2752,4.474,5.2235,,-0.15019912596401
"X00000064715,TRIM16","1,2",NonProt,6,0.85714,0.387096774193548,"value<cut,cut<value<cut",-0.0845,-1.63655,-0.9464,,-0.470043225806452
"X00000053274,A1BG","1,2",NonProt,6,0.91429,0.812807881773399,"value<cut,cut<value<cut",-0.38148,-2.0331,-1.45896,,-0.101482118226601
"LOC701920,F2RL3","1,3",NonProt,6,1,0.909090909090909,"value<cut,value>cut",5.2505,-1.93505,,,-0.0909090909090909
"STARD8,TMX2","3,1",NonProt,6,0.85714,0.441176470588235,"value>cut,value<cut",1.46377,2.88433,,,-0.415963529411765
"X00000037843,F2RL3","3,3",NonProt,6,1,0.842105263157895,"value>cut,value>cut",2.999,-1.9341,,,-0.157894736842105
"F2RL3,CTH","3,3",NonProt,6,1,0.666666666666667,"value>cut,value>cut",-1.85672,-0.87732,,,-0.333333333333333
"F2RL3,X00000058729","3,2",NonProt,6,1,0.689655172413793,"value>cut,cut<value<cut",-1.9341,-4.7414,-2.5992,,-0.310344827586207
"RBM46,X00000058729","1,2",NonProt,6,0.85714,0.467289719626168,"value<cut,cut<value<cut",-2.4628,-4.72285,-2.5258,,-0.389850280373832
"USP31,LTC4S","1,2",Prot,6,0.85714,0.176509946215806,"value<cut,cut<value<cut",0.046,-0.4734,0.5971,,-0.680630053784194
"TMEM38A,THRB","1,1",Prot,7,0.86905,0.0665110851808635,"value<cut,value<cut",2.756,-4.85537,,,-0.802538914819137
"USP31,HCN2","1,1",Prot,6,0.85714,0.391368849496928,"value<cut,value<cut",0.046,-2.9027,,,-0.465771150503072
"TMX2,X00000059995","2,2",Prot,6,0.95238,0.0827791790873653,"cut<value<cut,cut<value<cut",2.88433,3.24,-0.41327,0.66383,-0.869600820912635
"HCN2,X00000058427","2,2",Prot,6,0.85714,0.263210407152999,"cut<value<cut,cut<value<cut",-2.9027,-2.1352,1.211,1.8342,-0.593929592847001
"VSTM1,CFAP70","1,2",Prot,6,0.85714,0.20458951847838,"value<cut,cut<value<cut",4.474,0.0876,2.3348,,-0.65255048152162
"C5H4orf45,LTC4S","1,1",Prot,6,1,0.562566640238401,"value<cut,value<cut",0.2397,-0.4734,,,-0.437433359761599
"TMX2,ESR1","2,3",Prot,6,1,0.05136840108144,"cut<value<cut,value>cut",2.857,3.241,1.0667,,-0.94863159891856
"KIR3DL0,CFAP70","2,2",Prot,6,0.85714,0.176509946215806,"cut<value<cut,cut<value<cut",2.758,3.634,0.268,2.3348,-0.680630053784194
"F2RL3,X00000064313","1,2",Prot,6,1,0.755294808579364,"value<cut,cut<value<cut",-3.50675,-2.7398,-1.41075,,-0.244705191420636
"X00000053274,SMIM2","3,2",Prot,6,1,0.166704280709551,"value>cut,cut<value<cut",1.66145,-0.2864,0.96565,,-0.833295719290449
"X00000053274,LOC702786","3,3",Prot,6,1,0.461605760818359,"value>cut,value>cut",1.57532,-1.26762,,,-0.538394239181641
"LOC701920,X00000060146","2,1",Prot,6,0.85714,0.146375296101069,"cut<value<cut,value<cut",5.2565,5.567,-4.8205,,-0.710764703898931
"LOC701920,KRTAP29.1","2,3",Prot,6,0.86607,0.0641873871176036,"cut<value<cut,value>cut",5.2565,5.567,0.43725,,-0.801882612882396
"LOC702786,X00000058427","3,1",Prot,6,1,0.235856661992657,"value>cut,value<cut",-1.45905,1.2264,,,-0.764143338007343
"KIR3DL0,MYH15","2,1",Prot,7,1,0.113951389158088,"cut<value<cut,value<cut",2.758,3.634,-2.3565,,-0.886048610841912
"X00000053274,KRTAP29.1","3,3",Prot,6,1,0.461605760818359,"value>cut,value>cut",1.56787,-1.1545,,,-0.538394239181641
"LOC719667,MYH15","1,1",Prot,6,1,0.557028844805056,"value<cut,value<cut",4.04733,-2.28607,,,-0.442971155194944
"TMEM38A,ZNF576","2,1",NonProt,6,1,0.698412698412698,"cut<value<cut,value<cut",2.74925,3.18375,3.741,,-0.301587301587302
"TMX2,CTH","1,3",NonProt,6,0.92857,0.136363636363636,"value<cut,value>cut",2.87075,-0.8911,,,-0.792206363636364
"C5H4orf45,MYH15","3,2",NonProt,6,1,0.703125,"value>cut,cut<value<cut",1.7936,-2.3565,-1.4596,,-0.296875
"TNNT2,STARD8","2,2",Prot,6,0.85714,0.0758244066372611,"cut<value<cut,cut<value<cut",-2.4981,-1.0211,0.6394,1.4946,-0.781315593362739
"X00000037843,LAMC1","1,1",Prot,6,1,0.113951389158088,"value<cut,value<cut",2.4709,0.9234,,,-0.886048610841912
"LTC4S,LAMC1","1,1",Prot,6,1,0.219113267620532,"value<cut,value<cut",-0.4734,0.9234,,,-0.780886732379468
"VSTM1,LAMC1","1,1",Prot,6,1,0.113951389158088,"value<cut,value<cut",4.32367,0.9098,,,-0.886048610841912
"X00000037843,CTH","1,1",Prot,6,0.85714,0.102589030646585,"value<cut,value<cut",2.4748,-1.4527,,,-0.754550969353415
"CTH,X00000058427","1,1",Prot,6,1,0.461605760818359,"value<cut,value<cut",-1.343,1.2418,,,-0.538394239181641
"LILRB1,LOC114669850","1,3",Prot,6,1,0.435550444151244,"value<cut,value>cut",7.3515,1.337,,,-0.564449555848756
"LOC701920,LOC702786","2,3",Prot,6,0.86607,0.0641873871176036,"cut<value<cut,value>cut",5.2565,5.567,-0.8916,,-0.801882612882396
"STARD8,LOC702786","2,3",Prot,6,1,0.058694666221686,"cut<value<cut,value>cut",0.6394,1.4946,-1.9763,,-0.941305333778314
"LOC702786,MYH15","3,1",Prot,6,0.975,0.36369902964102,"value>cut,value<cut",-0.97548,-2.36482,,,-0.61130097035898
"LOC701920,CFAP70","1,3",NonProt,6,0.85714,0.759493670886076,"value<cut,value>cut",5.2565,2.3348,,,-0.0976463291139241
"LOC701920,A1BG","1,1",NonProt,6,1,0.65173116089613,"value<cut,value<cut",5.2655,-2.11417,,,-0.34826883910387
"FABP5,KRTAP29.1","3,2",NonProt,6,1,0.714285714285714,"value>cut,cut<value<cut",2.46235,-5.0275,-1.0795,,-0.285714285714286
"LOC701920,THRB","1,3",NonProt,6,1,0.387096774193548,"value<cut,value>cut",5.2565,-3.1655,,,-0.612903225806452
"STARD8,CTH","2,2",Prot,6,1,0.134863052753692,"cut<value<cut,cut<value<cut",0.6394,1.4946,-1.343,-0.8605,-0.865136947246309
"ZNF576,HCN2","3,1",Prot,6,1,0.490976767861546,"value>cut,value<cut",3.945,-2.9027,,,-0.509023232138454
"STARD8,MYH15","2,1",Prot,6,0.89286,0.102589030646585,"cut<value<cut,value<cut",0.67085,1.47835,-2.3565,,-0.790270969353415
"STARD8,THRB","2,1",Prot,6,1,0.0633963589533454,"cut<value<cut,value<cut",0.6259,1.4621,-4.86855,,-0.936603641046655
STARD8,3,NonProt,10,0.90909,0.833333333333333,value>cut,1.4686,,,,-0.0757566666666666
"KIR3DL0,USP31","1,3",NonProt,6,1,0.700525394045534,"value<cut,value>cut",2.758,0.6723,,,-0.299474605954466
"DLK1,USP31","3,3",NonProt,6,1,0.700525394045534,"value>cut,value>cut",0.0903,0.6723,,,-0.299474605954466
"STARD8,CTH","3,3",NonProt,7,1,0.589390962671906,"value>cut,value>cut",1.4621,-0.8911,,,-0.410609037328094
"STARD8,A1BG","3,1",NonProt,6,1,0.700525394045534,"value>cut,value<cut",1.47293,-2.11417,,,-0.299474605954466
"X00000059200,STARD8","1,3",NonProt,6,1,0.344827586206897,"value<cut,value>cut",-0.4174,1.4621,,,-0.655172413793103
"X00000064313,X00000060146","2,1",Prot,7,0.875,0.192349757424493,"cut<value<cut,value<cut",-2.7398,-1.3951,-4.8205,,-0.682650242575507
"TMX2,X00000064313","3,2",Prot,6,0.92857,0.139747946148221,"value>cut,cut<value<cut",3.2415,-2.7398,-1.48395,,-0.788822053851779
"STARD8,X00000053012","2,3",Prot,6,0.86607,0.102589030646585,"cut<value<cut,value>cut",0.6776,1.4946,2.87765,,-0.763480969353415
"MYH15,LTC4S","1,1",Prot,6,0.96429,0.562566640238401,"value<cut,value<cut",-2.30368,-0.446,,,-0.401723359761599
"THRB,LAMC1","1,1",Prot,6,1,0.195931412949525,"value<cut,value<cut",-4.8608,0.9234,,,-0.804068587050475
"LOC719667,CFAP70","3,3",NonProt,6,1,0.700525394045534,"value>cut,value>cut",4.99925,2.30085,,,-0.299474605954466
"KIR3DL0,X00000060253","1,1",NonProt,6,0.95238,0.681959082455053,"value<cut,value<cut",2.82217,1.1706,,,-0.270420917544947
"F2RL3,MAOA","1,3",Prot,6,1,0.727326435702059,"value<cut,value>cut",-3.86505,0.69285,,,-0.272673564297941
"VSTM1,X00000056965","1,2",Prot,6,1,0.125029621393026,"value<cut,cut<value<cut",4.3465,-3.4706,-2.1684,,-0.874970378606974
"VSTM1,X00000064715","1,3",Prot,6,1,0.263210407152999,"value<cut,value>cut",4.3465,2.00067,,,-0.736789592847001
"KIR3DL0,X00000064715","2,3",Prot,6,1,0.0869780240682738,"cut<value<cut,value>cut",2.758,3.634,2.0847,,-0.913021975931726
"ESR1,CTH","1,3",NonProt,6,1,0.512820512820513,"value<cut,value>cut",0.57305,-0.916,,,-0.487179487179487
"C5H4orf45,ZNF576","1,3",Prot,6,0.85714,0.318642860461155,"value<cut,value>cut",0.3274,3.945,,,-0.538497139538845
"STARD8,X00000060146","2,1",Prot,6,0.85714,0.134863052753692,"cut<value<cut,value<cut",0.6394,1.4946,-4.8205,,-0.722276947246308
"STARD8,LAMC1","2,1",Prot,8,1,0.1476355496244,"cut<value<cut,value<cut",0.6394,1.4946,0.9234,,-0.8523644503756
"MYH15,X00000059995","1,2",Prot,6,1,0.435550444151244,"value<cut,cut<value<cut",-2.37037,-0.42733,0.65687,,-0.564449555848756
"CFAP70,X00000060146","1,1",Prot,6,1,0.600064989439216,"value<cut,value<cut",0.268,-4.8205,,,-0.399935010560784
"X00000060146,LTC4S","1,1",Prot,6,1,0.723738357202467,"value<cut,value<cut",-4.825,-0.4734,,,-0.276261642797533
"TNNT2,C5H4orf45","3,2",NonProt,6,1,0.292553191489362,"value>cut,cut<value<cut",-1.0211,0.3274,1.5752,,-0.707446808510638
"X00000037843,DLK1","1,1",Prot,6,0.92857,0.138493844942353,"value<cut,value<cut",2.4748,-1.8835,,,-0.790076155057647
"DLK1,C5H4orf45","1,1",Prot,6,0.85714,0.582847298936261,"value<cut,value<cut",-1.8835,0.3274,,,-0.274292701063739
"C5H4orf45,CTH","1,1",Prot,6,0.85714,0.296217328089086,"value<cut,value<cut",0.3274,-1.343,,,-0.560922671910914
"TNNT2,LILRB1","1,1",Prot,6,0.85714,0.233477854696146,"value<cut,value<cut",-2.4981,7.316,,,-0.623662145303854
"X00000059995,MAOA","2,1",Prot,6,0.92857,0.160036398422735,"cut<value<cut,value<cut",-0.40175,0.6956,0.2737,,-0.768533601577265
"STARD8,ZNF576","3,1",NonProt,6,0.85714,0.656814449917898,"value>cut,value<cut",1.4946,3.741,,,-0.200325550082102
"FABP5,LILRB1","3,3",NonProt,6,1,0.769230769230769,"value>cut,value>cut",2.46235,7.72875,,,-0.230769230769231
"STARD8,KRTAP29.1","2,3",Prot,6,1,0.058694666221686,"cut<value<cut,value>cut",0.6394,1.4946,-1.0795,,-0.941305333778314
"DLK1,X00000060253","1,3",Prot,6,0.92857,0.655798833540491,"value<cut,value>cut",-1.8835,2.06945,,,-0.272771166459509
"STARD8,HEY1","2,1",Prot,6,1,0.120631738159306,"cut<value<cut,value<cut",0.6776,1.4946,-1.9131,,-0.879368261840694
"C5H4orf45,MYH15","1,1",Prot,6,0.92857,0.43802286225174,"value<cut,value<cut",0.3274,-2.3565,,,-0.49054713774826
"FABP5,STARD8","1,2",Prot,6,1,0.79416191738174,"value<cut,cut<value<cut",1.99147,0.65197,1.4503,,-0.20583808261826
"LOC701920,LTC4S","3,1",Prot,6,0.92857,0.631641955981214,"value>cut,value<cut",5.461,-0.4186,,,-0.296928044018786
"LTC4S,X00000060253","1,3",Prot,7,1,0.36369902964102,"value<cut,value>cut",-0.4734,2.0158,,,-0.63630097035898
"SDK2,LTC4S","3,1",Prot,6,1,0.585864520754658,"value>cut,value<cut",0.5721,-0.4734,,,-0.414135479245342
"KRTAP29.1,THRB","2,3",NonProt,6,1,0.658682634730539,"cut<value<cut,value>cut",-5.023,-4.338,-3.1655,,-0.341317365269461
"X00000053012,DLK1","2,2",Prot,6,0.85714,0.263210407152999,"cut<value<cut,cut<value<cut",2.5237,2.8597,-1.8118,0.1419,-0.593929592847001
"KRTAP29.1,LOC702786","3,3",Prot,9,0.9,0.461605760818359,"value>cut,value>cut",-4.338,-2.3455,,,-0.438394239181641
"X00000060146,HCN2","1,1",Prot,6,0.85714,0.461605760818359,"value<cut,value<cut",-4.8295,-2.9027,,,-0.395534239181641
"X00000037843,LOC701920","2,1",NonProt,6,1,0.919148936170213,"cut<value<cut,value<cut",2.4787,2.999,5.2565,,-0.0808510638297872
"LOC719667,VSTM1","3,3",NonProt,6,1,0.612244897959184,"value>cut,value>cut",4.99113,5.17875,,,-0.387755102040816
"LTC4S,X00000059995","2,1",NonProt,6,0.85714,0.82389289392379,"cut<value<cut,value<cut",-0.4734,0.5971,-0.4414,,-0.0332471060762101
"X00000037843,MAOA","1,1",Prot,6,0.92857,0.20458951847838,"value<cut,value<cut",2.4787,0.293,,,-0.72398048152162
"TNNT2,LTC4S","1,1",Prot,6,0.85714,0.426790384408699,"value<cut,value<cut",-2.3534,-0.4734,,,-0.430349615591302
"X00000053012,HEY1","3,1",Prot,6,0.90476,0.391368849496928,"value>cut,value<cut",2.8617,-1.91263,,,-0.513391150503072
"THRB,CTH","2,1",Prot,6,1,0.0827791790873653,"cut<value<cut,value<cut",-4.8263,-3.1655,-1.3064,,-0.917220820912635
"THRB,USP31","2,1",Prot,6,0.85714,0.0567520830058167,"cut<value<cut,value<cut",-4.8263,-3.1655,0.3476,,-0.800387916994183
"TNNT2,ESR1","1,3",Prot,6,1,0.403652627655609,"value<cut,value>cut",-2.38093,1.0671,,,-0.596347372344391
"LOC702786,MYH15","2,3",NonProt,6,1,0.874172185430464,"cut<value<cut,value>cut",-5.0229,-2.3455,-1.588,,-0.125827814569536
"FABP5,TMX2","3,1",NonProt,6,1,0.6,"value>cut,value<cut",2.43394,2.868,,,-0.4
THRB,3,NonProt,10,0.90909,0.333333333333333,value>cut,-3.1655,,,,-0.575756666666667
"TARM1,X00000056965","3,1",NonProt,6,0.92857,0.219178082191781,"value>cut,value<cut",2.0734,-3.40865,,,-0.709391917808219
"X00000060253,HEY1","1,3",NonProt,6,1,0.483383685800604,"value<cut,value>cut",1.0969,-0.8857,,,-0.516616314199396
"LOC701920,X00000060146","1,2",NonProt,6,1,0.863309352517986,"value<cut,cut<value<cut",5.2565,-4.8295,-2.92,,-0.136690647482014
"STARD8,SMIM2","3,2",NonProt,6,1,0.868055555555556,"value>cut,cut<value<cut",1.4946,-0.2444,1.1609,,-0.131944444444444
"LOC701920,CFAP70","1,1",NonProt,6,1,0.878316559926807,"value<cut,value<cut",5.2565,0.2276,,,-0.121683440073193
"TMEM38A,X00000064369","1,3",Prot,6,0.92857,0.310938845822567,"value<cut,value>cut",2.76725,3.20535,,,-0.617631154177433
"TMEM38A,USP31","1,1",Prot,6,0.85714,0.213063151682077,"value<cut,value<cut",2.7335,0.3476,,,-0.644076848317923
"TNNT2,TMEM38A","1,1",Prot,6,1,0.0665110851808635,"value<cut,value<cut",-2.43043,2.744,,,-0.933488914819137
"TMEM38A,X00000060253","1,3",Prot,6,1,0.248638156658944,"value<cut,value>cut",2.7335,2.0158,,,-0.751361843341056
"X00000064313,X00000059995","3,1",NonProt,6,0.85714,0.269230769230769,"value>cut,value<cut",-1.3951,-0.4414,,,-0.587909230769231
"CFAP70,X00000060253","1,3",Prot,6,0.95238,0.710114918728647,"value<cut,value>cut",0.0852,2.03563,,,-0.242265081271353
"SDK2,LTC4S","1,3",NonProt,6,0.90476,0.415384615384615,"value<cut,value>cut",-0.811,0.61663,,,-0.489375384615385
"KRTAP29.1,LTC4S","2,3",NonProt,8,0.88889,0.920502092050209,"cut<value<cut,value>cut",-5.023,-4.338,0.5971,,0.0316120920502092
"X00000053274,LOC701920","1,1",NonProt,6,1,0.591397849462366,"value<cut,value<cut",-0.41087,5.2655,,,-0.408602150537634
"X00000053012,ESR1","1,2",NonProt,6,1,0.821596244131455,"value<cut,cut<value<cut",2.5237,0.5301,1.0667,,-0.178403755868545
"KIR3DL0,LOC114669850","1,1",NonProt,6,0.85714,0.686813186813187,"value<cut,value<cut",2.76467,-0.16693,,,-0.170326813186813
"X00000053274,THRB","1,3",NonProt,6,1,0.536585365853659,"value<cut,value>cut",-0.45233,-3.13083,,,-0.463414634146341
"X00000053274,RBM46","1,1",NonProt,6,1,0.837297811607992,"value<cut,value<cut",-0.4787,-2.4869,,,-0.162702188392008
"ZNF576,X00000058729","1,1",NonProt,6,0.85714,0.812807881773399,"value<cut,value<cut",3.741,-4.3496,,,-0.044332118226601
"TMX2,LAMC1","1,3",NonProt,6,0.85714,0.0952380952380952,"value<cut,value>cut",2.8435,1.8291,,,-0.761901904761905
"X00000053274,TMEM38A","1,2",NonProt,6,1,0.591397849462366,"value<cut,cut<value<cut",-0.3996,2.7335,3.225,,-0.408602150537635
"LOC709056,TMEM38A","2,1",Prot,6,0.85714,0.05136840108144,"cut<value<cut,value<cut",-0.427,0.7151,2.744,,-0.80577159891856
"X00000037843,MAOA","2,2",NonProt,6,0.85714,0.751958224543081,"cut<value<cut,cut<value<cut",2.4787,2.999,0.3176,0.741,-0.105181775456919
"TMEM38A,C5H4orf45","2,3",NonProt,6,0.85714,0.583941605839416,"cut<value<cut,value>cut",2.7335,3.225,2.012,,-0.273198394160584
"VSTM1,ESR1","3,2",NonProt,6,0.85714,0.805626598465473,"value>cut,cut<value<cut",5.246,0.5301,1.0667,,-0.0515134015345269
"MYH15,THRB","3,3",NonProt,6,1,0.15929203539823,"value>cut,value>cut",-1.588,-3.1655,,,-0.84070796460177
"LOC701920,X00000058729","1,1",NonProt,6,1,0.825688073394495,"value<cut,value<cut",5.2565,-4.3496,,,-0.174311926605505
"LOC701920,USP31","1,3",NonProt,6,1,0.783034257748777,"value<cut,value>cut",5.26025,0.7536,,,-0.216965742251223
"X00000059200,X00000053012","2,1",NonProt,6,0.85714,0.87527352297593,"cut<value<cut,value<cut",-0.4931,2.6772,2.5237,,0.0181335229759301
"X00000053012,LOC715623","1,1",NonProt,6,1,0.745156482861401,"value<cut,value<cut",2.5237,-1.7115,,,-0.254843517138599
"MYH15,X00000060146","1,1",Prot,6,1,0.366578713481778,"value<cut,value<cut",-2.3565,-4.8295,,,-0.633421286518222
"X00000053012,MAOA","3,1",Prot,6,0.92857,0.316464824425446,"value>cut,value<cut",2.8627,0.293,,,-0.612105175574554
"SMIM2,MAOA","1,1",Prot,6,0.85714,0.318642860461155,"value<cut,value<cut",-0.2444,0.3176,,,-0.538497139538845
X00000053274,3,Prot,10,0.90909,0.140960562280359,value>cut,1.4396,,,,-0.768129437719641
"X00000053274,LOC715623","3,3",Prot,6,1,0.300056870379282,"value>cut,value>cut",1.2815,-0.6125,,,-0.699943129620718
"X00000053274,LAMC1","3,2",Prot,6,1,0.243293093867127,"value>cut,cut<value<cut",1.2815,0.903,1.6763,,-0.756706906132873
"X00000053274,LOC719667","3,1",Prot,6,1,0.22226903010467,"value>cut,value<cut",1.2815,3.9415,,,-0.77773096989533
FABP5,3,NonProt,10,0.88384,0.904761904761905,value>cut,2.415,,,,0.0209219047619047
"MYH15,X00000058427","1,2",Prot,6,0.85714,0.412279354308727,"value<cut,cut<value<cut",-2.1452,1.2889,1.8554,,-0.444860645691273
"X00000053012,X00000056965","3,2",Prot,6,0.85714,0.339683378179837,"value>cut,cut<value<cut",2.8597,-3.4706,-2.1684,,-0.517456621820163
"X00000060146,CTH","1,2",Prot,6,0.85714,0.461605760818359,"value<cut,cut<value<cut",-4.8295,-1.5624,-0.9217,,-0.395534239181641
"DLK1,USP31","1,1",Prot,6,1,0.635900850407505,"value<cut,value<cut",-1.8184,0.1696,,,-0.364099149592495
X00000053274,1,NonProt,10,0.875,0.916666666666667,value<cut,-0.4787,,,,0.0416666666666666
"FABP5,VSTM1","3,2",NonProt,6,1,0.847457627118644,"value>cut,cut<value<cut",2.415,4.3465,5.2235,,-0.152542372881356
"FABP5,X00000064715","3,1",NonProt,6,1,0.847457627118644,"value>cut,value<cut",2.415,-0.0012,,,-0.152542372881356
CTH,3,NonProt,10,0.90909,0.785714285714286,value>cut,-0.9217,,,,-0.123375714285714
"LOC709056,SDK2","1,1",NonProt,6,1,0.762829403606103,"value<cut,value<cut",-0.40267,-0.78117,,,-0.237170596393898
"LOC719667,MAOA","3,2",NonProt,6,1,0.700525394045534,"value>cut,cut<value<cut",4.9985,0.293,0.6932,,-0.299474605954466
"X00000060253,CTH","1,3",NonProt,6,1,0.340694006309148,"value<cut,value>cut",1.2214,-0.9217,,,-0.659305993690852
"FABP5,F2RL3","3,2",NonProt,6,1,0.95959595959596,"value>cut,cut<value<cut",2.415,-4.2261,-1.5483,,-0.0404040404040404
"X00000037843,LOC709056","1,3",Prot,6,0.85714,0.200043330986238,"value<cut,value>cut",2.4787,0.8126,,,-0.657096669013762
"LOC719667,TRIM16","2,3",Prot,6,1,0.05136840108144,"cut<value<cut,value>cut",3.9415,4.95975,-0.9991,,-0.94863159891856
"STARD8,X00000064715","1,3",Prot,6,1,0.702184292082756,"value<cut,value>cut",0.6007,1.8326,,,-0.297815707917244
DLK1,3,NonProt,10,0.90909,0.833333333333333,value>cut,0.0903,,,,-0.0757566666666666
"DLK1,SDK2","3,1",NonProt,6,1,0.72463768115942,"value>cut,value<cut",0.0903,-0.6506,,,-0.27536231884058
"A1BG,SDK2","1,1",NonProt,6,1,0.568181818181818,"value<cut,value<cut",-1.9115,-0.6506,,,-0.431818181818182
"LOC709056,TRIM16","1,1",NonProt,6,1,0.512820512820513,"value<cut,value<cut",-0.354,-1.7125,,,-0.487179487179487
"VSTM1,DLK1","3,3",NonProt,6,0.90476,0.412371134020619,"value>cut,value>cut",5.19367,0.0903,,,-0.492388865979381
"X00000037843,CTH","3,3",NonProt,6,1,0.392441860465116,"value>cut,value>cut",2.7623,-0.9217,,,-0.607558139534884
"LILRB1,CTH","3,3",NonProt,6,1,0.462724935732648,"value>cut,value>cut",7.7465,-0.9217,,,-0.537275064267352
"CTH,X00000058427","2,2",Prot,6,1,0.144829916172217,"cut<value<cut,cut<value<cut",-1.5624,-0.9217,1.2889,1.8554,-0.855170083827784
"X00000053274,CTH","3,2",Prot,6,1,0.243293093867127,"value>cut,cut<value<cut",1.2815,-1.5624,-0.9217,,-0.756706906132873
"A1BG,SMIM2","1,3",NonProt,6,0.92857,0.539083557951483,"value<cut,value>cut",-1.9115,1.0622,,,-0.389486442048518
"VSTM1,KIR3DL0","2,1",NonProt,6,1,0.904522613065327,"cut<value<cut,value<cut",4.3465,5.2235,2.758,,-0.0954773869346733
"VSTM1,MAOA","2,2",NonProt,6,1,0.791208791208791,"cut<value<cut,cut<value<cut",4.3465,5.2235,0.3176,0.6932,-0.208791208791209
"A1BG,TRIM16","3,3",Prot,6,0.85714,0.0758244066372611,"value>cut,value>cut",-1.492,-1.0518,,,-0.781315593362739
"LILRB1,TRIM16","1,3",Prot,6,1,0.167052290606201,"value<cut,value>cut",7.3075,-1.0518,,,-0.832947709393799
"ESR1,CTH","3,2",Prot,6,0.85714,0.344742020093337,"value>cut,cut<value<cut",1.0314,-1.5624,-0.9466,,-0.512397979906663
"FABP5,CTH","1,2",Prot,6,0.92857,0.778144735349359,"value<cut,cut<value<cut",1.9987,-1.5624,-0.9466,,-0.150425264650641
"HCN2,CTH","3,3",NonProt,6,1,0.488997555012225,"value>cut,value>cut",-2.1949,-0.9217,,,-0.511002444987775
"ESR1,THRB","1,3",NonProt,6,0.85714,0.278481012658228,"value<cut,value>cut",0.572,-3.0198,,,-0.578658987341772
"CBS,CFAP70","1,3",NonProt,6,0.81746,0.457142857142857,"value<cut,value>cut",-1.67005,2.1847,,,-0.360317142857143
"FABP5,X00000056965","3,3",NonProt,6,1,0.909090909090909,"value>cut,value>cut",2.415,-2.1684,,,-0.0909090909090909
"LTC4S,CTH","1,2",Prot,6,0.85714,0.259667439248563,"value<cut,cut<value<cut",-0.4734,-1.5624,-0.9217,,-0.597472560751438
"TMX2,CBS","3,3",Prot,6,1,0.168787988986441,"value>cut,value>cut",3.24267,0.02483,,,-0.831212011013559
"X00000053274,STARD8","1,3",NonProt,6,1,0.677966101694915,"value<cut,value>cut",-0.5578,1.4296,,,-0.322033898305085
"LOC701920,LTC4S","2,1",Prot,6,1,0.0647937350626777,"cut<value<cut,value<cut",5.27,5.567,-0.4734,,-0.935206264937322
"TNNT2,TRIM16","1,3",Prot,6,0.85714,0.0665110851808635,"value<cut,value>cut",-2.3496,-1.0518,,,-0.790628914819137
"VSTM1,STARD8","1,2",Prot,6,0.85714,0.151549967962173,"value<cut,cut<value<cut",4.3465,0.6007,1.4296,,-0.705590032037827
"VSTM1,CTH","1,2",Prot,6,1,0.138493844942353,"value<cut,cut<value<cut",4.31225,-1.5624,-0.9466,,-0.861506155057647
"X00000053274,F2RL3","3,1",Prot,6,1,0.487872537164806,"value>cut,value<cut",1.2815,-4.2261,,,-0.512127462835194
"X00000037843,KIR3DL0","3,1",NonProt,6,0.85714,0.321428571428571,"value>cut,value<cut",2.7623,2.758,,,-0.535711428571429
"X00000037843,X00000060253","3,1",NonProt,6,0.85714,0.568181818181818,"value>cut,value<cut",2.7623,1.2214,,,-0.288958181818182
"SMIM2,CTH","3,3",NonProt,6,0.81746,0.392441860465116,"value>cut,value>cut",0.9676,-0.9466,,,-0.425018139534884
"X00000053274,DLK1","2,3",NonProt,6,1,0.818553888130969,"cut<value<cut,value>cut",-0.41087,1.41997,0.0903,,-0.181446111869031
"LAMC1,ZNF576","3,1",NonProt,6,0.81746,0.389483933787731,"value>cut,value<cut",1.70985,3.751,,,-0.427976066212269
"LOC709056,X00000058427","1,3",NonProt,6,1,0.483383685800604,"value<cut,value>cut",-0.354,1.8554,,,-0.516616314199396
"VSTM1,X00000058427","2,3",NonProt,6,1,0.895027624309392,"cut<value<cut,value>cut",4.3465,5.2235,1.8554,,-0.104972375690608
"VSTM1,X00000060253","2,1",NonProt,6,0.85714,0.77326968973747,"cut<value<cut,value<cut",4.3465,5.2235,1.2214,,-0.0838703102625299
"TRIM16,X00000058427","2,3",NonProt,6,0.875,0.558139534883721,"cut<value<cut,value>cut",-1.7125,-0.9991,1.827,,-0.316860465116279
"MYH15,X00000058729","2,2",NonProt,6,1,0.848806366047745,"cut<value<cut,cut<value<cut",-2.1452,-1.4352,-4.7043,-2.4524,-0.151193633952255
"ESR1,X00000058729","2,2",NonProt,6,1,0.76235854675402,"cut<value<cut,cut<value<cut",0.5301,1.04425,-4.52695,-2.40105,-0.23764145324598
"LOC701920,CBS","1,1",NonProt,6,1,0.612244897959184,"value<cut,value<cut",5.2835,-1.4791,,,-0.387755102040816
"CBS,THRB","1,3",NonProt,6,1,0.15929203539823,"value<cut,value>cut",-1.674,-3.1655,,,-0.84070796460177
"LOC709056,TMEM38A","1,2",NonProt,6,1,0.634615384615385,"value<cut,cut<value<cut",-0.427,2.765,3.2525,,-0.365384615384615
"X00000060253,HEY1","3,1",Prot,6,0.85714,0.414291649812299,"value>cut,value<cut",2.0334,-1.7672,,,-0.442848350187701
"X00000059200,MYH15","3,1",Prot,6,1,0.461605760818359,"value>cut,value<cut",2.67065,-2.3773,,,-0.538394239181641
"TMEM38A,HCN2","1,1",Prot,6,0.85714,0.271286407214265,"value<cut,value<cut",2.765,-2.7443,,,-0.585853592785735
"TNNT2,X00000064715","1,3",Prot,6,0.86607,0.403652627655609,"value<cut,value>cut",-2.3909,1.95865,,,-0.462417372344391
"VSTM1,LOC709056","1,2",Prot,6,1,0.192349757424493,"value<cut,cut<value<cut",4.31225,-0.427,0.6827,,-0.807650242575507
"VSTM1,STARD8","1,1",Prot,6,1,0.134863052753692,"value<cut,value<cut",4.278,0.7158,,,-0.865136947246309
"RBM46,X00000064715","3,3",Prot,6,1,0.511695569315492,"value>cut,value>cut",-0.9358,1.8326,,,-0.488304430684508
"RBM46,X00000064369","2,1",NonProt,6,1,0.730223123732252,"cut<value<cut,value<cut",-2.5924,-0.9358,2.6608,,-0.269776876267748
VSTM1,3,NonProt,10,0.90909,0.785714285714286,value>cut,5.1115,,,,-0.123375714285714
"VSTM1,X00000064715","3,2",NonProt,6,1,0.63173007896626,"value>cut,cut<value<cut",5.1115,-0.0597,1.8326,,-0.36826992103374
"VSTM1,CTH","3,3",NonProt,7,1,0.591397849462366,"value>cut,value>cut",5.1115,-0.6032,,,-0.408602150537634
"TMEM38A,LOC715623","2,1",NonProt,6,0.85714,0.486486486486487,"cut<value<cut,value<cut",2.765,3.2525,-1.8035,,-0.370653513513514
"X00000064715,LOC715623","2,1",NonProt,6,1,0.825688073394495,"cut<value<cut,value<cut",-0.0597,1.8326,-1.8035,,-0.174311926605505
"X00000064715,X00000064369","2,1",NonProt,6,1,0.825688073394495,"cut<value<cut,value<cut",-0.0597,1.8326,2.6608,,-0.174311926605505
"C5H4orf45,HEY1","1,1",Prot,6,0.85714,0.414291649812299,"value<cut,value<cut",0.1759,-1.7672,,,-0.442848350187701
"X00000053274,TARM1","2,1",Prot,6,1,0.103971327082467,"cut<value<cut,value<cut",-0.3996,1.3807,1.369,,-0.896028672917533
"X00000053012,CTH","3,1",Prot,6,0.85714,0.361376361665339,"value>cut,value<cut",2.8657,-1.2899,,,-0.495763638334661
"X00000037843,HEY1","1,1",Prot,6,1,0.282106121167026,"value<cut,value<cut",2.4787,-1.7672,,,-0.717893878832974
"DLK1,MAOA","1,1",Prot,6,0.85714,0.406845008600747,"value<cut,value<cut",-1.8835,0.2684,,,-0.450294991399253
"VSTM1,MAOA","1,1",Prot,6,1,0.123036049197678,"value<cut,value<cut",4.278,0.2684,,,-0.876963950802322
"C5H4orf45,X00000060146","2,3",NonProt,6,0.85714,0.75046904315197,"cut<value<cut,value>cut",0.1759,2.012,-3.247,,-0.10667095684803
"X00000060146,X00000060253","3,1",NonProt,6,1,0.539083557951483,"value>cut,value<cut",-3.247,1.1452,,,-0.460916442048518
"STARD8,LTC4S","3,2",NonProt,6,1,0.85397096498719,"value>cut,cut<value<cut",1.4946,-0.3638,0.685,,-0.14602903501281
"HEY1,MAOA","1,1",Prot,6,0.85714,0.359463346745783,"value<cut,value<cut",-1.7672,0.2684,,,-0.497676653254217
"LOC719667,X00000059995","3,1",NonProt,6,0.85714,0.778210116731517,"value>cut,value<cut",5.033,-0.4559,,,-0.0789298832684826
"VSTM1,HCN2","3,3",NonProt,6,0.85714,0.562659846547315,"value>cut,value>cut",5.1115,-2.1352,,,-0.294480153452685
"MYH15,X00000058427","2,3",NonProt,6,0.85714,0.825688073394496,"cut<value<cut,value>cut",-2.3565,-1.4352,1.8198,,-0.0314519266055046
"ESR1,USP31","1,3",NonProt,6,0.85714,0.612244897959184,"value<cut,value>cut",0.5301,0.7293,,,-0.244895102040816
"STARD8,X00000060146","3,3",NonProt,6,1,0.808080808080808,"value>cut,value>cut",1.4946,-3.247,,,-0.191919191919192
"X00000060146,X00000056965","3,1",NonProt,6,1,0.636942675159236,"value>cut,value<cut",-3.247,-3.3762,,,-0.363057324840764
"DLK1,CFAP70","3,3",NonProt,6,0.85714,0.700525394045534,"value>cut,value>cut",0.0903,2.1613,,,-0.156614605954466
"CBS,C5H4orf45","1,3",NonProt,6,0.85714,0.359550561797753,"value<cut,value>cut",-1.79867,1.79367,,,-0.497589438202247
"CBS,MYH15","1,2",NonProt,6,1,0.558139534883721,"value<cut,cut<value<cut",-1.674,-2.3565,-1.4352,,-0.441860465116279
"FABP5,MYH15","3,2",NonProt,6,1,0.869565217391304,"value>cut,cut<value<cut",2.415,-2.3565,-1.4352,,-0.130434782608696
"VSTM1,KIR3DL0","1,3",Prot,6,1,0.149205643280296,"value<cut,value>cut",4.278,3.548,,,-0.850794356719704
"RBM46,LTC4S","2,2",NonProt,6,1,0.708971553610503,"cut<value<cut,cut<value<cut",-2.5924,-0.9358,-0.3638,0.685,-0.291028446389497
"SDK2,HEY1","3,1",Prot,6,0.85714,0.414291649812299,"value>cut,value<cut",0.5862,-1.7672,,,-0.442848350187701
"LOC702786,LTC4S","3,1",Prot,6,0.85714,0.533400731005521,"value>cut,value<cut",0.1931,-0.3638,,,-0.323739268994479
"X00000053274,VSTM1","3,1",Prot,6,1,0.631641955981214,"value>cut,value<cut",1.3807,4.278,,,-0.368358044018786
"X00000053274,DLK1","3,1",Prot,6,1,0.259667439248563,"value>cut,value<cut",1.3807,-1.8835,,,-0.740332560751438
"LOC709056,TMX2","3,3",Prot,6,1,0.202442519783164,"value>cut,value>cut",0.69363,3.24167,,,-0.797557480216836
"SMIM2,MAOA","3,2",NonProt,6,0.85714,0.483383685800604,"value>cut,cut<value<cut",1.101,0.2684,0.6932,,-0.373756314199396
"X00000059200,CBS","1,1",NonProt,6,1,0.568181818181818,"value<cut,value<cut",-0.446,-1.674,,,-0.431818181818182
"RBM46,TMEM38A","2,2",NonProt,6,1,0.378504672897196,"cut<value<cut,cut<value<cut",-2.5924,-0.9358,2.765,3.2525,-0.621495327102804
"X00000037843,ZNF576","2,1",NonProt,6,1,0.912442396313364,"cut<value<cut,value<cut",2.4787,2.999,3.749,,-0.0875576036866359
"RBM46,MAOA","1,2",NonProt,6,0.85714,0.483383685800604,"value<cut,cut<value<cut",-2.5924,0.2684,0.6932,,-0.373756314199396
"FABP5,MAOA","3,2",NonProt,6,1,0.816326530612245,"value>cut,cut<value<cut",2.415,0.2684,0.6932,,-0.183673469387755
"X00000053274,MYH15","1,2",NonProt,6,0.85714,0.794223826714801,"value<cut,cut<value<cut",-0.3996,-2.3565,-1.4352,,-0.0629161732851986
"X00000053012,DLK1","3,1",Prot,6,0.85714,0.366578713481778,"value>cut,value<cut",2.8657,-1.8835,,,-0.490561286518222
"VSTM1,HEY1","1,1",Prot,7,1,0.176509946215806,"value<cut,value<cut",4.278,-1.7672,,,-0.823490053784194
"LOC709056,DLK1","2,1",Prot,6,1,0.102589030646585,"cut<value<cut,value<cut",-0.427,0.6827,-1.8835,,-0.897410969353415
"X00000064715,ZNF576","3,2",Prot,6,1,0.300056870379282,"value>cut,cut<value<cut",2.0847,3.786,3.954,,-0.699943129620718
"TNNT2,CFAP70","1,2",Prot,6,1,0.233477854696146,"value<cut,cut<value<cut",-2.3496,0.268,2.3725,,-0.766522145303854
"F2RL3,KRTAP29.1","3,2",NonProt,6,1,0.645161290322581,"value>cut,cut<value<cut",-1.936,-4.997,1.954,,-0.354838709677419
"CBS,LOC702786","3,3",Prot,6,1,0.583849580539293,"value>cut,value>cut",-0.1472,0.1931,,,-0.416150419460707
"TMX2,C5H4orf45","1,3",NonProt,6,1,0.161764705882353,"value<cut,value>cut",2.898,1.7938,,,-0.838235294117647
"KIR3DL0,HEY1","3,1",Prot,6,0.85714,0.588300883437688,"value>cut,value<cut",3.4725,-2.059,,,-0.268839116562312
"STARD8,X00000053012","3,1",NonProt,7,1,0.591397849462366,"value>cut,value<cut",1.4296,2.6137,,,-0.408602150537634
"F2RL3,TARM1","3,3",NonProt,6,0.85714,0.5,"value>cut,value>cut",-1.936,1.9863,,,-0.35714
"LOC719667,HCN2","1,1",Prot,6,1,0.517308997661966,"value<cut,value<cut",3.9415,-2.8193,,,-0.482691002338035
"THRB,MAOA","1,1",Prot,6,0.85714,0.195931412949525,"value<cut,value<cut",-4.8763,0.2684,,,-0.661208587050475
"KIR3DL0,A1BG","3,3",Prot,6,1,0.655798833540491,"value>cut,value>cut",3.55325,-1.4227,,,-0.344201166459509
"KRTAP29.1,THRB","2,2",NonProt,6,1,0.574626865671642,"cut<value<cut,cut<value<cut",-4.997,1.954,-4.8763,-2.9111,-0.425373134328358
"LOC702786,THRB","2,2",NonProt,6,1,0.574626865671642,"cut<value<cut,cut<value<cut",-4.9522,0.1931,-4.8763,-2.9111,-0.425373134328358
"LOC701920,MYH15","1,2",NonProt,6,1,0.825688073394495,"value<cut,cut<value<cut",5.2565,-2.3565,-1.484,,-0.174311926605505
"CBS,DLK1","3,2",Prot,6,0.85714,0.412279354308727,"value>cut,cut<value<cut",-0.1472,-1.8118,0.0903,,-0.444860645691273
"F2RL3,CBS","1,3",Prot,6,1,0.839731104408508,"value<cut,value>cut",-4.1436,-0.1472,,,-0.160268895591492
"STARD8,LOC702786","3,2",NonProt,6,1,0.612244897959184,"value>cut,cut<value<cut",1.4296,-4.9522,0.1931,,-0.387755102040816
"CBS,KRTAP29.1","3,3",Prot,6,1,0.583849580539293,"value>cut,value>cut",-0.1472,1.954,,,-0.416150419460707
"KIR3DL0,CBS","2,3",Prot,6,1,0.134863052753692,"cut<value<cut,value>cut",2.778,3.4725,-0.1472,,-0.865136947246309
"THRB,LTC4S","2,3",NonProt,6,1,0.525,"cut<value<cut,value>cut",-4.8763,-2.9111,0.5971,,-0.475
"F2RL3,LTC4S","3,3",NonProt,6,1,0.689655172413793,"value>cut,value>cut",-1.936,0.5971,,,-0.310344827586207
"X00000053012,X00000056965","1,1",NonProt,6,0.85714,0.677966101694915,"value<cut,value<cut",2.6137,-3.5065,,,-0.179173898305085
"CBS,A1BG","2,2",NonProt,6,0.85714,0.778210116731518,"cut<value<cut,cut<value<cut",-1.861,-0.1472,-2.2155,-1.3534,-0.0789298832684825
"STARD8,MYH15","3,2",NonProt,6,1,0.812807881773399,"value>cut,cut<value<cut",1.4296,-2.3565,-1.484,,-0.187192118226601
"STARD8,KRTAP29.1","3,2",NonProt,6,1,0.612244897959184,"value>cut,cut<value<cut",1.4296,-4.997,1.954,,-0.387755102040816
"TMEM38A,CFAP70","1,2",Prot,6,0.85714,0.288825673393191,"value<cut,cut<value<cut",2.801,0.268,2.3725,,-0.56831432660681
"TNNT2,STARD8","1,2",Prot,6,1,0.252860144758347,"value<cut,cut<value<cut",-2.3496,0.6124,1.4296,,-0.747139855241653
"X00000064369,X00000058729","3,3",Prot,6,1,0.406845008600747,"value>cut,value>cut",3.2287,-2.2242,,,-0.593154991399253
"USP31,LTC4S","3,1",Prot,6,0.85714,0.865416158472474,"value>cut,value<cut",0.6162,-0.5579,,,0.00827615847247343
"RBM46,LTC4S","2,1",Prot,6,0.85714,0.128144130230357,"cut<value<cut,value<cut",-2.4387,-1.0659,-0.5579,,-0.728995869769643
"LAMC1,ZNF576","2,2",Prot,6,1,0.102589030646585,"cut<value<cut,cut<value<cut",0.903,1.7434,3.741,3.9385,-0.897410969353415
"SDK2,X00000059995","3,3",Prot,6,1,0.31378379614804,"value>cut,value>cut",0.7158,0.6499,,,-0.68621620385196
"X00000053274,TNNT2","1,3",NonProt,6,1,0.464788732394366,"value<cut,value>cut",-0.3996,-0.8503,,,-0.535211267605634
"TNNT2,LOC709056","3,1",NonProt,6,1,0.0952380952380952,"value>cut,value<cut",-0.8503,-0.427,,,-0.904761904761905
"LOC709056,F2RL3","1,3",NonProt,6,1,0.901639344262295,"value<cut,value>cut",-0.427,-2.0085,,,-0.0983606557377049
"X00000053274,THRB","3,2",Prot,6,0.85714,0.0673381831747808,"value>cut,cut<value<cut",1.5977,-4.898,-3.2442,,-0.789801816825219
"TMX2,C5H4orf45","3,2",Prot,6,1,0.0827791790873653,"value>cut,cut<value<cut",3.24,0.0537,1.5752,,-0.917220820912635
"SDK2,X00000064369","3,3",Prot,6,0.85714,0.416732486785345,"value>cut,value>cut",0.7158,3.182,,,-0.440407513214655
"FABP5,SMIM2","1,2",Prot,6,1,0.71380996981996,"value<cut,cut<value<cut",1.9987,-0.2965,0.9118,,-0.28619003018004
"CBS,X00000064369","2,3",Prot,6,1,0.281579703600312,"cut<value<cut,value>cut",-1.861,0.0807,3.182,,-0.718420296399688
"X00000053012,X00000064369","3,3",Prot,6,1,0.391368849496928,"value>cut,value>cut",2.8597,3.182,,,-0.608631150503072
"FABP5,X00000037843","3,3",NonProt,6,1,0.8,"value>cut,value>cut",2.415,2.7269,,,-0.2
"FABP5,HEY1","3,3",NonProt,6,1,0.816326530612245,"value>cut,value>cut",2.415,-0.8857,,,-0.183673469387755
ZNF576,1,NonProt,10,0.83333,0.846153846153846,value<cut,3.741,,,,0.0128238461538461
"LOC719667,LILRB1","3,3",NonProt,6,0.85714,0.536585365853659,"value>cut,value>cut",4.9555,7.711,,,-0.320554634146341
"KRTAP29.1,X00000058427","3,1",Prot,6,1,0.215292382058445,"value>cut,value<cut",-1.0795,1.211,,,-0.784707617941555
"A1BG,X00000064369","3,3",Prot,7,1,0.280428472137046,"value>cut,value>cut",-1.492,3.182,,,-0.719571527862954
"DLK1,LOC715623","2,3",Prot,6,1,0.174711531113885,"cut<value<cut,value>cut",-1.9567,-0.3153,-0.8912,,-0.825288468886115
"TMX2,X00000059995","3,3",Prot,6,1,0.126179657462426,"value>cut,value>cut",3.24,0.6499,,,-0.873820342537574
"LOC709056,X00000053012","2,3",Prot,6,1,0.0932871514255793,"cut<value<cut,value>cut",-0.427,0.7155,2.8597,,-0.906712848574421
"FABP5,F2RL3","1,2",Prot,6,1,0.886290218374467,"value<cut,cut<value<cut",1.9987,-4.2261,-2.0085,,-0.113709781625533
"X00000037843,LOC709056","3,1",NonProt,6,0.85714,0.323624595469256,"value>cut,value<cut",2.7269,-0.427,,,-0.533515404530744
"FABP5,LOC114669850","3,2",NonProt,6,0.85714,0.87719298245614,"value>cut,cut<value<cut",2.415,-0.0248,1.4615,,0.0200529824561403
"ESR1,LTC4S","1,2",NonProt,6,0.85714,0.733822548365577,"value<cut,cut<value<cut",0.6029,-0.5579,0.4918,,-0.123317451634423
"ESR1,SMIM2","1,3",NonProt,6,1,0.606896551724138,"value<cut,value>cut",0.6029,0.9118,,,-0.393103448275862
"LOC709056,TARM1","1,3",NonProt,6,1,0.464788732394366,"value<cut,value>cut",-0.427,1.8996,,,-0.535211267605634
"TARM1,ZNF576","3,1",NonProt,6,0.85714,0.0952380952380952,"value>cut,value<cut",1.8996,3.741,,,-0.761901904761905
"FABP5,X00000060253","3,1",NonProt,6,0.85714,0.816326530612245,"value>cut,value<cut",2.415,1.1452,,,-0.0408134693877551
"FABP5,CFAP70","3,3",NonProt,6,0.85714,0.816326530612245,"value>cut,value>cut",2.415,2.1847,,,-0.0408134693877551
"A1BG,LAMC1","3,1",Prot,6,1,0.19962746296458,"value>cut,value<cut",-1.492,0.903,,,-0.80037253703542
"X00000053012,A1BG","3,3",Prot,6,0.85714,0.585864520754658,"value>cut,value>cut",2.8597,-1.492,,,-0.271275479245342
"TRIM16,X00000064369","3,3",Prot,6,1,0.252860144758347,"value>cut,value>cut",-0.9464,3.182,,,-0.747139855241653
"LILRB1,SMIM2","3,3",NonProt,6,1,0.583941605839416,"value>cut,value>cut",7.711,0.9118,,,-0.416058394160584
"X00000059200,SMIM2","3,2",Prot,6,0.85714,0.291553905663318,"value>cut,cut<value<cut",2.6772,-0.2965,0.9118,,-0.565586094336682
"X00000060253,X00000058427","3,2",Prot,6,1,0.215292382058445,"value>cut,cut<value<cut",2.0577,1.211,1.7986,,-0.784707617941555
"LOC719667,LILRB1","2,1",Prot,7,1,0.112703133472453,"cut<value<cut,value<cut",3.9415,4.9555,7.2805,,-0.887296866527547
"FABP5,TNNT2","1,2",Prot,6,1,0.396267837541164,"value<cut,cut<value<cut",1.9987,-2.4981,-0.8503,,-0.603732162458837
"X00000059200,DLK1","3,2",Prot,6,1,0.366578713481778,"value>cut,cut<value<cut",2.6772,-1.9567,-0.3153,,-0.633421286518222
"X00000059200,F2RL3","3,1",Prot,6,1,0.631641955981214,"value>cut,value<cut",2.6772,-4.2261,,,-0.368358044018786
"FABP5,X00000060253","1,3",Prot,6,1,0.886290218374467,"value<cut,value>cut",1.9987,2.0577,,,-0.113709781625533
"LOC719667,LOC709056","2,2",Prot,6,1,0.132262480957982,"cut<value<cut,cut<value<cut",3.9415,4.9555,-0.427,0.7155,-0.867737519042018
"X00000064715,TMEM38A","3,1",Prot,6,0.85714,0.0827791790873653,"value>cut,value<cut",1.9788,2.7335,,,-0.774360820912635
"X00000059200,X00000064369","3,3",Prot,6,1,0.391368849496928,"value>cut,value>cut",2.6772,3.182,,,-0.608631150503072
"LOC709056,HCN2","2,2",Prot,6,0.85714,0.176509946215806,"cut<value<cut,cut<value<cut",-0.427,0.7155,-3.1067,-2.221,-0.680630053784194
"VSTM1,KIR3DL0","3,1",NonProt,6,0.85714,0.491071428571429,"value>cut,value<cut",5.1115,2.9505,,,-0.366068571428571
"X00000037843,ZNF576","3,1",NonProt,6,1,0.323624595469256,"value>cut,value<cut",2.7269,3.741,,,-0.676375404530744
"ESR1,LAMC1","1,3",NonProt,6,0.85714,0.536585365853659,"value<cut,value>cut",0.6029,1.7434,,,-0.320554634146341
"LILRB1,ZNF576","3,1",NonProt,6,1,0.389483933787731,"value>cut,value<cut",7.711,3.741,,,-0.610516066212269
"X00000059200,A1BG","3,3",Prot,6,1,0.585864520754658,"value>cut,value>cut",2.6772,-1.492,,,-0.414135479245342
"MYH15,SMIM2","1,2",Prot,6,0.85714,0.31378379614804,"value<cut,cut<value<cut",-2.3981,-0.2965,0.9118,,-0.54335620385196
