features	levels	decision	supportLHS	supportRHS	accuracyRHS	coverageLHS	coverageRHS	cuts	cut1	cut2	cut3	pValue	riskRatio	pValueRiskRatio	confIntRiskRatio	supportSetLHS	supportSetRHS	cut4	stabilityLHS	stabilityRHS	supportRatioLHS	supportRatioRHS	cut5
AZU1,TMEM40	1,1	Protected	8	8	1	0.20513	0.4	value<cut,value<cut	1.6741	2.31467		0.0450450450450451	Inf	0.0499719810174701	-Inf:Inf	29299,29482,29483,29528,30407,28949,29014,33252	29299,29482,29483,29528,30407,28949,29014,33252						
CD300LD,HEY1	1,1	Protected	9	9	1	0.23077	0.45	value<cut,value<cut	1.4197	-1.7672		0.01743679163034	Inf	0.0219711003419647	-Inf:Inf	29208,29211,29299,28885,28949,29014,32383,32786,33252	29208,29211,29299,28885,28949,29014,32383,32786,33252						
CD300LD,TMEM40	1,1	Protected	8	8	1	0.20513	0.4	value<cut,value<cut	1.32275	2.29506		0.0450450450450451	Inf	0.0499719810174701	-Inf:Inf	29523,30027,29208,29211,29299,30407,28949,33252	29523,30027,29208,29211,29299,30407,28949,33252						
CDH20,LTC4S	3,1	Protected	7	7	1	0.17949	0.35	value>cut,value<cut	0.68792	-0.4553		0.0554400554400555	Inf	0.0544723053426379	-Inf:Inf	30028,29208,29483,30407,28885,28890,33252	30028,29208,29483,30407,28885,28890,33252						
CDH20,TARM1	1,3	Non-protected	7	6	0.857142857142857	0.17949	0.31579	value<cut,value>cut	0.17893	2.05687		0.424116424116424	6.31578947368421	0.361257538986904	0.836:47.694	29558,29484,29511,28724,29528,32371,32383	29484,29511,28724,29528,32371,32383						
F5,CBS	1,2	Protected	7	7	1	0.17949	0.35	value<cut,cut<value<cut	5.5665	-1.4791	0.0807	0.110880110880111	Inf	0.108944610685276	-Inf:Inf	30028,30027,29208,29211,29515,28890,29014	30028,30027,29208,29211,29515,28890,29014						
F5,CBS	2,3	Protected	7	7	1	0.17949	0.35	cut<value<cut,value>cut	5.4844	6.2708	0.03892	0.110880110880111	Inf	0.108944610685276	-Inf:Inf	29558,29341,30407,28885,28949,31481,31824	29558,29341,30407,28885,28949,31481,31824						
F5,CD300LD	3,2	Non-protected	7	7	1	0.17949	0.36842	value>cut,cut<value<cut	6.259	1.34772	1.82888	0.0720720720720721	Inf	0.0681124520990992	-Inf:Inf	30412,29511,28724,32342,32371,32383,32575	30412,29511,28724,32342,32371,32383,32575						
F5,TMEM40	1,1	Protected	7	7	1	0.17949	0.35	value<cut,value<cut	5.43667	2.426		0.110880110880111	Inf	0.108944610685276	-Inf:Inf	30027,29208,29211,29515,29483,29528,33252	30027,29208,29211,29515,29483,29528,33252						
F5,OSCAR	1,1	Protected	7	7	1	0.17949	0.35	value<cut,value<cut	5.393	2.47388		0.0756000756000756	Inf	0.0742804163763244	-Inf:Inf	30028,29208,29211,29515,29483,29215,33252	30028,29208,29211,29515,29483,29215,33252						
F5,OSCAR	1,1	Protected	7	7	1	0.17949	0.35	value<cut,value<cut	5.393	2.47388		0.110880110880111	Inf	0.108944610685276	-Inf:Inf	30028,29208,29211,29515,29483,29215,33252	30028,29208,29211,29515,29483,29215,33252						
FABP5	1	Protected	14	14	1	0.35897	0.7	value<cut	1.9987			4.11123881646684e-05	Inf	0.000110675135356786	-Inf:Inf	30027,29208,29299,29341,29511,29515,29482,29483,29528,28885,28890,29212,32371,33252	30027,29208,29299,29341,29511,29515,29482,29483,29528,28885,28890,29212,32371,33252						
FABP5	3	Non-protected	13	11	0.846153846153846	0.33333	0.57895	value>cut	2.415			0.0303268467895832	5.78947368421053	0.0279218991924637	1.472:22.774	30028,29523,28819,30412,28835,29484,30400,29014,31824,32342,32570,32575,32786	29523,28819,30412,28835,29484,30400,29014,31824,32342,32570,32575						
HEY1,TMEM40	3,3	Non-protected	9	7	0.777777777777778	0.23077	0.36842	value>cut,value>cut	-0.8857	3.289		1	3.68421052631579	1	0.872:15.559	28835,29511,29306,30400,28810,29215,31481,32342,32575	28835,29511,29306,30400,28810,32342,32575						
SIGLEC6,LY9	3,1	Non-protected	7	7	1	0.17949	0.36842	value>cut,value<cut	4.98415	2.57559		0.00982800982800983	Inf	0.00928806164987717	-Inf:Inf	30412,29484,28724,31824,32342,32371,32383	30412,29484,28724,31824,32342,32371,32383						
SIGLEC6,IGHV3-43	3,1	Non-protected	8	7	0.875	0.20513	0.36842	value>cut,value<cut	4.964	-0.6145		0.0528255528255528	7.36842105263158	0.0453291640146556	0.998:54.391	28819,29484,29306,31824,32342,32383,32570,33252	28819,29484,29306,31824,32342,32383,32570						
LTC4S	1	Protected	13	13	1	0.33333	0.65	value<cut	-0.4734			0.000104983419777636	Inf	0.000236696508159051	-Inf:Inf	30028,30027,28819,29208,29515,29482,29483,29528,30407,28885,28890,28949,33252	30028,30027,28819,29208,29515,29482,29483,29528,30407,28885,28890,28949,33252						
LTC4S,F5	3,3	Non-protected	8	7	0.875	0.20513	0.36842	value>cut,value>cut	0.5971	6.2645		0.264127764127764	7.36842105263158	0.226645820073278	0.998:54.391	30412,29511,28724,29212,32342,32371,32570,32576	30412,29511,28724,32342,32371,32570,32576						
LTC4S,OSCAR	1,1	Protected	7	7	1	0.17949	0.35	value<cut,value<cut	-0.42562	2.47277		0.0756000756000756	Inf	0.0742804163763244	-Inf:Inf	30028,29208,29515,29483,30407,28949,33252	30028,29208,29515,29483,30407,28949,33252						
TARM1,LTC4S	2,1	Protected	7	7	1	0.17949	0.35	cut<value<cut,value<cut	1.38175	2.00805	-0.40035	0.0554400554400555	Inf	0.0544723053426379	-Inf:Inf	30027,28819,29482,29483,28885,28890,33252	30027,28819,29482,29483,28885,28890,33252						
TARM1,THRB	1,1	Protected	7	7	1	0.17949	0.35	value<cut,value<cut	1.3367	-4.88353		0.0554400554400555	Inf	0.0544723053426379	-Inf:Inf	29211,29515,30407,28949,29212,32575,32786	29211,29515,30407,28949,29212,32575,32786						
THRB,LTC4S	1,1	Protected	7	7	1	0.17949	0.35	value<cut,value<cut	-4.8263	-0.4734		0.0554400554400555	Inf	0.0544723053426379	-Inf:Inf	30028,28819,29515,29483,30407,28949,33252	30028,28819,29515,29483,30407,28949,33252						
THRB,LTC4S	2,3	Non-protected	7	6	0.857142857142857	0.17949	0.31579	cut<value<cut,value>cut	-4.8763	-2.9111	0.5971	0.424116424116424	6.31578947368421	0.361257538986904	0.836:47.694	30412,29484,28724,31481,32342,32570,32576	30412,29484,28724,32342,32570,32576						
THRB,IGHV3-43	2,3	Protected	8	8	1	0.20513	0.4	cut<value<cut,value>cut	-4.8608	-3.1655	0.2639	0.00614250614250615	Inf	0.00681436104783684	-Inf:Inf	30027,29208,29341,29482,28724,28890,29215,32576	30027,29208,29341,29482,28724,28890,29215,32576						
TMEM38A,LTC4S	1,1	Protected	7	7	1	0.17949	0.35	value<cut,value<cut	2.77589	-0.4553		0.0554400554400555	Inf	0.0544723053426379	-Inf:Inf	30028,30027,29515,29483,30407,28949,33252	30028,30027,29515,29483,30407,28949,33252						
TMEM38A,LTC4S	2,2	Non-protected	9	6	0.666666666666667	0.23077	0.31579	cut<value<cut,cut<value<cut	2.7335	3.225	-0.4734	1	2.10526315789474	1	0.612:7.242	28835,29211,29299,30400,28808,29014,31824,32383,32575	28835,30400,29014,31824,32383,32575	0.5971					
TMEM38A,THRB	2,3	Non-protected	7	6	0.857142857142857	0.17949	0.31579	cut<value<cut,value>cut	2.7335	3.225	-3.1655	0.424116424116424	6.31578947368421	0.361257538986904	0.836:47.694	29523,28835,30400,28808,29014,32342,32383	29523,28835,30400,29014,32342,32383						
TMEM38A,VSTM1	1,1	Protected	7	7	1	0.17949	0.35	value<cut,value<cut	2.78339	4.38272		0.0756000756000756	Inf	0.0742804163763244	-Inf:Inf	30027,29515,29483,30407,28949,29215,33252	30027,29515,29483,30407,28949,29215,33252						
TMEM38A,OSCAR	1,1	Protected	9	9	1	0.23077	0.45	value<cut,value<cut	2.7784	2.47125		0.0118887215661409	Inf	0.0149802956877032	-Inf:Inf	30028,29515,29483,30407,28949,29215,31481,32786,33252	30028,29515,29483,30407,28949,29215,31481,32786,33252						
VSTM1	1	Protected	13	13	1	0.33333	0.65	value<cut	4.34514			0.000143159208787685	Inf	0.000322767965671433	-Inf:Inf	30027,28835,29208,29211,29515,29483,30407,28808,28885,28949,29212,29215,33252	30027,28835,29208,29211,29515,29483,30407,28808,28885,28949,29212,29215,33252						
VSTM1,F5	1,1	Protected	8	8	1	0.20513	0.4	value<cut,value<cut	4.474	5.5665		0.0307125307125308	Inf	0.0340718052391842	-Inf:Inf	30027,28835,29208,29211,29515,29483,29215,33252	30027,28835,29208,29211,29515,29483,29215,33252						
VSTM1,F5	3,3	Non-protected	7	7	1	0.17949	0.36842	value>cut,value>cut	5.18617	6.32433		0.0491400491400492	Inf	0.0464403082493858	-Inf:Inf	30412,29511,28724,32342,32371,32383,32576	30412,29511,28724,32342,32371,32383,32576						
VSTM1,LTC4S	1,1	Protected	8	8	1	0.20513	0.4	value<cut,value<cut	4.38656	-0.43814		0.0307125307125308	Inf	0.0340718052391842	-Inf:Inf	30027,29208,29515,29483,30407,28885,28949,33252	30027,29208,29515,29483,30407,28885,28949,33252						
VSTM1,LTC4S	3,3	Non-protected	8	7	0.875	0.20513	0.36842	value>cut,value>cut	5.2235	0.5971		0.264127764127764	7.36842105263158	0.226645820073278	0.998:54.391	29558,30412,29484,29511,28724,32342,32371,32576	30412,29484,29511,28724,32342,32371,32576						
VSTM1,OSCAR	1,1	Protected	9	9	1	0.23077	0.45	value<cut,value<cut	4.40335	2.47125		0.0118887215661409	Inf	0.0149802956877032	-Inf:Inf	29208,29211,29515,29483,30407,28808,28949,29215,33252	29208,29211,29515,29483,30407,28808,28949,29215,33252						
OSCAR	1	Protected	13	13	1	0.33333	0.65	value<cut	2.46628			0.000143159208787685	Inf	0.000322767965671433	-Inf:Inf	30028,29208,29211,29515,29483,30407,28808,28949,29014,29215,31481,32786,33252	30028,29208,29211,29515,29483,30407,28808,28949,29014,29215,31481,32786,33252						
OSCAR	1	Protected	13	13	1	0.33333	0.65	value<cut	2.46806			0.000209966839555271	Inf	0.000473393016318102	-Inf:Inf	30028,29208,29211,29515,29483,30407,28808,28949,29014,29215,31481,32786,33252	30028,29208,29211,29515,29483,30407,28808,28949,29014,29215,31481,32786,33252						
OSCAR,AZU1	1,1	Protected	8	8	1	0.20513	0.4	value<cut,value<cut	2.4787	1.7703		0.0450450450450451	Inf	0.0499719810174701	-Inf:Inf	30028,29483,30407,28808,28949,29014,29215,33252	30028,29483,30407,28808,28949,29014,29215,33252						
OSCAR,CD300LD	3,2	Non-protected	7	6	0.857142857142857	0.17949	0.31579	value>cut,cut<value<cut	2.9083	1.3239	1.8379	0.848232848232848	6.31578947368421	0.722515077973807	0.836:47.694	29558,29484,29511,32342,32371,32383,32575	29484,29511,32342,32371,32383,32575						
OSCAR,HEY1	1,1	Protected	7	7	1	0.17949	0.35	value<cut,value<cut	2.4787	-1.7672		0.110880110880111	Inf	0.108944610685276	-Inf:Inf	29208,29211,29483,28949,29014,32786,33252	29208,29211,29483,28949,29014,32786,33252						
OSCAR,HEY1	2,2	Non-protected	7	6	0.857142857142857	0.17949	0.31579	cut<value<cut,cut<value<cut	2.473	2.999	-1.8936	0.848232848232848	6.31578947368421	0.722515077973807	0.836:47.694	29523,30027,28724,29528,31824,32570,32576	29523,28724,29528,31824,32570,32576	-0.7844					
OSCAR,LILRB1	3,3	Non-protected	8	7	0.875	0.20513	0.36842	value>cut,value>cut	2.86295	7.702		0.281736281736282	7.36842105263158	0.241755541411496	0.998:54.391	29484,29511,28810,28885,31824,32342,32383,32575	29484,29511,28810,31824,32342,32383,32575						
OSCAR,STARD8	3,3	Non-protected	7	7	1	0.17949	0.36842	value>cut,value>cut	2.89049	1.46804		0.0524160524160525	Inf	0.0495363287993449	-Inf:Inf	29511,30400,28810,32342,32371,32383,32575	29511,30400,28810,32342,32371,32383,32575						
OSCAR,TMEM40	1,1	Protected	7	7	1	0.17949	0.35	value<cut,value<cut	2.46948	2.24983		0.110880110880111	Inf	0.108944610685276	-Inf:Inf	29208,29211,29515,29483,30407,28949,33252	29208,29211,29515,29483,30407,28949,33252						
LOC701920	1	NonProt	12	12	0.91987	0.35714	0.63889	value<cut	5.27			0.0131548996955004	Inf	0.0253479650718482	-Inf:Inf				1	1	0.63158	0.63158	
TMX2	3	Prot	10	10	0.90455	0.29563	0.48684	value>cut	3.24			0.296716070909619	Inf	0.427163780627783	-Inf:Inf				1	1	0.5	0.5	
KIR3DL0	1	NonProt	12	11	0.91667	0.34286	0.61111	value<cut	2.9505			0.407801890560512	11.5789473684211	0.422350028633934	1.65:81.258				1	1	0.63158	0.57895	
KRTAP29.1	2	NonProt	12	11	0.91667	0.34286	0.61111	cut<value<cut	-5.023	-4.338		0.407801890560512	11.5789473684211	0.422350028633934	1.65:81.258				1	1	0.63158	0.57895	
LOC702786	2	NonProt	12	11	0.91667	0.34286	0.61111	cut<value<cut	-5.0229	-2.3455		0.407801890560512	11.5789473684211	0.422350028633934	1.65:81.258				1	1	0.63158	0.57895	
LOC709056	1	NonProt	12	11	0.88889	0.33968	0.61574	value<cut	-0.40267			0.407801890560512	11.5789473684211	0.422350028633934	1.65:81.258				1	1	0.63158	0.57895	
X00000037843	1	Prot	12	11	0.91667	0.3415	0.60346	value<cut	2.46806			0.866030896620438	10.45	0.917789956664443	1.489:73.335				1	1	0.6	0.55	
VSTM1	1	Prot	12	11	0.91667	0.3415	0.60346	value<cut	4.34514			0.866030896620438	10.45	0.917789956664443	1.489:73.335				1	1	0.6	0.55	
STARD8	2	Prot	12	11	0.91667	0.34286	0.57895	cut<value<cut	0.6394	1.4946		0.866030896620438	10.45	0.917789956664443	1.489:73.335				1	1	0.6	0.55	
LTC4S	1	Prot	12	11	0.91667	0.34286	0.64706	value<cut	-0.4734			0.866030896620438	10.45	0.917789956664443	1.489:73.335				1	1	0.6	0.55	
FABP5	1	Prot	12	11	0.91667	0.33333	0.55	value<cut	1.9987			0.866030896620438	10.45	0.917789956664443	1.489:73.335				1	1	0.6	0.55	
X00000064715	3	Prot	11	10	0.90909	0.31429	0.54094	value>cut	1.8839			1	9.5	1	1.342:67.267				1	1	0.55	0.5	
LOC701920,KRTAP29.1	3,1	Prot	7	6	0.85714	0.2	0.33333	value>cut,value<cut	5.525	-5.0055		1	5.7	1	0.755:43.043				1	1	0.35	0.3	
THRB,X00000058729	1,3	Prot	7	6	0.88929	0.2	0.34486	value<cut,value>cut	-4.87374	-2.3494		1	5.7	1	0.755:43.043				1	1	0.35	0.3	
TMEM38A,X00000058729	1,3	Prot	8	6	0.86607	0.21429	0.37091	value<cut,value>cut	2.7915	-2.3497		1	2.85	1	0.654:12.42				1	1	0.4	0.3	
LOC709056,SDK2	3,3	Prot	7	6	0.89732	0.19861	0.3394	value>cut,value>cut	0.6909	0.59215		1	5.7	1	0.755:43.043				1	1	0.35	0.3	
KRTAP29.1,LTC4S	1,1	Prot	7	6	0.85714	0.2	0.33402	value<cut,value<cut	-5.02017	-0.464		1	5.7	1	0.755:43.043				1	1	0.35	0.3	
LOC719667,KRTAP29.1	1,1	Prot	7	6	0.85714	0.2	0.33333	value<cut,value<cut	4.2055	-5.0055		1	5.7	1	0.755:43.043				1	1	0.35	0.3	
STARD8,X00000058729	2,3	Prot	7	6	0.90476	0.19048	0.32748	cut<value<cut,value>cut	0.64323	1.4421	-2.39103	1	5.7	1	0.755:43.043				1	1	0.35	0.3	
X00000037843,KRTAP29.1	1,1	Prot	6	6	1	0.17143	0.33333	value<cut,value<cut	2.4673	-5.0055		1	Inf	1	-Inf:Inf				1	1	0.3	0.3	
X00000037843,LOC719667	1,1	Prot	6	6	1	0.17143	0.33333	value<cut,value<cut	2.4673	4.2055		1	Inf	1	-Inf:Inf				1	1	0.3	0.3	
X00000053012,ZNF576	2,2	Prot	7	7	0.96429	0.19861	0.3759	cut<value<cut,cut<value<cut	2.5784	2.86305	3.746	1	Inf	1	-Inf:Inf			3.94237	1	1	0.35	0.35	
LOC715623,X00000058729	3,3	Prot	7	6	0.92857	0.19147	0.33867	value>cut,value>cut	-0.63882	-2.41852		1	5.7	1	0.755:43.043				1	1	0.35	0.3	
LTC4S,X00000058729	1,3	Prot	6	6	1	0.17143	0.33402	value<cut,value>cut	-0.464	-2.4671		1	Inf	1	-Inf:Inf				1	1	0.3	0.3	
LOC719667,LOC701920	1,3	Prot	6	6	1	0.17143	0.33333	value<cut,value>cut	4.2055	5.525		1	Inf	1	-Inf:Inf				1	1	0.3	0.3	
X00000037843,LOC702786	1,1	Prot	6	6	1	0.17143	0.33333	value<cut,value<cut	2.4673	-5.0053		1	Inf	1	-Inf:Inf				1	1	0.3	0.3	
X00000037843,X00000058729	1,3	Prot	7	7	1	0.18802	0.36715	value<cut,value>cut	2.47125	-2.32906		1	Inf	1	-Inf:Inf				1	1	0.35	0.35	
X00000064715,HCN2	3,1	Prot	6	6	1	0.17143	0.33333	value>cut,value<cut	1.789	-2.7443		1	Inf	1	-Inf:Inf				1	1	0.3	0.3	
X00000064369,X00000058729	1,1	NonProt	7	6	0.85714	0.2	0.35294	value<cut,value<cut	2.5624	-4.6471		1	6.31578947368421	1	0.836:47.694				1	1	0.36842	0.31579	
X00000064715,LOC709056	2,1	NonProt	7	6	0.90476	0.19048	0.33987	cut<value<cut,value<cut	-0.0597	1.81807	-0.43657	1	6.31578947368421	1	0.836:47.694				1	1	0.36842	0.31579	
X00000064715,ESR1	2,1	NonProt	6	6	1	0.17143	0.33987	cut<value<cut,value<cut	-0.0597	1.81807	0.55437	1	Inf	1	-Inf:Inf				1	1	0.31579	0.31579	
X00000064715,THRB	2,3	NonProt	6	6	1	0.17143	0.33987	cut<value<cut,value>cut	-0.0597	1.81807	-3.1894	1	Inf	1	-Inf:Inf				1	1	0.31579	0.31579	
X00000053274,X00000064369	1,1	NonProt	6	6	1	0.18034	0.36878	value<cut,value<cut	-0.3548	2.5773		1	Inf	1	-Inf:Inf				1	1	0.31579	0.31579	
ESR1,MYH15	1,3	NonProt	6	6	1	0.17143	0.35294	value<cut,value>cut	0.6029	-1.484		1	Inf	1	-Inf:Inf				1	1	0.31579	0.31579	
FABP5,LAMC1	3,3	NonProt	6	6	1	0.17399	0.35852	value>cut,value>cut	2.48146	1.7959		1	Inf	1	-Inf:Inf				1	1	0.31579	0.31579	
RBM46,X00000059995	3,2	Prot	7	6	0.86161	0.20575	0.3394	value>cut,cut<value<cut	-1.14562	-0.39362	0.66035	1	5.7	1	0.755:43.043				1	1	0.35	0.3	
LOC701920,X00000059995	2,2	Prot	7	6	0.85714	0.2	0.33333	cut<value<cut,cut<value<cut	5.2565	5.525	-0.2925	1	5.7	1	0.755:43.043			0.6708	1	1	0.35	0.3	
LOC701920,C5H4orf45	2,1	Prot	8	6	0.86607	0.21336	0.35922	cut<value<cut,value<cut	5.26133	5.5275	0.18078	1	2.85	1	0.654:12.42				1	1	0.4	0.3	
X00000053274,X00000064313	3,2	Prot	7	6	0.90476	0.19048	0.34641	value>cut,cut<value<cut	1.3482	-2.666	-1.27233	1	5.7	1	0.755:43.043				1	1	0.35	0.3	
TMX2,LAMC1	3,2	Prot	7	6	0.90476	0.18889	0.31637	value>cut,cut<value<cut	3.24	0.9085	1.77247	1	5.7	1	0.755:43.043				1	1	0.35	0.3	
RBM46,TRIM16	3,3	Prot	6	6	1	0.17143	0.34314	value>cut,value>cut	-1.06058	-0.96295		1	Inf	1	-Inf:Inf				1	1	0.3	0.3	
C5H4orf45,X00000060253	1,3	Prot	6	6	1	0.17143	0.33416	value<cut,value>cut	0.23172	2.05402		1	Inf	1	-Inf:Inf				1	1	0.3	0.3	
STARD8,TMX2	1,3	Prot	6	6	1	0.17857	0.35483	value<cut,value>cut	0.65991	3.23806		1	Inf	1	-Inf:Inf				1	1	0.3	0.3	
LOC719667,TMX2	1,3	Prot	6	6	1	0.17143	0.32456	value<cut,value>cut	4.10025	3.24		1	Inf	1	-Inf:Inf				1	1	0.3	0.3	
X00000060253,X00000059995	3,2	Prot	7	6	0.96875	0.19286	0.37663	value>cut,cut<value<cut	2.04115	-0.39853	0.64223	1	5.7	1	0.755:43.043				1	1	0.35	0.3	
LOC719667	3	NonProt	11	10	0.90909	0.31429	0.56373	value>cut	4.9985			1	10.5263157894737	1	1.487:74.534				1	1	0.57895	0.52632	
LOC719667,X00000060253	3,2	NonProt	6	6	0.92857	0.18571	0.36397	value>cut,cut<value<cut	4.964	1.2214	2.0577	1	Inf	1	-Inf:Inf				1	1	0.31579	0.31579	
X00000037843,LOC719667	2,3	NonProt	6	6	1	0.17143	0.35294	cut<value<cut,value>cut	2.4673	2.7623	4.964	1	Inf	1	-Inf:Inf				1	1	0.31579	0.31579	
LOC719667,LOC709056	3,1	NonProt	7	7	0.98611	0.19621	0.40001	value>cut,value<cut	4.98639	-0.41689		1	Inf	1	-Inf:Inf				1	1	0.36842	0.36842	
LOC701920,C5H4orf45	1,3	NonProt	7	6	0.84184	0.20317	0.34769	value<cut,value>cut	5.25507	1.7578		1	6.31578947368421	1	0.836:47.694				1	1	0.36842	0.31579	
LOC701920,TRIM16	1,1	NonProt	7	6	0.89286	0.19286	0.35907	value<cut,value<cut	5.26025	-1.67452		1	6.31578947368421	1	0.836:47.694				1	1	0.36842	0.31579	
TMX2,LOC701920	1,1	NonProt	7	6	0.97143	0.18857	0.37631	value<cut,value<cut	2.8886	5.2619		1	6.31578947368421	1	0.836:47.694				1	1	0.36842	0.31579	
TARM1,ZNF576	2,1	NonProt	7	6	0.85714	0.2	0.34314	cut<value<cut,value<cut	1.32055	2.0381	3.751	1	6.31578947368421	1	0.836:47.694				1	1	0.36842	0.31579	
LOC701920,KRTAP29.1	1,2	NonProt	9	8	0.91333	0.26286	0.48889	value<cut,cut<value<cut	5.2541	-4.987	-1.8781	1	8.42105263157895	1	1.161:61.099				1	1	0.47368	0.42105	
VSTM1,A1BG	3,1	NonProt	7	6	0.90476	0.19048	0.33987	value>cut,value<cut	5.18617	-1.9115		1	6.31578947368421	1	0.836:47.694				1	1	0.36842	0.31579	
DLK1,X00000060253	3,1	NonProt	7	6	0.85714	0.2	0.35294	value>cut,value<cut	-0.1047	1.2214		1	6.31578947368421	1	0.836:47.694				1	1	0.36842	0.31579	
LOC701920,DLK1	1,3	NonProt	8	7	0.89236	0.23135	0.42999	value<cut,value>cut	5.25863	-0.03337		1	7.36842105263158	1	0.998:54.391				1	1	0.42105	0.36842	
LOC701920,LOC702786	1,2	NonProt	9	8	0.90208	0.25714	0.47263	value<cut,cut<value<cut	5.25538	-4.97151	-1.74786	1	8.42105263157895	1	1.161:61.099				1	1	0.47368	0.42105	
VSTM1,LTC4S	3,3	NonProt	7	6	0.88929	0.20571	0.36797	value>cut,value>cut	5.228	0.6264		1	6.31578947368421	1	0.836:47.694				1	1	0.36842	0.31579	
X00000053012,LTC4S	1,3	NonProt	7	6	0.88929	0.20571	0.36797	value<cut,value>cut	2.57564	0.61468		1	6.31578947368421	1	0.836:47.694				1	1	0.36842	0.31579	
LOC709056,LOC701920	1,1	NonProt	8	8	1	0.225	0.45706	value<cut,value<cut	-0.40942	5.25538		1	Inf	1	-Inf:Inf				1	1	0.42105	0.42105	
LOC701920,THRB	1,2	NonProt	6	6	1	0.17143	0.35294	value<cut,cut<value<cut	5.2565	-4.88715	-3.07415	1	Inf	1	-Inf:Inf				1	1	0.31579	0.31579	
VSTM1,KRTAP29.1	3,2	NonProt	7	7	1	0.19093	0.40272	value>cut,cut<value<cut	5.20586	-5.00121	-1.21657	1	Inf	1	-Inf:Inf				1	1	0.36842	0.36842	
LOC719667,LOC701920	3,1	NonProt	7	7	1	0.20891	0.43237	value>cut,value<cut	4.98639	5.25406		1	Inf	1	-Inf:Inf				1	1	0.36842	0.36842	
LOC701920,LILRB1	1,3	NonProt	6	6	1	0.1788	0.37693	value<cut,value>cut	5.25507	7.73143		1	Inf	1	-Inf:Inf				1	1	0.31579	0.31579	
LOC701920,ZNF576	1,1	NonProt	7	7	1	0.19216	0.39486	value<cut,value<cut	5.25375	3.74763		1	Inf	1	-Inf:Inf				1	1	0.36842	0.36842	
LILRB1,USP31	3,2	NonProt	6	6	1	0.17619	0.3567	value>cut,cut<value<cut	7.7569	0.15826	0.70688	1	Inf	1	-Inf:Inf				1	1	0.31579	0.31579	
LOC719667,DLK1	3,3	NonProt	7	7	1	0.19944	0.40931	value>cut,value>cut	4.98415	-0.00348		1	Inf	1	-Inf:Inf				1	1	0.36842	0.36842	
LTC4S,X00000058729	3,2	NonProt	6	6	1	0.17143	0.35294	value>cut,cut<value<cut	0.685	-4.6471	-2.3497	1	Inf	1	-Inf:Inf				1	1	0.31579	0.31579	
VSTM1,LOC701920	3,1	NonProt	7	7	1	0.20882	0.42947	value>cut,value<cut	5.19733	5.25706		1	Inf	1	-Inf:Inf				1	1	0.36842	0.36842	
LOC701920,X00000058729	1,2	NonProt	6	6	1	0.17143	0.35376	value<cut,cut<value<cut	5.2615	-4.6976	-2.4671	1	Inf	1	-Inf:Inf				1	1	0.31579	0.31579	
LOC701920,X00000053012	1,1	NonProt	9	8	0.98765	0.24365	0.49746	value<cut,value<cut	5.25839	2.57657		1	8.42105263157895	1	1.161:61.099				1	1	0.47368	0.42105	
LOC701920,X00000056965	1,1	NonProt	6	6	1	0.1754	0.36683	value<cut,value<cut	5.26333	-3.45592		1	Inf	1	-Inf:Inf				1	1	0.31579	0.31579	
X00000064715,TRIM16	2,1	NonProt	6	6	1	0.17143	0.33725	cut<value<cut,value<cut	-0.06644	1.84448	-1.76526	1	Inf	1	-Inf:Inf				1	1	0.31579	0.31579	
X00000064715,LOC701920	2,1	NonProt	6	6	1	0.18571	0.37725	cut<value<cut,value<cut	-0.0597	1.88472	5.26325	1	Inf	1	-Inf:Inf				1	1	0.31579	0.31579	
X00000064715,CBS	2,1	NonProt	7	6	0.85714	0.2	0.35294	cut<value<cut,value<cut	-0.0597	1.789	-1.674	1	6.31578947368421	1	0.836:47.694				1	1	0.36842	0.31579	
X00000053274,ESR1	1,1	NonProt	7	6	0.87755	0.19512	0.35679	value<cut,value<cut	-0.342	0.57193		1	6.31578947368421	1	0.836:47.694				1	1	0.36842	0.31579	
X00000053274,X00000037843	1,2	NonProt	6	6	1	0.17714	0.36127	value<cut,cut<value<cut	-0.3751	2.47186	2.8798	1	Inf	1	-Inf:Inf				1	1	0.31579	0.31579	
X00000053274,X00000059995	1,1	NonProt	6	6	1	0.16984	0.35376	value<cut,value<cut	-0.45233	-0.3794		1	Inf	1	-Inf:Inf				1	1	0.31579	0.31579	
FABP5,TMEM38A	3,2	NonProt	7	7	1	0.19286	0.39445	value>cut,cut<value<cut	2.47014	2.78569	3.22081	1	Inf	1	-Inf:Inf				1	1	0.36842	0.36842	
X00000053274,X00000060253	1,2	NonProt	6	6	1	0.17143	0.34314	value<cut,cut<value<cut	-0.4787	1.2214	2.0577	1	Inf	1	-Inf:Inf				1	1	0.31579	0.31579	
FABP5,X00000053274	3,1	NonProt	6	6	1	0.17143	0.34951	value>cut,value<cut	2.51568	-0.34384		1	Inf	1	-Inf:Inf				1	1	0.31579	0.31579	
X00000064369,LAMC1	1,3	NonProt	7	7	1	0.20714	0.41825	value<cut,value>cut	2.57916	1.77284		1	Inf	1	-Inf:Inf				1	1	0.36842	0.36842	
X00000060146,LAMC1	1,1	Prot	7	6	0.89286	0.19147	0.32061	value<cut,value<cut	-4.82838	0.92522		1	5.7	1	0.755:43.043				1	1	0.35	0.3	
FABP5,ESR1	1,3	Prot	8	7	0.8852	0.21542	0.37396	value<cut,value>cut	1.99139	1.05953		1	6.65	1	0.901:49.088				1	1	0.4	0.35	
USP31,SMIM2	1,1	Prot	7	6	0.88393	0.20476	0.35982	value<cut,value<cut	0.16395	-0.26458		1	5.7	1	0.755:43.043				1	1	0.35	0.3	
RBM46,USP31	3,1	Prot	6	6	1	0.17619	0.35621	value>cut,value<cut	-1.07568	0.1676		1	Inf	1	-Inf:Inf				1	1	0.3	0.3	
ESR1,X00000060253	3,3	Prot	6	6	1	0.17024	0.3348	value>cut,value>cut	1.04262	2.05162		1	Inf	1	-Inf:Inf				1	1	0.3	0.3	
ESR1,SMIM2	3,1	Prot	6	6	1	0.17143	0.33402	value>cut,value<cut	1.05813	-0.25503		1	Inf	1	-Inf:Inf				1	1	0.3	0.3	
VSTM1,ESR1	1,3	Prot	6	6	0.97959	0.18288	0.35252	value<cut,value>cut	4.37486	1.04944		1	Inf	1	-Inf:Inf				1	1	0.3	0.3	
FABP5,VSTM1	1,1	Prot	6	6	1	0.18145	0.35023	value<cut,value<cut	1.99022	4.37131		1	Inf	1	-Inf:Inf				1	1	0.3	0.3	
TARM1,ESR1	1,3	Prot	6	6	0.92857	0.18571	0.34314	value<cut,value>cut	1.3287	1.05385		1	Inf	1	-Inf:Inf				1	1	0.3	0.3	
X00000037843,VSTM1	1,1	Prot	8	8	1	0.2223	0.4349	value<cut,value<cut	2.47125	4.40335		1	Inf	1	-Inf:Inf				1	1	0.4	0.4	
ESR1,LTC4S	3,1	Prot	6	6	1	0.17551	0.34513	value>cut,value<cut	1.06024	-0.45371		1	Inf	1	-Inf:Inf				1	1	0.3	0.3	
LOC701920,X00000060253	2,3	Prot	6	6	1	0.17143	0.33333	cut<value<cut,value>cut	5.2565	5.525	2.0577	1	Inf	1	-Inf:Inf				1	1	0.3	0.3	
X00000037843,ESR1	1,3	Prot	6	6	1	0.17143	0.34314	value<cut,value>cut	2.473	1.05385		1	Inf	1	-Inf:Inf				1	1	0.3	0.3	
X00000037843,HCN2	1,1	Prot	6	6	1	0.17143	0.34314	value<cut,value<cut	2.473	-2.7443		1	Inf	1	-Inf:Inf				1	1	0.3	0.3	
STARD8,ESR1	2,3	Prot	6	6	1	0.17143	0.33402	cut<value<cut,value>cut	0.6777	1.47293	1.0662	1	Inf	1	-Inf:Inf				1	1	0.3	0.3	
X00000053274,DLK1	2,2	Prot	6	6	1	0.17143	0.33333	cut<value<cut,cut<value<cut	-0.32145	1.49005	-1.88425	1	Inf	1	-Inf:Inf			-0.1299	1	1	0.3	0.3	
X00000060253	3	Prot	11	10	0.90909	0.31429	0.55556	value>cut	2.0577			1	9.5	1	1.342:67.267				1	1	0.55	0.5	
TARM1,A1BG	1,3	Prot	7	6	0.92857	0.19048	0.34898	value<cut,value>cut	1.3571	-1.4275		1	5.7	1	0.755:43.043				1	1	0.35	0.3	
VSTM1,C5H4orf45	1,1	Prot	7	6	0.85714	0.2	0.34314	value<cut,value<cut	4.51425	0.3585		1	5.7	1	0.755:43.043				1	1	0.35	0.3	
STARD8,SMIM2	2,1	Prot	7	6	0.85714	0.2	0.32164	cut<value<cut,value<cut	0.65223	1.46377	-0.26567	1	5.7	1	0.755:43.043				1	1	0.35	0.3	
VSTM1,X00000053012	1,3	Prot	8	7	0.90179	0.21429	0.3805	value<cut,value>cut	4.46225	2.86305		1	6.65	1	0.901:49.088				1	1	0.4	0.35	
VSTM1,DLK1	1,1	Prot	7	6	0.8631	0.20952	0.36601	value<cut,value<cut	4.45833	-1.814		1	5.7	1	0.755:43.043				1	1	0.35	0.3	
VSTM1,THRB	1,1	Prot	7	6	0.98611	0.18668	0.3567	value<cut,value<cut	4.38272	-4.86854		1	5.7	1	0.755:43.043				1	1	0.35	0.3	
C5H4orf45,SMIM2	1,1	Prot	7	6	0.88095	0.19907	0.33397	value<cut,value<cut	0.20205	-0.2724		1	5.7	1	0.755:43.043				1	1	0.35	0.3	
RBM46,DLK1	3,1	Prot	6	6	1	0.17483	0.33388	value>cut,value<cut	-1.10091	-1.86344		1	Inf	1	-Inf:Inf				1	1	0.3	0.3	
TNNT2,USP31	1,1	Prot	6	6	1	0.18095	0.36166	value<cut,value<cut	-2.38093	0.12858		1	Inf	1	-Inf:Inf				1	1	0.3	0.3	
RBM46,X00000060253	3,3	Prot	6	6	1	0.18016	0.34991	value>cut,value>cut	-1.04902	2.06753		1	Inf	1	-Inf:Inf				1	1	0.3	0.3	
LOC709056,X00000059995	2,2	Prot	6	6	1	0.17143	0.33402	cut<value<cut,cut<value<cut	-0.38013	0.74747	-0.36533	1	Inf	1	-Inf:Inf			0.68733	1	1	0.3	0.3	
TARM1,USP31	1,1	Prot	7	7	1	0.20384	0.39875	value<cut,value<cut	1.3367	0.12113		1	Inf	1	-Inf:Inf				1	1	0.35	0.35	
X00000037843,A1BG	1,3	Prot	7	7	1	0.21199	0.41176	value<cut,value>cut	2.47042	-1.44604		1	Inf	1	-Inf:Inf				1	1	0.35	0.35	
RBM46,C5H4orf45	3,1	Prot	6	6	1	0.17143	0.32456	value>cut,value<cut	-1.18535	0.1759		1	Inf	1	-Inf:Inf				1	1	0.3	0.3	
X00000053012,ZNF576	3,3	Prot	7	7	1	0.18849	0.36837	value>cut,value>cut	2.86586	3.94206		1	Inf	1	-Inf:Inf				1	1	0.35	0.35	
TMEM38A,A1BG	1,3	Prot	6	6	1	0.17048	0.33451	value<cut,value>cut	2.7702	-1.43124		1	Inf	1	-Inf:Inf				1	1	0.3	0.3	
STARD8,X00000060253	2,3	Prot	6	6	1	0.17891	0.34508	cut<value<cut,value>cut	0.62999	1.4399	2.05759	1	Inf	1	-Inf:Inf				1	1	0.3	0.3	
RBM46,MAOA	3,1	Prot	6	6	1	0.17143	0.33333	value>cut,value<cut	-1.2248	0.2298		1	Inf	1	-Inf:Inf				1	1	0.3	0.3	
TNNT2,RBM46	1,3	Prot	6	6	1	0.18095	0.35839	value<cut,value>cut	-2.38473	-1.03213		1	Inf	1	-Inf:Inf				1	1	0.3	0.3	
FABP5,LILRB1	2,1	Prot	6	6	1	0.17143	0.33333	cut<value<cut,value<cut	1.9859	2.572	7.255	1	Inf	1	-Inf:Inf				1	1	0.3	0.3	
STARD8,X00000053012	1,2	Prot	7	6	0.86161	0.20714	0.34284	value<cut,cut<value<cut	0.6519	2.59872	2.88135	1	5.7	1	0.755:43.043				1	1	0.35	0.3	
STARD8,LAMC1	1,2	Prot	7	6	0.97959	0.18708	0.35879	value<cut,cut<value<cut	0.66117	0.91806	1.78641	1	5.7	1	0.755:43.043				1	1	0.35	0.3	
X00000053012,LOC715623	2,3	Prot	6	6	1	0.17143	0.33333	cut<value<cut,value>cut	2.5668	2.8731	-0.4805	1	Inf	1	-Inf:Inf				1	1	0.3	0.3	
LOC715623,C5H4orf45	3,1	Prot	6	6	1	0.17143	0.33385	value>cut,value<cut	-0.53615	0.1759		1	Inf	1	-Inf:Inf				1	1	0.3	0.3	
X00000064715,USP31	3,1	Prot	7	7	1	0.19087	0.37303	value>cut,value<cut	1.93282	0.12571		1	Inf	1	-Inf:Inf				1	1	0.35	0.35	
TRIM16,ZNF576	3,2	Prot	7	6	0.85714	0.2	0.33333	value>cut,cut<value<cut	-1.0518	3.741	3.9475	1	5.7	1	0.755:43.043				1	1	0.35	0.3	
RBM46,SMIM2	3,1	Prot	7	6	0.89732	0.20714	0.36662	value>cut,value<cut	-1.1131	-0.2631		1	5.7	1	0.755:43.043				1	1	0.35	0.3	
TARM1,LAMC1	1,2	Prot	6	6	1	0.17143	0.33333	value<cut,cut<value<cut	1.2466	0.8991	1.7449	1	Inf	1	-Inf:Inf				1	1	0.3	0.3	
X00000064715,MYH15	3,1	Prot	6	6	1	0.17143	0.34314	value>cut,value<cut	1.8108	-2.3565		1	Inf	1	-Inf:Inf				1	1	0.3	0.3	
TNNT2,X00000058729	1,3	Prot	6	6	1	0.17143	0.33333	value<cut,value>cut	-2.361	-2.3497		1	Inf	1	-Inf:Inf				1	1	0.3	0.3	
FABP5,SMIM2	1,1	Prot	6	6	1	0.18095	0.35948	value<cut,value<cut	1.9859	-0.2587		1	Inf	1	-Inf:Inf				1	1	0.3	0.3	
X00000064715,CTH	3,2	Prot	6	6	1	0.17143	0.33333	value>cut,cut<value<cut	1.789	-1.424	-0.73	1	Inf	1	-Inf:Inf				1	1	0.3	0.3	
TNNT2	3	NonProt	11	10	0.90909	0.31429	0.56645	value>cut	-0.50797			1	10.5263157894737	1	1.487:74.534				1	1	0.57895	0.52632	
X00000059200,LOC709056	2,1	NonProt	7	6	0.85714	0.2	0.34314	cut<value<cut,value<cut	-0.4896	2.59905	-0.44135	1	6.31578947368421	1	0.836:47.694				1	1	0.36842	0.31579	
X00000053012,X00000058729	1,2	NonProt	7	6	0.85714	0.2	0.34951	value<cut,cut<value<cut	2.57738	-4.5584	-2.37966	1	6.31578947368421	1	0.836:47.694				1	1	0.36842	0.31579	
LOC701920,SDK2	1,1	NonProt	8	7	0.91667	0.21905	0.40414	value<cut,value<cut	5.2655	-0.79103		1	7.36842105263158	1	0.998:54.391				1	1	0.42105	0.36842	
X00000053012,LOC702786	1,2	NonProt	8	8	0.90278	0.2418	0.45636	value<cut,cut<value<cut	2.58808	-4.97067	-1.20382	1	Inf	1	-Inf:Inf				1	1	0.42105	0.42105	
LOC702786,SDK2	2,1	NonProt	8	6	0.86607	0.21429	0.38235	cut<value<cut,value<cut	-4.97875	-1.59345	-0.86125	1	3.15789473684211	1	0.725:13.762				1	1	0.42105	0.31579	
RBM46,LOC701920	1,1	NonProt	7	6	0.88393	0.2	0.35723	value<cut,value<cut	-2.50768	5.255		1	6.31578947368421	1	0.836:47.694				1	1	0.36842	0.31579	
ESR1,TRIM16	1,1	NonProt	7	6	0.85714	0.2	0.35294	value<cut,value<cut	0.6029	-1.7125		1	6.31578947368421	1	0.836:47.694				1	1	0.36842	0.31579	
LOC709056,TMX2	1,1	NonProt	7	7	1	0.18708	0.3771	value<cut,value<cut	-0.42067	2.87764		1	Inf	1	-Inf:Inf				1	1	0.36842	0.36842	
LOC709056,LOC715623	1,1	NonProt	7	7	0.98413	0.20256	0.41018	value<cut,value<cut	-0.40878	-1.74797		1	Inf	1	-Inf:Inf				1	1	0.36842	0.36842	
TNNT2,KIR3DL0	3,1	NonProt	6	6	1	0.17143	0.34314	value>cut,value<cut	-0.4817	2.9035		1	Inf	1	-Inf:Inf				1	1	0.31579	0.31579	
TNNT2,TMX2	3,1	NonProt	6	6	1	0.17064	0.35049	value>cut,value<cut	-0.58397	2.87425		1	Inf	1	-Inf:Inf				1	1	0.31579	0.31579	
DLK1,MAOA	3,2	NonProt	6	6	1	0.17738	0.36744	value>cut,cut<value<cut	-0.05985	0.24542	0.69005	1	Inf	1	-Inf:Inf				1	1	0.31579	0.31579	
DLK1,X00000064313	3,1	NonProt	6	6	1	0.17143	0.35294	value>cut,value<cut	-0.1047	-2.6291		1	Inf	1	-Inf:Inf				1	1	0.31579	0.31579	
TNNT2,LTC4S	3,3	NonProt	6	6	1	0.18571	0.37956	value>cut,value>cut	-0.5371	0.6264		1	Inf	1	-Inf:Inf				1	1	0.31579	0.31579	
TNNT2,LOC702786	3,2	NonProt	7	7	0.97024	0.19295	0.38653	value>cut,cut<value<cut	-0.62828	-4.96937	-1.26129	1	Inf	1	-Inf:Inf				1	1	0.36842	0.36842	
X00000064313,LOC702786	1,2	NonProt	6	6	0.97143	0.17714	0.3451	value<cut,cut<value<cut	-2.64636	-4.95742	-1.46312	1	Inf	1	-Inf:Inf				1	1	0.31579	0.31579	
CFAP70,A1BG	3,1	NonProt	6	6	1	0.17024	0.34865	value>cut,value<cut	2.1855	-1.96038		1	Inf	1	-Inf:Inf				1	1	0.31579	0.31579	
DLK1,ESR1	3,1	NonProt	6	6	1	0.17024	0.35907	value>cut,value<cut	-0.0957	0.6029		1	Inf	1	-Inf:Inf				1	1	0.31579	0.31579	
X00000053012,X00000060253	1,1	NonProt	6	6	0.92857	0.18571	0.36397	value<cut,value<cut	2.587	1.1833		1	Inf	1	-Inf:Inf				1	1	0.31579	0.31579	
LOC709056,X00000053012	1,1	NonProt	8	7	0.95767	0.2131	0.42627	value<cut,value<cut	-0.41573	2.57308		1	7.36842105263158	1	0.998:54.391				1	1	0.42105	0.36842	
X00000037843,LOC701920	3,1	NonProt	7	6	0.91429	0.18857	0.34951	value>cut,value<cut	2.8499	5.2541		1	6.31578947368421	1	0.836:47.694				1	1	0.36842	0.31579	
TARM1,SDK2	3,1	NonProt	6	6	0.92857	0.18571	0.35294	value>cut,value<cut	2.0122	-0.86125		1	Inf	1	-Inf:Inf				1	1	0.31579	0.31579	
KIR3DL0,X00000064313	1,1	NonProt	7	6	0.85714	0.2	0.33987	value<cut,value<cut	2.79083	-2.64647		1	6.31578947368421	1	0.836:47.694				1	1	0.36842	0.31579	
RBM46,ESR1	1,1	NonProt	7	6	0.89286	0.2	0.36744	value<cut,value<cut	-2.4917	0.61613		1	6.31578947368421	1	0.836:47.694				1	1	0.36842	0.31579	
STARD8,ESR1	3,1	NonProt	7	6	0.88929	0.2	0.37426	value>cut,value<cut	1.4576	0.59924		1	6.31578947368421	1	0.836:47.694				1	1	0.36842	0.31579	
STARD8,RBM46	3,1	NonProt	6	6	1	0.17143	0.34314	value>cut,value<cut	1.4296	-2.53965		1	Inf	1	-Inf:Inf				1	1	0.31579	0.31579	
TNNT2,LOC701920	3,1	NonProt	6	6	1	0.17143	0.34951	value>cut,value<cut	-0.5307	5.2517		1	Inf	1	-Inf:Inf				1	1	0.31579	0.31579	
KIR3DL0,ESR1	1,1	NonProt	6	6	1	0.17857	0.36336	value<cut,value<cut	2.83575	0.5847		1	Inf	1	-Inf:Inf				1	1	0.31579	0.31579	
TNNT2,X00000053012	3,1	NonProt	6	6	1	0.18155	0.37352	value>cut,value<cut	-0.63621	2.56688		1	Inf	1	-Inf:Inf				1	1	0.31579	0.31579	
LILRB1,HEY1	3,3	NonProt	6	6	1	0.17143	0.34804	value>cut,value>cut	7.763	-0.82943		1	Inf	1	-Inf:Inf				1	1	0.31579	0.31579	
TNNT2,HCN2	3,3	NonProt	6	6	0.96429	0.18145	0.35805	value>cut,value>cut	-0.63621	-2.15223		1	Inf	1	-Inf:Inf				1	1	0.31579	0.31579	
X00000064715,LOC702786	2,2	NonProt	6	6	1	0.17619	0.3524	cut<value<cut,cut<value<cut	0.03415	1.90888	-4.96468	1	Inf	1	-Inf:Inf			-1.43777	1	1	0.31579	0.31579	
LOC701920,ESR1	1,1	NonProt	6	6	0.97619	0.17619	0.35376	value<cut,value<cut	5.257	0.58963		1	Inf	1	-Inf:Inf				1	1	0.31579	0.31579	
TMEM38A,LOC701920	3,1	NonProt	8	7	0.9375	0.21429	0.40033	value>cut,value<cut	3.23112	5.26325		1	7.36842105263158	1	0.998:54.391				1	1	0.42105	0.36842	
STARD8,LOC701920	3,1	NonProt	7	7	1	0.19048	0.38803	value>cut,value<cut	1.46377	5.2555		1	Inf	1	-Inf:Inf				1	1	0.36842	0.36842	
TNNT2,RBM46	3,1	NonProt	6	6	1	0.17143	0.34314	value>cut,value<cut	-0.4817	-2.53965		1	Inf	1	-Inf:Inf				1	1	0.31579	0.31579	
LOC719667,LOC702786	1,1	Prot	7	6	0.85714	0.2	0.33333	value<cut,value<cut	4.2055	-5.0053		1	5.7	1	0.755:43.043				1	1	0.35	0.3	
LOC702786,HCN2	1,1	Prot	8	7	0.875	0.22857	0.38889	value<cut,value<cut	-5.0053	-2.7443		1	6.65	1	0.901:49.088				1	1	0.4	0.35	
X00000064715,KRTAP29.1	3,1	Prot	7	6	0.85714	0.2	0.33333	value>cut,value<cut	1.789	-5.0055		1	5.7	1	0.755:43.043				1	1	0.35	0.3	
X00000037843,USP31	1,1	Prot	6	6	0.98214	0.175	0.33875	value<cut,value<cut	2.47202	0.1372		1	Inf	1	-Inf:Inf				1	1	0.3	0.3	
X00000037843,THRB	1,1	Prot	7	7	1	0.20564	0.39901	value<cut,value<cut	2.47169	-4.8665		1	Inf	1	-Inf:Inf				1	1	0.35	0.35	
X00000037843,X00000064715	1,3	Prot	6	6	1	0.17024	0.32061	value<cut,value>cut	2.46772	1.95782		1	Inf	1	-Inf:Inf				1	1	0.3	0.3	
MYH15,CTH	1,2	Prot	6	6	0.96875	0.18452	0.34461	value<cut,cut<value<cut	-2.28125	-1.5278	-0.8066	1	Inf	1	-Inf:Inf				1	1	0.3	0.3	
X00000037843,LOC709056	1,2	Prot	6	6	1	0.17024	0.32552	value<cut,cut<value<cut	2.46772	-0.43417	0.6909	1	Inf	1	-Inf:Inf				1	1	0.3	0.3	
LOC709056,TARM1	2,1	Prot	6	6	1	0.16984	0.31637	cut<value<cut,value<cut	-0.43657	0.69363	1.2874	1	Inf	1	-Inf:Inf				1	1	0.3	0.3	
X00000037843,STARD8	1,2	Prot	6	6	1	0.18095	0.34503	value<cut,cut<value<cut	2.4685	0.66507	1.46377	1	Inf	1	-Inf:Inf				1	1	0.3	0.3	
LOC719667,LAMC1	1,2	Prot	6	6	1	0.17143	0.33333	value<cut,cut<value<cut	4.2055	0.8991	1.7449	1	Inf	1	-Inf:Inf				1	1	0.3	0.3	
STARD8,X00000059995	3,1	NonProt	6	6	0.92857	0.18571	0.36397	value>cut,value<cut	1.4621	-0.34585		1	Inf	1	-Inf:Inf				1	1	0.31579	0.31579	
STARD8,TARM1	3,3	NonProt	7	6	0.88571	0.2	0.3652	value>cut,value>cut	1.4521	2.0112		1	6.31578947368421	1	0.836:47.694				1	1	0.36842	0.31579	
X00000059995,CTH	1,3	NonProt	7	6	0.89286	0.19286	0.35907	value<cut,value>cut	-0.3738	-0.84318		1	6.31578947368421	1	0.836:47.694				1	1	0.36842	0.31579	
DLK1,TRIM16	3,1	NonProt	7	6	0.90476	0.19048	0.35376	value>cut,value<cut	0.0253	-1.68433		1	6.31578947368421	1	0.836:47.694				1	1	0.36842	0.31579	
LOC719667,X00000060146	3,3	NonProt	8	6	0.80357	0.21111	0.36397	value>cut,value>cut	4.95975	-2.97375		1	3.15789473684211	1	0.725:13.762				1	1	0.42105	0.31579	
ESR1,X00000060253	1,1	NonProt	7	6	0.93304	0.19167	0.37377	value<cut,value<cut	0.6029	1.1961		1	6.31578947368421	1	0.836:47.694				1	1	0.36842	0.31579	
TARM1,DLK1	3,3	NonProt	7	7	1	0.19938	0.41195	value>cut,value>cut	2.00777	-0.01963		1	Inf	1	-Inf:Inf				1	1	0.36842	0.36842	
KIR3DL0,A1BG	1,1	NonProt	7	6	0.93155	0.19418	0.37398	value<cut,value<cut	2.82625	-2.04542		1	6.31578947368421	1	0.836:47.694				1	1	0.36842	0.31579	
LOC715623,A1BG	2,1	NonProt	6	6	1	0.17143	0.34314	cut<value<cut,value<cut	-1.71095	-0.5465	-1.9115	1	Inf	1	-Inf:Inf				1	1	0.31579	0.31579	
ESR1,MAOA	1,2	NonProt	6	6	1	0.17143	0.34314	value<cut,cut<value<cut	0.6029	0.22245	0.663	1	Inf	1	-Inf:Inf				1	1	0.31579	0.31579	
LOC719667,A1BG	3,1	NonProt	6	6	1	0.18367	0.36916	value>cut,value<cut	4.994	-2.04179		1	Inf	1	-Inf:Inf				1	1	0.31579	0.31579	
STARD8,USP31	3,3	NonProt	6	6	1	0.18214	0.368	value>cut,value>cut	1.46335	0.71935		1	Inf	1	-Inf:Inf				1	1	0.31579	0.31579	
KIR3DL0,STARD8	1,3	NonProt	6	6	1	0.18571	0.38016	value<cut,value>cut	2.81169	1.45991		1	Inf	1	-Inf:Inf				1	1	0.31579	0.31579	
FABP5,LTC4S	1,1	Prot	7	6	0.87946	0.20714	0.35795	value<cut,value<cut	1.99022	-0.41965		1	5.7	1	0.755:43.043				1	1	0.35	0.3	
FABP5,HEY1	1,1	Prot	7	6	0.90476	0.18968	0.33431	value<cut,value<cut	1.99102	-1.99905		1	5.7	1	0.755:43.043				1	1	0.35	0.3	
LOC702786,LTC4S	1,1	Prot	7	6	0.85714	0.2	0.33402	value<cut,value<cut	-5.0199	-0.464		1	5.7	1	0.755:43.043				1	1	0.35	0.3	
LOC701920,LOC702786	3,1	Prot	7	6	0.85714	0.2	0.33333	value>cut,value<cut	5.525	-5.0053		1	5.7	1	0.755:43.043				1	1	0.35	0.3	
LOC719667,F2RL3	1,1	Prot	6	6	1	0.17143	0.32164	value<cut,value<cut	4.13533	-3.74653		1	Inf	1	-Inf:Inf				1	1	0.3	0.3	
FABP5,HCN2	1,1	Prot	6	6	1	0.18288	0.34984	value<cut,value<cut	1.98719	-2.92644		1	Inf	1	-Inf:Inf				1	1	0.3	0.3	
DLK1,TRIM16	2,3	Prot	6	6	0.92857	0.18294	0.31667	cut<value<cut,value>cut	-1.88425	-0.21	-0.9991	1	Inf	1	-Inf:Inf				1	1	0.3	0.3	
LOC719667,LTC4S	1,1	Prot	7	7	1	0.18776	0.36618	value<cut,value<cut	4.03736	-0.44329		1	Inf	1	-Inf:Inf				1	1	0.35	0.35	
X00000053274,HEY1	3,1	Prot	6	6	1	0.17857	0.34284	value>cut,value<cut	1.57575	-2.0395		1	Inf	1	-Inf:Inf				1	1	0.3	0.3	
FABP5,X00000053274	1,3	Prot	6	6	1	0.18003	0.35245	value<cut,value>cut	1.99315	1.47295		1	Inf	1	-Inf:Inf				1	1	0.3	0.3	
X00000053274,X00000059200	3,3	Prot	6	6	1	0.18003	0.35899	value>cut,value>cut	1.42025	2.67283		1	Inf	1	-Inf:Inf				1	1	0.3	0.3	
X00000037843,LTC4S	1,1	Prot	7	7	1	0.1873	0.3701	value<cut,value<cut	2.47277	-0.42562		1	Inf	1	-Inf:Inf				1	1	0.35	0.35	
VSTM1,RBM46	1,3	Prot	6	6	0.97959	0.17483	0.33447	value<cut,value>cut	4.37486	-1.06286		1	Inf	1	-Inf:Inf				1	1	0.3	0.3	
STARD8,HCN2	2,1	Prot	6	6	1	0.17143	0.33333	cut<value<cut,value<cut	0.6779	1.4296	-2.7443	1	Inf	1	-Inf:Inf				1	1	0.3	0.3	
STARD8,LTC4S	2,1	Prot	6	6	1	0.17857	0.35191	cut<value<cut,value<cut	0.65845	1.4621	-0.46635	1	Inf	1	-Inf:Inf				1	1	0.3	0.3	
X00000037843,X00000059995	1,2	Prot	6	6	1	0.17143	0.32456	value<cut,cut<value<cut	2.4691	-0.34585	0.6708	1	Inf	1	-Inf:Inf				1	1	0.3	0.3	
KIR3DL0,TARM1	1,3	NonProt	7	6	0.88393	0.20476	0.36914	value<cut,value>cut	2.82625	2.00667		1	6.31578947368421	1	0.836:47.694				1	1	0.36842	0.31579	
TARM1,A1BG	3,1	NonProt	7	6	0.8801	0.20329	0.37313	value>cut,value<cut	2.00887	-2.02629		1	6.31578947368421	1	0.836:47.694				1	1	0.36842	0.31579	
LOC701920,CTH	1,3	NonProt	8	7	0.88448	0.22152	0.40614	value<cut,value>cut	5.25706	-0.7818		1	7.36842105263158	1	0.998:54.391				1	1	0.42105	0.36842	
DLK1,CTH	3,3	NonProt	7	6	0.90476	0.2	0.36492	value>cut,value>cut	-0.0565	-0.75163		1	6.31578947368421	1	0.836:47.694				1	1	0.36842	0.31579	
DLK1,SMIM2	3,3	NonProt	7	6	0.86984	0.20429	0.37034	value>cut,value>cut	-0.1179	1.02178		1	6.31578947368421	1	0.836:47.694				1	1	0.36842	0.31579	
LOC719667,X00000053012	3,1	NonProt	6	6	1	0.18492	0.37827	value>cut,value<cut	4.98958	2.55917		1	Inf	1	-Inf:Inf				1	1	0.31579	0.31579	
KRTAP29.1,A1BG	2,1	NonProt	6	6	1	0.17143	0.34314	cut<value<cut,value<cut	-4.94375	-1.32225	-1.9115	1	Inf	1	-Inf:Inf				1	1	0.31579	0.31579	
TMEM38A,DLK1	3,3	NonProt	6	6	1	0.17143	0.35294	value>cut,value>cut	3.2525	-0.1047		1	Inf	1	-Inf:Inf				1	1	0.31579	0.31579	
DLK1,HCN2	3,3	NonProt	6	6	1	0.17619	0.35662	value>cut,value>cut	0.0016	-2.1293		1	Inf	1	-Inf:Inf				1	1	0.31579	0.31579	
X00000053012,DLK1	1,3	NonProt	7	7	1	0.19184	0.39572	value<cut,value>cut	2.5859	0.0069		1	Inf	1	-Inf:Inf				1	1	0.36842	0.36842	
KIR3DL0,DLK1	1,3	NonProt	7	7	1	0.20992	0.42887	value<cut,value>cut	2.83325	-0.00255		1	Inf	1	-Inf:Inf				1	1	0.36842	0.36842	
VSTM1,TNNT2	3,3	NonProt	7	7	1	0.19444	0.4023	value>cut,value>cut	5.21233	-0.58397		1	Inf	1	-Inf:Inf				1	1	0.36842	0.36842	
DLK1,A1BG	3,1	NonProt	6	6	1	0.18367	0.37197	value>cut,value<cut	0.0069	-1.95493		1	Inf	1	-Inf:Inf				1	1	0.31579	0.31579	
KIR3DL0,LOC715623	1,2	NonProt	6	6	0.92857	0.18571	0.35294	value<cut,cut<value<cut	2.8565	-1.7829	-0.4805	1	Inf	1	-Inf:Inf				1	1	0.31579	0.31579	
X00000059200,THRB	1,3	NonProt	7	6	0.87302	0.19938	0.35993	value<cut,value>cut	-0.42827	-3.14161		1	6.31578947368421	1	0.836:47.694				1	1	0.36842	0.31579	
X00000053274,X00000058427	1,3	NonProt	8	7	0.89286	0.22766	0.42519	value<cut,value>cut	-0.3194	1.81881		1	7.36842105263158	1	0.998:54.391				1	1	0.42105	0.36842	
LOC701920,TARM1	1,3	NonProt	7	7	1	0.20802	0.42733	value<cut,value>cut	5.257	2.01786		1	Inf	1	-Inf:Inf				1	1	0.36842	0.36842	
THRB,LTC4S	1,1	Prot	7	6	0.90476	0.19048	0.33987	value<cut,value<cut	-4.86687	-0.464		1	5.7	1	0.755:43.043				1	1	0.35	0.3	
X00000064715,LOC702786	3,1	Prot	7	6	0.85714	0.2	0.32456	value>cut,value<cut	1.8839	-4.94355		1	5.7	1	0.755:43.043				1	1	0.35	0.3	
VSTM1,A1BG	1,3	Prot	8	8	0.96875	0.22857	0.43124	value<cut,value>cut	4.46225	-1.40897		1	Inf	1	-Inf:Inf				1	1	0.4	0.4	
VSTM1,LTC4S	1,1	Prot	8	7	0.9875	0.21373	0.41326	value<cut,value<cut	4.40335	-0.43885		1	6.65	1	0.901:49.088				1	1	0.4	0.35	
DLK1,LAMC1	2,2	Prot	6	6	1	0.18333	0.34444	cut<value<cut,cut<value<cut	-1.88425	-0.21	0.90105	1	Inf	1	-Inf:Inf			1.74415	1	1	0.3	0.3	
VSTM1,TMX2	1,3	Prot	6	6	1	0.17798	0.34643	value<cut,value>cut	4.38725	3.241		1	Inf	1	-Inf:Inf				1	1	0.3	0.3	
X00000037843,X00000060146	1,2	Prot	6	6	1	0.17048	0.331	value<cut,cut<value<cut	2.46764	-4.829	-3.0233	1	Inf	1	-Inf:Inf				1	1	0.3	0.3	
X00000053012,MYH15	3,1	Prot	7	6	0.87723	0.20288	0.34398	value>cut,value<cut	2.87128	-2.34529		1	5.7	1	0.755:43.043				1	1	0.35	0.3	
X00000064715,SDK2	3,3	Prot	7	6	0.85714	0.2	0.33333	value>cut,value>cut	1.789	0.5862		1	5.7	1	0.755:43.043				1	1	0.35	0.3	
TMX2,SDK2	3,3	Prot	6	6	1	0.17619	0.33819	value>cut,value>cut	3.2404	0.6295		1	Inf	1	-Inf:Inf				1	1	0.3	0.3	
TARM1,X00000060146	1,2	Prot	6	6	1	0.16984	0.32876	value<cut,cut<value<cut	1.2874	-4.831	-3.06483	1	Inf	1	-Inf:Inf				1	1	0.3	0.3	
X00000053012,SDK2	1,1	NonProt	7	6	0.88393	0.20476	0.36969	value<cut,value<cut	2.57417	-0.90132		1	6.31578947368421	1	0.836:47.694				1	1	0.36842	0.31579	
TARM1,HCN2	3,3	NonProt	7	6	0.88571	0.19317	0.34951	value>cut,value>cut	1.98636	-2.1643		1	6.31578947368421	1	0.836:47.694				1	1	0.36842	0.31579	
X00000053012,ZNF576	1,1	NonProt	7	6	0.8648	0.21134	0.37611	value<cut,value<cut	2.57304	3.74386		1	6.31578947368421	1	0.836:47.694				1	1	0.36842	0.31579	
X00000053274,ZNF576	1,1	NonProt	8	7	0.89236	0.23135	0.42759	value<cut,value<cut	-0.3492	3.7435		1	7.36842105263158	1	0.998:54.391				1	1	0.42105	0.36842	
KRTAP29.1,ZNF576	2,1	NonProt	7	6	0.86071	0.20571	0.36127	cut<value<cut,value<cut	-4.9835	-1.8781	3.7426	1	6.31578947368421	1	0.836:47.694				1	1	0.36842	0.31579	
LTC4S,LAMC1	2,3	NonProt	6	6	1	0.17143	0.34559	cut<value<cut,value>cut	-0.44584	0.62852	1.7817	1	Inf	1	-Inf:Inf				1	1	0.31579	0.31579	
KIR3DL0,KRTAP29.1	1,2	NonProt	6	6	1	0.18095	0.36649	value<cut,cut<value<cut	2.82625	-4.99008	-2.28808	1	Inf	1	-Inf:Inf				1	1	0.31579	0.31579	
LOC702786,A1BG	2,1	NonProt	6	6	1	0.17143	0.34314	cut<value<cut,value<cut	-4.92775	-1.59345	-1.9115	1	Inf	1	-Inf:Inf				1	1	0.31579	0.31579	
LOC701920,HCN2	1,3	NonProt	6	6	1	0.17143	0.34641	value<cut,value>cut	5.2565	-2.1035		1	Inf	1	-Inf:Inf				1	1	0.31579	0.31579	
LOC709056,ZNF576	1,1	NonProt	8	7	0.98611	0.21359	0.43495	value<cut,value<cut	-0.41563	3.742		1	7.36842105263158	1	0.998:54.391				1	1	0.42105	0.36842	
ZNF576,X00000058427	1,3	NonProt	6	6	1	0.17798	0.36586	value<cut,value>cut	3.75013	1.82162		1	Inf	1	-Inf:Inf				1	1	0.31579	0.31579	
X00000053012,A1BG	1,1	NonProt	6	6	0.92857	0.18571	0.35294	value<cut,value<cut	2.59025	-2.0635		1	Inf	1	-Inf:Inf				1	1	0.31579	0.31579	
X00000064715,ZNF576	2,1	NonProt	6	6	1	0.17143	0.34314	cut<value<cut,value<cut	-0.0597	1.8108	3.745	1	Inf	1	-Inf:Inf				1	1	0.31579	0.31579	
TMX2,HEY1	3,1	Prot	6	6	1	0.17024	0.32061	value>cut,value<cut	3.24	-2.03627		1	Inf	1	-Inf:Inf				1	1	0.3	0.3	
CFAP70,X00000059995	1,2	Prot	7	6	0.85714	0.2	0.34314	value<cut,cut<value<cut	0.014	-0.3484	0.6956	1	5.7	1	0.755:43.043				1	1	0.35	0.3	
X00000053274,MYH15	3,1	Prot	7	6	0.86161	0.20575	0.34951	value>cut,value<cut	1.48962	-2.3669		1	5.7	1	0.755:43.043				1	1	0.35	0.3	
A1BG,X00000059995	2,2	Prot	7	6	0.85714	0.2	0.33333	cut<value<cut,cut<value<cut	-1.9115	-1.4371	-0.2925	1	5.7	1	0.755:43.043			0.6708	1	1	0.35	0.3	
LOC709056,LILRB1	2,1	Prot	7	6	0.89286	0.2	0.35191	cut<value<cut,value<cut	-0.4101	0.6988	7.2935	1	5.7	1	0.755:43.043				1	1	0.35	0.3	
X00000053274,X00000060146	3,1	Prot	6	6	1	0.17064	0.32847	value>cut,value<cut	1.51545	-4.82817		1	Inf	1	-Inf:Inf				1	1	0.3	0.3	
X00000053274,LOC709056	3,2	Prot	6	6	1	0.17857	0.35483	value>cut,cut<value<cut	1.48055	-0.41854	0.72322	1	Inf	1	-Inf:Inf				1	1	0.3	0.3	
X00000037843,X00000064369	1,3	Prot	6	6	1	0.17944	0.35045	value<cut,value>cut	2.47125	3.2812		1	Inf	1	-Inf:Inf				1	1	0.3	0.3	
LTC4S,ZNF576	1,2	Prot	6	6	1	0.17738	0.34951	value<cut,cut<value<cut	-0.46008	3.741	3.94075	1	Inf	1	-Inf:Inf				1	1	0.3	0.3	
X00000053274,X00000037843	2,1	Prot	6	6	1	0.17143	0.33402	cut<value<cut,value<cut	-0.41087	1.46303	2.4711	1	Inf	1	-Inf:Inf				1	1	0.3	0.3	
X00000037843,C5H4orf45	1,1	Prot	6	6	1	0.17143	0.33024	value<cut,value<cut	2.4703	0.2062		1	Inf	1	-Inf:Inf				1	1	0.3	0.3	
X00000037843,TMEM38A	1,1	Prot	8	8	1	0.23357	0.45633	value<cut,value<cut	2.47125	2.7784		1	Inf	1	-Inf:Inf				1	1	0.4	0.4	
VSTM1,TMEM38A	1,1	Prot	7	6	0.98438	0.18859	0.36223	value<cut,value<cut	4.41756	2.77725		1	5.7	1	0.755:43.043				1	1	0.35	0.3	
X00000037843,LILRB1	1,1	Prot	6	6	0.96429	0.17738	0.3348	value<cut,value<cut	2.46772	7.27575		1	Inf	1	-Inf:Inf				1	1	0.3	0.3	
VSTM1,X00000064369	1,3	Prot	6	6	1	0.18095	0.35308	value<cut,value>cut	4.42367	3.29547		1	Inf	1	-Inf:Inf				1	1	0.3	0.3	
LAMC1,X00000058729	3,1	NonProt	7	6	0.85714	0.2	0.34314	value>cut,value<cut	1.787	-4.49835		1	6.31578947368421	1	0.836:47.694				1	1	0.36842	0.31579	
X00000053274,TRIM16	1,2	NonProt	7	6	0.85714	0.2	0.35294	value<cut,cut<value<cut	-0.3996	-1.7125	-1.0518	1	6.31578947368421	1	0.836:47.694				1	1	0.36842	0.31579	
A1BG,HCN2	1,3	NonProt	7	6	0.88929	0.2	0.36127	value<cut,value>cut	-1.9115	-2.12812		1	6.31578947368421	1	0.836:47.694				1	1	0.36842	0.31579	
X00000053274,KRTAP29.1	1,2	NonProt	6	6	0.92857	0.18571	0.34314	value<cut,cut<value<cut	-0.4787	-5.0165	-4.5985	1	Inf	1	-Inf:Inf				1	1	0.31579	0.31579	
KIR3DL0,HCN2	1,3	NonProt	8	7	0.89683	0.21526	0.39883	value<cut,value>cut	2.82711	-2.15033		1	7.36842105263158	1	0.998:54.391				1	1	0.42105	0.36842	
LOC702786,HCN2	2,3	NonProt	6	6	1	0.17075	0.35399	cut<value<cut,value>cut	-4.97427	-1.5147	-2.15971	1	Inf	1	-Inf:Inf				1	1	0.31579	0.31579	
SDK2,ZNF576	2,1	NonProt	6	6	1	0.17143	0.34865	cut<value<cut,value<cut	-0.83147	0.62455	3.741	1	Inf	1	-Inf:Inf				1	1	0.31579	0.31579	
TNNT2,A1BG	3,1	NonProt	6	6	1	0.17143	0.34314	value>cut,value<cut	-0.4817	-1.9115		1	Inf	1	-Inf:Inf				1	1	0.31579	0.31579	
THRB,X00000064369	1,3	Prot	6	6	0.92857	0.18571	0.33333	value<cut,value>cut	-4.88715	3.2287		1	Inf	1	-Inf:Inf				1	1	0.3	0.3	
VSTM1,SDK2	1,3	Prot	7	6	0.90476	0.2	0.35157	value<cut,value>cut	4.50083	0.56357		1	5.7	1	0.755:43.043				1	1	0.35	0.3	
VSTM1,TNNT2	1,1	Prot	6	6	1	0.17075	0.33167	value<cut,value<cut	4.37486	-2.40709		1	Inf	1	-Inf:Inf				1	1	0.3	0.3	
TNNT2,X00000060253	1,3	Prot	6	6	0.92857	0.18571	0.34314	value<cut,value>cut	-2.3553	2.0577		1	Inf	1	-Inf:Inf				1	1	0.3	0.3	
X00000064715,TMX2	3,3	Prot	6	6	1	0.17143	0.33333	value>cut,value>cut	1.789	3.24		1	Inf	1	-Inf:Inf				1	1	0.3	0.3	
X00000064715,TARM1	3,1	Prot	6	6	1	0.18288	0.35427	value>cut,value<cut	1.92504	1.34364		1	Inf	1	-Inf:Inf				1	1	0.3	0.3	
RBM46,LOC701920	3,2	Prot	7	6	0.85714	0.2	0.33333	value>cut,cut<value<cut	-1.2248	5.2565	5.525	1	5.7	1	0.755:43.043				1	1	0.35	0.3	
LOC709056,X00000060253	2,3	Prot	6	6	1	0.17143	0.33767	cut<value<cut,value>cut	-0.41346	0.73466	2.05994	1	Inf	1	-Inf:Inf				1	1	0.3	0.3	
KIR3DL0,MAOA	1,2	NonProt	7	6	0.83036	0.20556	0.35907	value<cut,cut<value<cut	2.83575	0.23578	0.67792	1	6.31578947368421	1	0.836:47.694				1	1	0.36842	0.31579	
X00000064715,X00000053012	2,1	NonProt	6	6	1	0.17143	0.35294	cut<value<cut,value<cut	-0.0597	1.789	2.5668	1	Inf	1	-Inf:Inf				1	1	0.31579	0.31579	
X00000053012,X00000059995	1,1	NonProt	6	6	1	0.17551	0.35662	value<cut,value<cut	2.57397	-0.40484		1	Inf	1	-Inf:Inf				1	1	0.31579	0.31579	
KIR3DL0,X00000053012	1,1	NonProt	6	6	1	0.17143	0.34314	value<cut,value<cut	2.9035	2.5668		1	Inf	1	-Inf:Inf				1	1	0.31579	0.31579	
X00000064715,LILRB1	2,3	NonProt	6	6	1	0.17143	0.33987	cut<value<cut,value>cut	-0.0597	1.81807	7.7935	1	Inf	1	-Inf:Inf				1	1	0.31579	0.31579	
MYH15,ZNF576	2,1	NonProt	8	6	0.86508	0.21429	0.37643	cut<value<cut,value<cut	-2.30368	-1.4718	3.743	1	3.15789473684211	1	0.725:13.762				1	1	0.42105	0.31579	
ZNF576,X00000059995	1,1	NonProt	7	6	0.85714	0.2	0.36397	value<cut,value<cut	3.741	-0.34585		1	6.31578947368421	1	0.836:47.694				1	1	0.36842	0.31579	
X00000037843,LOC702786	3,2	NonProt	7	6	0.85714	0.2	0.35294	value>cut,cut<value<cut	2.7623	-5.0053	-3.38	1	6.31578947368421	1	0.836:47.694				1	1	0.36842	0.31579	
LOC709056,X00000059995	1,1	NonProt	6	6	1	0.17143	0.35294	value<cut,value<cut	-0.4557	-0.2925		1	Inf	1	-Inf:Inf				1	1	0.31579	0.31579	
VSTM1,LOC702786	3,2	NonProt	7	7	1	0.19651	0.40445	value>cut,cut<value<cut	5.2022	-4.97515	-1.47316	1	Inf	1	-Inf:Inf				1	1	0.36842	0.36842	
LOC719667,LOC702786	3,2	NonProt	6	6	1	0.17143	0.35355	value>cut,cut<value<cut	4.98125	-4.92238	-0.9839	1	Inf	1	-Inf:Inf				1	1	0.31579	0.31579	
LOC709056,LOC702786	1,2	NonProt	8	8	1	0.21542	0.44351	value<cut,cut<value<cut	-0.41733	-4.96669	-1.5147	1	Inf	1	-Inf:Inf				1	1	0.42105	0.42105	
TMEM38A,LAMC1	2,3	NonProt	6	6	1	0.17857	0.36254	cut<value<cut,value>cut	2.77038	3.21813	1.80805	1	Inf	1	-Inf:Inf				1	1	0.31579	0.31579	
THRB,X00000058729	3,1	NonProt	6	6	0.92857	0.18571	0.34314	value>cut,value<cut	-3.20135	-4.49835		1	Inf	1	-Inf:Inf				1	1	0.31579	0.31579	
TMX2,KRTAP29.1	1,2	NonProt	8	6	0.86607	0.21429	0.37725	value<cut,cut<value<cut	2.88625	-5.0165	-3.65362	1	3.15789473684211	1	0.725:13.762				1	1	0.42105	0.31579	
THRB,X00000064369	3,1	NonProt	7	7	0.96875	0.20992	0.41656	value>cut,value<cut	-3.12966	2.57726		1	Inf	1	-Inf:Inf				1	1	0.36842	0.36842	
TNNT2,F2RL3	3,3	NonProt	6	6	1	0.17619	0.36961	value>cut,value>cut	-0.60528	-1.91258		1	Inf	1	-Inf:Inf				1	1	0.31579	0.31579	
TNNT2,SDK2	3,1	NonProt	6	6	1	0.17143	0.34314	value>cut,value<cut	-0.52218	-0.85385		1	Inf	1	-Inf:Inf				1	1	0.31579	0.31579	
F2RL3,X00000059995	3,1	NonProt	6	6	1	0.17064	0.3607	value>cut,value<cut	-1.91617	-0.3979		1	Inf	1	-Inf:Inf				1	1	0.31579	0.31579	
X00000059200,TNNT2	1,3	NonProt	6	6	1	0.18286	0.37631	value<cut,value>cut	-0.4205	-0.53156		1	Inf	1	-Inf:Inf				1	1	0.31579	0.31579	
TNNT2,STARD8	3,3	NonProt	6	6	1	0.17143	0.36397	value>cut,value>cut	-0.7514	1.4621		1	Inf	1	-Inf:Inf				1	1	0.31579	0.31579	
TNNT2,X00000059995	3,1	NonProt	6	6	1	0.17143	0.35294	value>cut,value<cut	-0.4817	-0.2925		1	Inf	1	-Inf:Inf				1	1	0.31579	0.31579	
TNNT2,KRTAP29.1	3,2	NonProt	7	6	0.97959	0.18776	0.37792	value>cut,cut<value<cut	-0.60563	-5.00057	-1.68207	1	6.31578947368421	1	0.836:47.694				1	1	0.36842	0.31579	
LOC701920,LTC4S	1,3	NonProt	8	7	0.89517	0.22857	0.41823	value<cut,value>cut	5.2525	0.6264		1	7.36842105263158	1	0.998:54.391				1	1	0.42105	0.36842	
LOC701920,SMIM2	1,3	NonProt	7	6	0.88265	0.20816	0.37891	value<cut,value>cut	5.25693	1.0598		1	6.31578947368421	1	0.836:47.694				1	1	0.36842	0.31579	
VSTM1,ESR1	2,1	NonProt	7	6	0.8631	0.20952	0.37337	cut<value<cut,value<cut	4.50083	5.2235	0.6029	1	6.31578947368421	1	0.836:47.694				1	1	0.36842	0.31579	
TMX2,LTC4S	1,3	NonProt	7	6	0.89286	0.19286	0.34314	value<cut,value>cut	2.88625	0.61908		1	6.31578947368421	1	0.836:47.694				1	1	0.36842	0.31579	
X00000053274,LOC709056	1,1	NonProt	7	7	1	0.18869	0.38751	value<cut,value<cut	-0.36874	-0.41854		1	Inf	1	-Inf:Inf				1	1	0.36842	0.36842	
X00000060146,ZNF576	3,1	NonProt	8	7	0.86786	0.21587	0.39322	value>cut,value<cut	-2.9579	3.741		1	7.36842105263158	1	0.998:54.391				1	1	0.42105	0.36842	
X00000037843,X00000060253	2,2	NonProt	7	6	0.85714	0.2	0.34314	cut<value<cut,cut<value<cut	2.473	2.7623	1.2214	1	6.31578947368421	1	0.836:47.694			2.0577	1	1	0.36842	0.31579	
X00000053012,KRTAP29.1	1,2	NonProt	8	7	0.89153	0.23422	0.43273	value<cut,cut<value<cut	2.58136	-4.99089	-1.24006	1	7.36842105263158	1	0.998:54.391				1	1	0.42105	0.36842	
TMX2,X00000053012	1,1	NonProt	7	6	0.87946	0.20645	0.3751	value<cut,value<cut	2.88019	2.57812		1	6.31578947368421	1	0.836:47.694				1	1	0.36842	0.31579	
LOC702786,ZNF576	2,1	NonProt	7	6	0.86071	0.20571	0.36127	cut<value<cut,value<cut	-5.00344	-2.40472	3.745	1	6.31578947368421	1	0.836:47.694				1	1	0.36842	0.31579	
TMX2,LOC702786	1,2	NonProt	7	6	0.8817	0.21071	0.3797	value<cut,cut<value<cut	2.87675	-4.96268	-1.43054	1	6.31578947368421	1	0.836:47.694				1	1	0.36842	0.31579	
X00000053274,TMX2	1,1	NonProt	7	6	0.88265	0.20737	0.37284	value<cut,value<cut	-0.40443	2.87179		1	6.31578947368421	1	0.836:47.694				1	1	0.36842	0.31579	
X00000064715,KRTAP29.1	2,2	NonProt	6	6	1	0.17714	0.35621	cut<value<cut,cut<value<cut	0.05292	1.92414	-5.0056	1	Inf	1	-Inf:Inf			-2.5298	1	1	0.31579	0.31579	
LOC709056,LTC4S	1,3	NonProt	6	6	1	0.18016	0.37228	value<cut,value>cut	-0.42788	0.5942		1	Inf	1	-Inf:Inf				1	1	0.31579	0.31579	
TMEM38A,X00000053012	3,1	NonProt	6	6	0.92857	0.18571	0.35294	value>cut,value<cut	3.238	2.59025		1	Inf	1	-Inf:Inf				1	1	0.31579	0.31579	
LOC701920,X00000060253	1,2	NonProt	6	6	1	0.17143	0.35355	value<cut,cut<value<cut	5.2505	1.20235	2.04555	1	Inf	1	-Inf:Inf				1	1	0.31579	0.31579	
KRTAP29.1,C5H4orf45	2,3	NonProt	6	6	1	0.17143	0.35294	cut<value<cut,value>cut	-5.00125	-2.9635	1.4498	1	Inf	1	-Inf:Inf				1	1	0.31579	0.31579	
TARM1,THRB	1,1	Prot	7	6	0.89286	0.19286	0.33385	value<cut,value<cut	1.34478	-4.8731		1	5.7	1	0.755:43.043				1	1	0.35	0.3	
LOC719667,TARM1	2,1	Prot	8	7	0.89286	0.21799	0.373	cut<value<cut,value<cut	4.08242	4.97808	1.33245	1	6.65	1	0.901:49.088				1	1	0.4	0.35	
KRTAP29.1,MYH15	3,1	Prot	6	6	1	0.17798	0.34361	value>cut,value<cut	-0.82025	-2.34529		1	Inf	1	-Inf:Inf				1	1	0.3	0.3	
X00000037843,TARM1	1,1	Prot	7	6	0.96173	0.19184	0.35778	value<cut,value<cut	2.47107	1.3588		1	5.7	1	0.755:43.043				1	1	0.35	0.3	
TNNT2,TARM1	1,1	Prot	6	6	1	0.17714	0.35229	value<cut,value<cut	-2.37296	1.35798		1	Inf	1	-Inf:Inf				1	1	0.3	0.3	
LOC709056,THRB	2,1	Prot	7	6	0.88571	0.19317	0.32708	cut<value<cut,value<cut	-0.42806	0.71524	-4.87808	1	5.7	1	0.755:43.043				1	1	0.35	0.3	
X00000037843,RBM46	1,3	Prot	6	6	1	0.17143	0.33333	value<cut,value>cut	2.4673	-1.2248		1	Inf	1	-Inf:Inf				1	1	0.3	0.3	
VSTM1,X00000060253	1,3	Prot	6	6	1	0.17143	0.33987	value<cut,value>cut	4.393	2.06143		1	Inf	1	-Inf:Inf				1	1	0.3	0.3	
KIR3DL0,KRTAP29.1	2,3	Prot	6	6	1	0.18286	0.35645	cut<value<cut,value>cut	2.8202	3.6149	-2.48	1	Inf	1	-Inf:Inf				1	1	0.3	0.3	
TNNT2,MAOA	1,1	Prot	6	6	0.92857	0.18571	0.34314	value<cut,value<cut	-2.3966	0.2491		1	Inf	1	-Inf:Inf				1	1	0.3	0.3	
C5H4orf45,SDK2	1,3	Prot	7	6	0.92857	0.2	0.36068	value<cut,value>cut	0.3585	0.55225		1	5.7	1	0.755:43.043				1	1	0.35	0.3	
X00000064715,LAMC1	3,2	Prot	7	6	0.88571	0.19317	0.331	value>cut,cut<value<cut	1.94092	0.92156	1.78618	1	5.7	1	0.755:43.043				1	1	0.35	0.3	
X00000053274,KIR3DL0	3,2	Prot	6	6	0.92857	0.18571	0.35294	value>cut,cut<value<cut	1.2815	2.85425	3.7	1	Inf	1	-Inf:Inf				1	1	0.3	0.3	
X00000053274,X00000064715	3,3	Prot	6	6	1	0.17619	0.3502	value>cut,value>cut	1.47122	1.91168		1	Inf	1	-Inf:Inf				1	1	0.3	0.3	
LOC114669850,LAMC1	2,3	NonProt	7	6	0.85714	0.2	0.33333	cut<value<cut,value>cut	-0.0248	1.51495	1.8291	1	6.31578947368421	1	0.836:47.694				1	1	0.36842	0.31579	
CFAP70,THRB	3,3	NonProt	7	6	0.88095	0.19524	0.34355	value>cut,value>cut	2.25585	-3.147		1	6.31578947368421	1	0.836:47.694				1	1	0.36842	0.31579	
C5H4orf45,HEY1	3,2	NonProt	7	6	0.90476	0.19048	0.33333	value>cut,cut<value<cut	1.7828	-1.87213	-0.72477	1	6.31578947368421	1	0.836:47.694				1	1	0.36842	0.31579	
F2RL3,HCN2	3,3	NonProt	6	6	1	0.17718	0.36428	value>cut,value>cut	-1.76028	-2.1865		1	Inf	1	-Inf:Inf				1	1	0.31579	0.31579	
FABP5,LOC709056	3,1	NonProt	6	6	1	0.17407	0.35775	value>cut,value<cut	2.46401	-0.40559		1	Inf	1	-Inf:Inf				1	1	0.31579	0.31579	
THRB,LAMC1	3,3	NonProt	6	6	1	0.17857	0.36295	value>cut,value>cut	-3.11983	1.78336		1	Inf	1	-Inf:Inf				1	1	0.31579	0.31579	
X00000064715,CFAP70	3,2	Prot	7	7	0.89286	0.21016	0.35937	value>cut,cut<value<cut	1.99134	0.15134	2.2823	1	Inf	1	-Inf:Inf				1	1	0.35	0.35	
TNNT2,LOC709056	1,2	Prot	8	7	0.89921	0.22286	0.39852	value<cut,cut<value<cut	-2.41462	-0.40774	0.70846	1	6.65	1	0.901:49.088				1	1	0.4	0.35	
X00000053012,USP31	3,1	Prot	6	6	0.96429	0.18433	0.35221	value>cut,value<cut	2.8597	0.17918		1	Inf	1	-Inf:Inf				1	1	0.3	0.3	
LOC709056,USP31	2,1	Prot	6	6	1	0.17143	0.34641	cut<value<cut,value<cut	-0.427	0.70417	0.20487	1	Inf	1	-Inf:Inf				1	1	0.3	0.3	
LOC719667,X00000064715	1,3	Prot	6	6	1	0.17143	0.35294	value<cut,value>cut	4.5205	1.9356		1	Inf	1	-Inf:Inf				1	1	0.3	0.3	
X00000053274,LAMC1	1,3	NonProt	7	6	0.89286	0.20247	0.37123	value<cut,value>cut	-0.34098	1.77892		1	6.31578947368421	1	0.836:47.694				1	1	0.36842	0.31579	
RBM46,LAMC1	2,3	NonProt	7	6	0.86071	0.20571	0.36111	cut<value<cut,value>cut	-2.48872	-1.08788	1.8291	1	6.31578947368421	1	0.836:47.694				1	1	0.36842	0.31579	
SDK2,X00000058729	1,2	NonProt	7	6	0.92857	0.2	0.36111	value<cut,cut<value<cut	-0.72615	-4.52695	-2.3626	1	6.31578947368421	1	0.836:47.694				1	1	0.36842	0.31579	
LOC709056,A1BG	1,2	NonProt	6	6	1	0.17075	0.35084	value<cut,cut<value<cut	-0.41323	-1.98286	-1.43671	1	Inf	1	-Inf:Inf				1	1	0.31579	0.31579	
X00000037843,LAMC1	3,3	NonProt	6	6	1	0.17143	0.33333	value>cut,value>cut	2.7269	1.8291		1	Inf	1	-Inf:Inf				1	1	0.31579	0.31579	
TMEM38A,SDK2	3,1	NonProt	6	6	1	0.17143	0.33333	value>cut,value<cut	3.0765	-0.8017		1	Inf	1	-Inf:Inf				1	1	0.31579	0.31579	
X00000037843,SDK2	3,1	NonProt	6	6	1	0.17143	0.35417	value>cut,value<cut	2.86295	-0.8017		1	Inf	1	-Inf:Inf				1	1	0.31579	0.31579	
LILRB1	3	NonProt	11	10	0.90909	0.31429	0.55556	value>cut	7.693			1	10.5263157894737	1	1.487:74.534				1	1	0.57895	0.52632	
TMX2,ZNF576	1,1	NonProt	8	7	0.86905	0.21905	0.378	value<cut,value<cut	2.8525	3.74767		1	7.36842105263158	1	0.998:54.391				1	1	0.42105	0.36842	
F2RL3,LILRB1	2,3	NonProt	6	6	1	0.17143	0.33987	cut<value<cut,value>cut	-3.3308	-1.5483	7.75283	1	Inf	1	-Inf:Inf				1	1	0.31579	0.31579	
KIR3DL0,TMEM38A	1,3	NonProt	6	6	1	0.17143	0.33333	value<cut,value>cut	2.9505	3.0765		1	Inf	1	-Inf:Inf				1	1	0.31579	0.31579	
X00000053012,CTH	1,3	NonProt	7	7	1	0.19592	0.39764	value<cut,value>cut	2.56781	-0.7621		1	Inf	1	-Inf:Inf				1	1	0.36842	0.36842	
KIR3DL0,X00000064369	1,2	NonProt	6	6	1	0.17143	0.33333	value<cut,cut<value<cut	2.9505	2.5776	3.3062	1	Inf	1	-Inf:Inf				1	1	0.31579	0.31579	
LOC702786,TRIM16	2,1	NonProt	7	6	0.95238	0.19048	0.37337	cut<value<cut,value<cut	-4.94643	-1.0314	-1.66187	1	6.31578947368421	1	0.836:47.694				1	1	0.36842	0.31579	
TMX2,CFAP70	1,3	NonProt	6	6	1	0.17143	0.33824	value<cut,value>cut	2.8605	2.3067		1	Inf	1	-Inf:Inf				1	1	0.31579	0.31579	
KIR3DL0,TRIM16	1,1	NonProt	6	6	1	0.17143	0.35417	value<cut,value<cut	2.85425	-1.67025		1	Inf	1	-Inf:Inf				1	1	0.31579	0.31579	
ESR1,A1BG	1,2	NonProt	7	6	0.85714	0.2	0.33333	value<cut,cut<value<cut	0.6029	-1.9115	-1.3534	1	6.31578947368421	1	0.836:47.694				1	1	0.36842	0.31579	
A1BG,LAMC1	2,3	NonProt	7	6	0.85714	0.2	0.33333	cut<value<cut,value>cut	-1.9115	-1.3534	1.8291	1	6.31578947368421	1	0.836:47.694				1	1	0.36842	0.31579	
LOC715623,A1BG	1,2	NonProt	7	6	0.85714	0.2	0.33333	value<cut,cut<value<cut	-1.7648	-1.9115	-1.3534	1	6.31578947368421	1	0.836:47.694				1	1	0.36842	0.31579	
X00000059200,X00000059995	1,1	NonProt	7	6	0.90476	0.19048	0.35376	value<cut,value<cut	-0.41623	-0.41327		1	6.31578947368421	1	0.836:47.694				1	1	0.36842	0.31579	
X00000053274,CBS	1,2	NonProt	6	6	1	0.17143	0.33333	value<cut,cut<value<cut	-0.3996	-1.861	-0.0623	1	Inf	1	-Inf:Inf				1	1	0.31579	0.31579	
LILRB1,ESR1	3,1	NonProt	7	6	0.90476	0.18862	0.36111	value>cut,value<cut	7.705	0.6029		1	6.31578947368421	1	0.836:47.694				1	1	0.36842	0.31579	
LILRB1,X00000059995	3,1	NonProt	6	6	1	0.17143	0.33333	value>cut,value<cut	7.693	-0.4414		1	Inf	1	-Inf:Inf				1	1	0.31579	0.31579	
VSTM1,TARM1	1,1	Prot	7	7	0.91071	0.20952	0.37771	value<cut,value<cut	4.4315	1.3775		1	Inf	1	-Inf:Inf				1	1	0.35	0.35	
FABP5,X00000060146	1,1	Prot	7	6	0.88393	0.20384	0.35279	value<cut,value<cut	1.9938	-4.82742		1	5.7	1	0.755:43.043				1	1	0.35	0.3	
F2RL3,ZNF576	1,2	Prot	6	6	1	0.18095	0.36017	value<cut,cut<value<cut	-3.38853	3.741	3.94067	1	Inf	1	-Inf:Inf				1	1	0.3	0.3	
VSTM1,CBS	1,3	Prot	6	6	1	0.17143	0.34314	value<cut,value>cut	4.41025	-0.10475		1	Inf	1	-Inf:Inf				1	1	0.3	0.3	
USP31,X00000059995	1,2	Prot	6	6	0.92857	0.18571	0.33437	value<cut,cut<value<cut	0.09975	-0.4203	0.6956	1	Inf	1	-Inf:Inf				1	1	0.3	0.3	
VSTM1,USP31	1,1	Prot	6	6	1	0.17714	0.35335	value<cut,value<cut	4.3583	0.11466		1	Inf	1	-Inf:Inf				1	1	0.3	0.3	
TRIM16,USP31	3,1	Prot	6	6	1	0.18571	0.38235	value>cut,value<cut	-0.9991	0.16155		1	Inf	1	-Inf:Inf				1	1	0.3	0.3	
USP31,CTH	1,1	Prot	7	6	0.85714	0.2	0.34056	value<cut,value<cut	0.12303	-1.48927		1	5.7	1	0.755:43.043				1	1	0.35	0.3	
STARD8,TMX2	2,2	Prot	7	6	0.92857	0.19286	0.35681	cut<value<cut,cut<value<cut	0.6776	1.48085	2.85363	1	5.7	1	0.755:43.043			3.23463	1	1	0.35	0.3	
TARM1,LILRB1	1,1	Prot	7	6	0.88095	0.19524	0.33402	value<cut,value<cut	1.3775	7.30633		1	5.7	1	0.755:43.043				1	1	0.35	0.3	
LILRB1,CFAP70	2,2	Prot	7	6	0.85714	0.19815	0.32876	cut<value<cut,cut<value<cut	7.281	7.699	0.19383	1	5.7	1	0.755:43.043			2.29733	1	1	0.35	0.3	
X00000053274,CFAP70	3,2	Prot	6	6	1	0.17143	0.35294	value>cut,cut<value<cut	1.2815	0.1854	2.3348	1	Inf	1	-Inf:Inf				1	1	0.3	0.3	
X00000053274,HCN2	3,1	Prot	6	6	1	0.17143	0.34804	value>cut,value<cut	1.4396	-2.89575		1	Inf	1	-Inf:Inf				1	1	0.3	0.3	
X00000053012,ESR1	3,3	Prot	6	6	1	0.17603	0.35235	value>cut,value>cut	2.8609	1.05258		1	Inf	1	-Inf:Inf				1	1	0.3	0.3	
ESR1,X00000059995	3,2	Prot	6	6	0.95238	0.1791	0.32291	value>cut,cut<value<cut	1.05813	-0.42733	0.68037	1	Inf	1	-Inf:Inf				1	1	0.3	0.3	
X00000064313,C5H4orf45	3,1	Prot	6	6	1	0.17143	0.35294	value>cut,value<cut	-0.96	0.5411		1	Inf	1	-Inf:Inf				1	1	0.3	0.3	
TMX2,LOC701920	3,3	Prot	6	6	1	0.18175	0.3602	value>cut,value>cut	3.2357	5.503		1	Inf	1	-Inf:Inf				1	1	0.3	0.3	
USP31,X00000058427	1,1	Prot	6	6	1	0.17143	0.35294	value<cut,value<cut	0.1535	1.211		1	Inf	1	-Inf:Inf				1	1	0.3	0.3	
CBS,USP31	3,1	Prot	6	6	1	0.17143	0.35294	value>cut,value<cut	-0.0623	0.1535		1	Inf	1	-Inf:Inf				1	1	0.3	0.3	
TRIM16,X00000060253	1,1	NonProt	7	6	0.85714	0.2	0.33333	value<cut,value<cut	-1.7125	1.18767		1	6.31578947368421	1	0.836:47.694				1	1	0.36842	0.31579	
X00000060253,MAOA	1,2	NonProt	7	6	0.85714	0.2	0.34722	value<cut,cut<value<cut	1.16227	0.23777	0.67283	1	6.31578947368421	1	0.836:47.694				1	1	0.36842	0.31579	
X00000037843,X00000053012	3,1	NonProt	7	7	0.92602	0.21145	0.40733	value>cut,value<cut	2.83611	2.59167		1	Inf	1	-Inf:Inf				1	1	0.36842	0.36842	
KIR3DL0,SMIM2	1,3	NonProt	6	6	1	0.18492	0.37132	value<cut,value>cut	2.84192	1.03498		1	Inf	1	-Inf:Inf				1	1	0.31579	0.31579	
VSTM1,X00000053012	3,1	NonProt	8	8	1	0.21706	0.44276	value>cut,value<cut	5.19688	2.57779		1	Inf	1	-Inf:Inf				1	1	0.42105	0.42105	
VSTM1,CFAP70	3,3	NonProt	6	6	1	0.17143	0.34865	value>cut,value>cut	5.22625	2.34422		1	Inf	1	-Inf:Inf				1	1	0.31579	0.31579	
TARM1,X00000053012	3,1	NonProt	8	7	0.86905	0.2172	0.39188	value>cut,value<cut	1.94633	2.59373		1	7.36842105263158	1	0.998:54.391				1	1	0.42105	0.36842	
STARD8,F2RL3	3,3	NonProt	8	7	0.88922	0.21336	0.40176	value>cut,value>cut	1.44787	-1.81822		1	7.36842105263158	1	0.998:54.391				1	1	0.42105	0.36842	
THRB,SMIM2	3,2	NonProt	7	6	0.90476	0.2	0.36574	value>cut,cut<value<cut	-3.1894	-0.24807	1.12097	1	6.31578947368421	1	0.836:47.694				1	1	0.36842	0.31579	
X00000037843,LILRB1	3,3	NonProt	7	6	0.90476	0.2	0.37228	value>cut,value>cut	2.8294	7.699		1	6.31578947368421	1	0.836:47.694				1	1	0.36842	0.31579	
VSTM1,LILRB1	3,3	NonProt	6	6	1	0.1791	0.37459	value>cut,value>cut	5.19367	7.699		1	Inf	1	-Inf:Inf				1	1	0.31579	0.31579	
LILRB1,DLK1	3,3	NonProt	6	6	1	0.17024	0.35907	value>cut,value>cut	7.702	-0.04695		1	Inf	1	-Inf:Inf				1	1	0.31579	0.31579	
KIR3DL0,LILRB1	1,3	NonProt	6	6	1	0.17143	0.33333	value<cut,value>cut	2.9505	7.693		1	Inf	1	-Inf:Inf				1	1	0.31579	0.31579	
X00000053012,LILRB1	1,3	NonProt	7	7	1	0.20992	0.43581	value<cut,value>cut	2.58318	7.73331		1	Inf	1	-Inf:Inf				1	1	0.36842	0.36842	
KIR3DL0,F2RL3	1,3	NonProt	6	6	1	0.17143	0.34314	value<cut,value>cut	2.9035	-1.5483		1	Inf	1	-Inf:Inf				1	1	0.31579	0.31579	
X00000053274,KIR3DL0	2,1	NonProt	6	6	1	0.17143	0.33333	cut<value<cut,value<cut	-0.3996	1.2815	2.9505	1	Inf	1	-Inf:Inf				1	1	0.31579	0.31579	
KIR3DL0,CTH	1,3	NonProt	6	6	1	0.16984	0.34722	value<cut,value>cut	2.88633	-0.8744		1	Inf	1	-Inf:Inf				1	1	0.31579	0.31579	
LOC719667,TARM1	3,3	NonProt	7	7	1	0.18859	0.38741	value>cut,value>cut	4.98919	2.02135		1	Inf	1	-Inf:Inf				1	1	0.36842	0.36842	
LOC719667,KIR3DL0	3,1	NonProt	6	6	1	0.17937	0.36574	value>cut,value<cut	4.98417	2.88633		1	Inf	1	-Inf:Inf				1	1	0.31579	0.31579	
TARM1,CTH	3,3	NonProt	6	6	1	0.17603	0.36201	value>cut,value>cut	1.97268	-0.7964		1	Inf	1	-Inf:Inf				1	1	0.31579	0.31579	
A1BG	3	Prot	11	10	0.91098	0.31905	0.55503	value>cut	-1.4227			1	9.5	1	1.342:67.267				1	1	0.55	0.5	
KIR3DL0,ZNF576	2,2	Prot	7	6	0.85714	0.2	0.35294	cut<value<cut,cut<value<cut	2.9505	3.7	3.741	1	5.7	1	0.755:43.043			3.9385	1	1	0.35	0.3	
A1BG,LTC4S	3,1	Prot	6	6	1	0.16984	0.33529	value>cut,value<cut	-1.45523	-0.46503		1	Inf	1	-Inf:Inf				1	1	0.3	0.3	
A1BG,X00000058729	3,3	Prot	6	6	0.95238	0.18095	0.34056	value>cut,value>cut	-1.4275	-2.40723		1	Inf	1	-Inf:Inf				1	1	0.3	0.3	
KIR3DL0,DLK1	2,2	Prot	6	6	1	0.17143	0.35294	cut<value<cut,cut<value<cut	2.9505	3.7	-1.8118	1	Inf	1	-Inf:Inf			0.1419	1	1	0.3	0.3	
F2RL3,A1BG	1,3	Prot	6	6	1	0.17143	0.35294	value<cut,value>cut	-3.3308	-1.3534		1	Inf	1	-Inf:Inf				1	1	0.3	0.3	
TNNT2,A1BG	1,3	Prot	6	6	1	0.17024	0.32552	value<cut,value>cut	-2.4445	-1.4227		1	Inf	1	-Inf:Inf				1	1	0.3	0.3	
LTC4S,HCN2	1,1	Prot	7	6	0.8631	0.20952	0.35928	value<cut,value<cut	-0.40643	-2.90567		1	5.7	1	0.755:43.043				1	1	0.35	0.3	
A1BG,HEY1	3,1	Prot	6	6	1	0.17024	0.3348	value>cut,value<cut	-1.40897	-1.94923		1	Inf	1	-Inf:Inf				1	1	0.3	0.3	
VSTM1,LOC709056	3,1	NonProt	7	7	1	0.19841	0.40278	value>cut,value<cut	5.17313	-0.427		1	Inf	1	-Inf:Inf				1	1	0.36842	0.36842	
LOC709056,CTH	1,3	NonProt	7	6	0.97619	0.19048	0.37187	value<cut,value>cut	-0.39488	-0.7203		1	6.31578947368421	1	0.836:47.694				1	1	0.36842	0.31579	
TARM1,LILRB1	3,3	NonProt	6	6	1	0.17143	0.33333	value>cut,value>cut	1.9697	7.693		1	Inf	1	-Inf:Inf				1	1	0.31579	0.31579	
TNNT2,TARM1	3,3	NonProt	6	6	0.97143	0.17619	0.35392	value>cut,value>cut	-0.69654	1.98636		1	Inf	1	-Inf:Inf				1	1	0.31579	0.31579	
LOC709056,KRTAP29.1	1,2	NonProt	7	7	1	0.20992	0.43449	value<cut,cut<value<cut	-0.40291	-5.00669	-1.60675	1	Inf	1	-Inf:Inf				1	1	0.36842	0.36842	
X00000037843,RBM46	2,1	NonProt	7	6	0.85714	0.2	0.33333	cut<value<cut,value<cut	2.473	2.7446	-2.4869	1	6.31578947368421	1	0.836:47.694				1	1	0.36842	0.31579	
LOC719667,X00000056965	3,1	NonProt	6	6	1	0.17024	0.34865	value>cut,value<cut	5.00238	-3.4486		1	Inf	1	-Inf:Inf				1	1	0.31579	0.31579	
KIR3DL0,LOC701920	1,1	NonProt	6	6	1	0.18512	0.38006	value<cut,value<cut	2.81363	5.25713		1	Inf	1	-Inf:Inf				1	1	0.31579	0.31579	
X00000064715,TMX2	1,1	NonProt	7	6	0.85714	0.2	0.33333	value<cut,value<cut	-0.0934	2.857		1	6.31578947368421	1	0.836:47.694				1	1	0.36842	0.31579	
TMX2,MYH15	1,2	NonProt	7	6	0.85714	0.2	0.34314	value<cut,cut<value<cut	2.857	-2.1852	-1.484	1	6.31578947368421	1	0.836:47.694				1	1	0.36842	0.31579	
THRB,HCN2	3,3	NonProt	6	6	0.95238	0.18003	0.35743	value>cut,value>cut	-3.19057	-2.14795		1	Inf	1	-Inf:Inf				1	1	0.31579	0.31579	
KIR3DL0,X00000064715	1,1	NonProt	6	6	1	0.17143	0.34314	value<cut,value<cut	2.9035	-0.01805		1	Inf	1	-Inf:Inf				1	1	0.31579	0.31579	
X00000037843,F2RL3	1,1	Prot	7	6	0.90476	0.19048	0.34641	value<cut,value<cut	2.4711	-3.39037		1	5.7	1	0.755:43.043				1	1	0.35	0.3	
LOC709056,ESR1	2,3	Prot	7	6	0.95238	0.18862	0.35196	cut<value<cut,value>cut	-0.427	0.7151	1.05813	1	5.7	1	0.755:43.043				1	1	0.35	0.3	
C5H4orf45,USP31	1,1	Prot	7	6	0.85714	0.2	0.35294	value<cut,value<cut	0.34017	0.22357		1	5.7	1	0.755:43.043				1	1	0.35	0.3	
X00000053012,C5H4orf45	3,1	Prot	7	6	0.88929	0.20444	0.3441	value>cut,value<cut	2.87166	0.2548		1	5.7	1	0.755:43.043				1	1	0.35	0.3	
TARM1,TRIM16	1,3	Prot	6	6	0.92857	0.18571	0.33437	value<cut,value>cut	1.369	-0.9464		1	Inf	1	-Inf:Inf				1	1	0.3	0.3	
TARM1,CBS	1,3	Prot	7	6	0.85714	0.2	0.35294	value<cut,value>cut	1.369	-0.0623		1	5.7	1	0.755:43.043				1	1	0.35	0.3	
X00000037843,X00000059200	1,3	Prot	6	6	1	0.17048	0.32708	value<cut,value>cut	2.46764	2.81416		1	Inf	1	-Inf:Inf				1	1	0.3	0.3	
LOC701920,A1BG	3,3	Prot	6	6	1	0.17143	0.33808	value>cut,value>cut	5.5238	-1.44232		1	Inf	1	-Inf:Inf				1	1	0.3	0.3	
CBS,TRIM16	3,3	Prot	6	6	1	0.17143	0.35294	value>cut,value>cut	-0.0623	-0.9464		1	Inf	1	-Inf:Inf				1	1	0.3	0.3	
X00000037843,KIR3DL0	1,2	Prot	6	6	1	0.17143	0.33402	value<cut,cut<value<cut	2.4673	2.86167	3.656	1	Inf	1	-Inf:Inf				1	1	0.3	0.3	
X00000053274,LTC4S	3,1	Prot	6	6	1	0.17143	0.35294	value>cut,value<cut	1.31457	-0.40033		1	Inf	1	-Inf:Inf				1	1	0.3	0.3	
KIR3DL0,LTC4S	2,1	Prot	6	6	1	0.17143	0.35294	cut<value<cut,value<cut	2.85425	3.7	-0.4186	1	Inf	1	-Inf:Inf				1	1	0.3	0.3	
LILRB1,HCN2	1,2	Prot	7	6	0.85714	0.2	0.35294	value<cut,cut<value<cut	7.255	-2.8193	-2.1949	1	5.7	1	0.755:43.043				1	1	0.35	0.3	
A1BG,THRB	3,1	Prot	7	7	1	0.19317	0.37915	value>cut,value<cut	-1.4146	-4.87432		1	Inf	1	-Inf:Inf				1	1	0.35	0.35	
LILRB1,A1BG	1,3	Prot	7	7	1	0.18955	0.36463	value<cut,value>cut	7.29283	-1.43665		1	Inf	1	-Inf:Inf				1	1	0.35	0.35	
KIR3DL0,LAMC1	2,2	Prot	6	6	1	0.17143	0.35294	cut<value<cut,cut<value<cut	2.9505	3.7	0.903	1	Inf	1	-Inf:Inf			1.8291	1	1	0.3	0.3	
FABP5,X00000037843	2,1	Prot	6	6	1	0.17064	0.33173	cut<value<cut,value<cut	1.99295	2.45695	2.47008	1	Inf	1	-Inf:Inf				1	1	0.3	0.3	
TMEM38A,LOC114669850	2,2	NonProt	6	6	0.92857	0.18571	0.33333	cut<value<cut,cut<value<cut	2.74925	3.15075	-0.0248	1	Inf	1	-Inf:Inf			1.51495	1	1	0.31579	0.31579	
X00000059200,X00000064369	1,1	NonProt	6	6	1	0.17798	0.36816	value<cut,value<cut	-0.42692	2.57567		1	Inf	1	-Inf:Inf				1	1	0.31579	0.31579	
FABP5,LOC702786	3,2	NonProt	6	6	1	0.17738	0.36806	value>cut,cut<value<cut	2.5016	-5.02065	-1.90228	1	Inf	1	-Inf:Inf				1	1	0.31579	0.31579	
KRTAP29.1,HCN2	2,3	NonProt	6	6	1	0.18095	0.36206	cut<value<cut,value>cut	-4.98058	-1.7825	-2.13925	1	Inf	1	-Inf:Inf				1	1	0.31579	0.31579	
X00000059200,ZNF576	1,1	NonProt	6	6	1	0.17143	0.35417	value<cut,value<cut	-0.4139	3.741		1	Inf	1	-Inf:Inf				1	1	0.31579	0.31579	
VSTM1,TRIM16	1,3	Prot	7	6	0.90476	0.19048	0.34056	value<cut,value>cut	4.4315	-0.98153		1	5.7	1	0.755:43.043				1	1	0.35	0.3	
X00000059200,KRTAP29.1	3,3	Prot	7	6	0.86012	0.2037	0.3368	value>cut,value>cut	2.79133	-1.70158		1	5.7	1	0.755:43.043				1	1	0.35	0.3	
A1BG,ZNF576	2,1	NonProt	7	6	0.85714	0.2	0.33987	cut<value<cut,value<cut	-1.9115	-1.4275	3.74767	1	6.31578947368421	1	0.836:47.694				1	1	0.36842	0.31579	
TARM1,ESR1	3,1	NonProt	7	6	0.85714	0.2	0.33333	value>cut,value<cut	1.9697	0.6029		1	6.31578947368421	1	0.836:47.694				1	1	0.36842	0.31579	
DLK1,X00000059995	3,1	NonProt	6	6	1	0.17143	0.34314	value>cut,value<cut	-0.0066	-0.44865		1	Inf	1	-Inf:Inf				1	1	0.31579	0.31579	
KRTAP29.1,CTH	2,3	NonProt	7	6	0.94866	0.19286	0.36989	cut<value<cut,value>cut	-4.9885	-1.22756	-0.74224	1	6.31578947368421	1	0.836:47.694				1	1	0.36842	0.31579	
LOC709056,LILRB1	1,3	NonProt	6	6	1	0.17143	0.35376	value<cut,value>cut	-0.427	7.699		1	Inf	1	-Inf:Inf				1	1	0.31579	0.31579	
C5H4orf45,ZNF576	3,1	NonProt	6	6	1	0.17064	0.35417	value>cut,value<cut	1.86053	3.74233		1	Inf	1	-Inf:Inf				1	1	0.31579	0.31579	
X00000037843,TARM1	3,3	NonProt	7	6	0.89286	0.19286	0.34865	value>cut,value>cut	2.8718	2.0257		1	6.31578947368421	1	0.836:47.694				1	1	0.36842	0.31579	
TARM1,SMIM2	3,3	NonProt	8	6	0.86541	0.2131	0.3844	value>cut,value>cut	1.98358	1.01142		1	3.15789473684211	1	0.725:13.762				1	1	0.42105	0.31579	
VSTM1,TARM1	3,3	NonProt	8	6	0.8373	0.2125	0.36428	value>cut,value>cut	5.20675	1.99108		1	3.15789473684211	1	0.725:13.762				1	1	0.42105	0.31579	
KIR3DL0,LTC4S	1,3	NonProt	6	6	1	0.17143	0.33333	value<cut,value>cut	2.9505	0.5971		1	Inf	1	-Inf:Inf				1	1	0.31579	0.31579	
VSTM1,SDK2	3,1	NonProt	6	6	1	0.17143	0.33725	value>cut,value<cut	5.2101	-0.8672		1	Inf	1	-Inf:Inf				1	1	0.31579	0.31579	
KIR3DL0,LOC702786	1,2	NonProt	6	6	1	0.18452	0.37153	value<cut,cut<value<cut	2.85925	-4.9764	-1.35992	1	Inf	1	-Inf:Inf				1	1	0.31579	0.31579	
CFAP70,X00000064369	3,1	NonProt	7	6	0.85714	0.2	0.33987	value>cut,value<cut	2.34737	2.5557		1	6.31578947368421	1	0.836:47.694				1	1	0.36842	0.31579	
LOC709056,C5H4orf45	1,3	NonProt	7	6	0.86071	0.2046	0.37402	value<cut,value>cut	-0.40306	1.74288		1	6.31578947368421	1	0.836:47.694				1	1	0.36842	0.31579	
X00000037843,DLK1	3,3	NonProt	6	6	1	0.17143	0.34722	value>cut,value>cut	2.8294	0.0425		1	Inf	1	-Inf:Inf				1	1	0.31579	0.31579	
STARD8,THRB	3,3	NonProt	7	7	1	0.18776	0.38177	value>cut,value>cut	1.47353	-3.14964		1	Inf	1	-Inf:Inf				1	1	0.36842	0.36842	
X00000037843,STARD8	3,3	NonProt	6	6	1	0.18571	0.38058	value>cut,value>cut	2.87475	1.46377		1	Inf	1	-Inf:Inf				1	1	0.31579	0.31579	
A1BG,X00000059995	2,1	NonProt	6	6	1	0.16905	0.35417	cut<value<cut,value<cut	-2.00925	-1.4227	-0.4414	1	Inf	1	-Inf:Inf				1	1	0.31579	0.31579	
FABP5,ZNF576	3,1	NonProt	6	6	1	0.17798	0.36657	value>cut,value<cut	2.47014	3.7445		1	Inf	1	-Inf:Inf				1	1	0.31579	0.31579	
X00000059200,TMX2	1,1	NonProt	6	6	1	0.17143	0.35417	value<cut,value<cut	-0.4139	2.857		1	Inf	1	-Inf:Inf				1	1	0.31579	0.31579	
LILRB1,X00000060253	3,1	NonProt	6	6	0.95238	0.18095	0.34722	value>cut,value<cut	7.72867	1.18767		1	Inf	1	-Inf:Inf				1	1	0.31579	0.31579	
VSTM1,TMX2	3,1	NonProt	6	6	1	0.17064	0.34355	value>cut,value<cut	5.19367	2.86617		1	Inf	1	-Inf:Inf				1	1	0.31579	0.31579	
CBS,KRTAP29.1	2,2	NonProt	6	6	1	0.17143	0.33333	cut<value<cut,cut<value<cut	-1.861	-0.01145	-5.01425	1	Inf	1	-Inf:Inf			-4.338	1	1	0.31579	0.31579	
X00000059200,LOC702786	3,3	Prot	7	6	0.86071	0.20444	0.33749	value>cut,value>cut	2.7762	-0.97548		1	5.7	1	0.755:43.043				1	1	0.35	0.3	
KIR3DL0,A1BG	2,3	Prot	6	6	1	0.17143	0.35294	cut<value<cut,value>cut	2.9505	3.7	-1.3534	1	Inf	1	-Inf:Inf				1	1	0.3	0.3	
USP31,X00000064369	1,3	Prot	6	6	1	0.18003	0.34606	value<cut,value>cut	0.09577	3.28768		1	Inf	1	-Inf:Inf				1	1	0.3	0.3	
KIR3DL0,LOC702786	2,3	Prot	7	7	0.975	0.19317	0.35978	cut<value<cut,value>cut	2.839	3.6149	-1.4832	1	Inf	1	-Inf:Inf				1	1	0.35	0.35	
TARM1,LTC4S	2,1	Prot	7	6	0.85714	0.19889	0.331	cut<value<cut,value<cut	1.34962	1.98304	-0.40994	1	5.7	1	0.755:43.043				1	1	0.35	0.3	
TMEM38A,LTC4S	1,1	Prot	7	6	0.98438	0.18869	0.36073	value<cut,value<cut	2.77513	-0.44744		1	5.7	1	0.755:43.043				1	1	0.35	0.3	
ESR1,MYH15	3,1	Prot	6	6	1	0.17143	0.34159	value>cut,value<cut	1.07178	-2.31424		1	Inf	1	-Inf:Inf				1	1	0.3	0.3	
X00000053012,SDK2	2,3	Prot	7	6	0.85714	0.2	0.33333	cut<value<cut,value>cut	2.6072	2.8896	0.7789	1	5.7	1	0.755:43.043				1	1	0.35	0.3	
X00000037843,TMX2	1,2	Prot	6	6	1	0.17143	0.32456	value<cut,cut<value<cut	2.4673	2.857	3.24	1	Inf	1	-Inf:Inf				1	1	0.3	0.3	
THRB,X00000060253	1,3	Prot	7	7	0.975	0.19429	0.37042	value<cut,value>cut	-4.85688	2.06112		1	Inf	1	-Inf:Inf				1	1	0.35	0.35	
X00000060253,LAMC1	3,1	Prot	6	6	1	0.17143	0.33333	value>cut,value<cut	2.0932	0.9754		1	Inf	1	-Inf:Inf				1	1	0.3	0.3	
X00000037843,HCN2	1,2	Prot	6	6	1	0.16984	0.31637	value<cut,cut<value<cut	2.46407	-3.0387	-2.1321	1	Inf	1	-Inf:Inf				1	1	0.3	0.3	
X00000037843,LOC709056	2,1	NonProt	7	6	0.85714	0.2	0.35376	cut<value<cut,value<cut	2.4711	2.87923	-0.39487	1	6.31578947368421	1	0.836:47.694				1	1	0.36842	0.31579	
X00000053274,LOC715623	1,1	NonProt	6	6	1	0.16984	0.35376	value<cut,value<cut	-0.3475	-1.80267		1	Inf	1	-Inf:Inf				1	1	0.31579	0.31579	
THRB,X00000058427	1,2	Prot	7	6	0.85714	0.2	0.33333	value<cut,cut<value<cut	-4.8763	1.2056	1.8339	1	5.7	1	0.755:43.043				1	1	0.35	0.3	
X00000053274,STARD8	3,1	Prot	7	6	0.85714	0.2	0.33333	value>cut,value<cut	1.5977	0.6779		1	5.7	1	0.755:43.043				1	1	0.35	0.3	
THRB,HCN2	1,2	Prot	6	6	1	0.17143	0.33333	value<cut,cut<value<cut	-4.8763	-3.1067	-2.0401	1	Inf	1	-Inf:Inf				1	1	0.3	0.3	
LOC709056,C5H4orf45	2,1	Prot	6	6	1	0.17937	0.34728	cut<value<cut,value<cut	-0.39487	0.78023	0.13517	1	Inf	1	-Inf:Inf				1	1	0.3	0.3	
THRB,HEY1	1,1	Prot	6	6	1	0.17857	0.34856	value<cut,value<cut	-4.87242	-1.9763		1	Inf	1	-Inf:Inf				1	1	0.3	0.3	
RBM46,CTH	3,2	Prot	7	6	0.85714	0.2	0.33333	value>cut,cut<value<cut	-0.9358	-1.5624	-0.6032	1	5.7	1	0.755:43.043				1	1	0.35	0.3	
LAMC1,X00000059995	2,3	Prot	7	6	0.85714	0.2	0.33333	cut<value<cut,value>cut	0.9754	1.853	0.6267	1	5.7	1	0.755:43.043				1	1	0.35	0.3	
KRTAP29.1,C5H4orf45	3,1	Prot	6	6	1	0.17143	0.32456	value>cut,value<cut	0.31275	0.1759		1	Inf	1	-Inf:Inf				1	1	0.3	0.3	
VSTM1,KRTAP29.1	1,3	Prot	6	6	1	0.17024	0.3299	value<cut,value>cut	4.31225	0.375		1	Inf	1	-Inf:Inf				1	1	0.3	0.3	
X00000064715,X00000059995	3,3	Prot	6	6	1	0.16905	0.31667	value>cut,value>cut	1.9788	0.6383		1	Inf	1	-Inf:Inf				1	1	0.3	0.3	
VSTM1,MYH15	1,1	Prot	6	6	1	0.17143	0.33385	value<cut,value<cut	4.3465	-2.27085		1	Inf	1	-Inf:Inf				1	1	0.3	0.3	
FABP5,TNNT2	1,1	Prot	7	6	0.92857	0.2	0.36111	value<cut,value<cut	1.98845	-2.3553		1	5.7	1	0.755:43.043				1	1	0.35	0.3	
FABP5,X00000053012	1,3	Prot	6	6	1	0.18003	0.35279	value<cut,value>cut	1.99315	2.86568		1	Inf	1	-Inf:Inf				1	1	0.3	0.3	
LOC719667,CTH	3,3	NonProt	7	6	0.8869	0.20847	0.39018	value>cut,value>cut	4.97058	-0.82883		1	6.31578947368421	1	0.836:47.694				1	1	0.36842	0.31579	
TMEM38A,LOC702786	3,2	NonProt	7	6	0.85714	0.2	0.35294	value>cut,cut<value<cut	3.2235	-4.9522	-0.37435	1	6.31578947368421	1	0.836:47.694				1	1	0.36842	0.31579	
FABP5,X00000060146	3,3	NonProt	6	6	0.92857	0.18571	0.36397	value>cut,value>cut	2.5097	-2.86625		1	Inf	1	-Inf:Inf				1	1	0.31579	0.31579	
LOC719667,KRTAP29.1	3,2	NonProt	6	6	1	0.17143	0.35376	value>cut,cut<value<cut	4.987	-4.9425	0.85983	1	Inf	1	-Inf:Inf				1	1	0.31579	0.31579	
X00000064313,KRTAP29.1	1,2	NonProt	6	6	1	0.17143	0.36397	value<cut,cut<value<cut	-2.6169	-5.01225	-1.204	1	Inf	1	-Inf:Inf				1	1	0.31579	0.31579	
X00000053012,TRIM16	1,1	NonProt	6	6	1	0.17143	0.35294	value<cut,value<cut	2.6072	-1.628		1	Inf	1	-Inf:Inf				1	1	0.31579	0.31579	
DLK1,LOC702786	3,2	NonProt	6	6	0.92857	0.18571	0.36397	value>cut,cut<value<cut	-0.1299	-4.917	-0.37435	1	Inf	1	-Inf:Inf				1	1	0.31579	0.31579	
LILRB1,LOC702786	3,2	NonProt	6	6	1	0.17064	0.3607	value>cut,cut<value<cut	7.73783	-4.94847	-0.54677	1	Inf	1	-Inf:Inf				1	1	0.31579	0.31579	
LOC702786,CTH	2,3	NonProt	7	6	0.94133	0.19184	0.36718	cut<value<cut,value>cut	-4.9591	-1.15204	-0.74399	1	6.31578947368421	1	0.836:47.694				1	1	0.36842	0.31579	
LOC702786,C5H4orf45	2,3	NonProt	6	6	1	0.17143	0.35294	cut<value<cut,value>cut	-4.9522	-0.9418	1.5752	1	Inf	1	-Inf:Inf				1	1	0.31579	0.31579	
TNNT2,TMX2	1,2	Prot	7	6	0.85714	0.2	0.33333	value<cut,cut<value<cut	-2.361	2.857	3.24	1	5.7	1	0.755:43.043				1	1	0.35	0.3	
F2RL3,LTC4S	1,1	Prot	7	6	0.85714	0.2	0.33333	value<cut,value<cut	-3.3308	-0.2908		1	5.7	1	0.755:43.043				1	1	0.35	0.3	
X00000053012,LTC4S	3,1	Prot	6	6	1	0.17143	0.33875	value>cut,value<cut	2.87615	-0.40035		1	Inf	1	-Inf:Inf				1	1	0.3	0.3	
TNNT2,LOC701920	1,2	Prot	6	6	1	0.17143	0.34314	value<cut,cut<value<cut	-2.361	5.2565	5.4955	1	Inf	1	-Inf:Inf				1	1	0.3	0.3	
LOC719667,USP31	2,1	Prot	6	6	1	0.17143	0.33987	cut<value<cut,value<cut	3.95933	4.972	0.1246	1	Inf	1	-Inf:Inf				1	1	0.3	0.3	
F2RL3,C5H4orf45	1,1	Prot	6	6	1	0.17143	0.32456	value<cut,value<cut	-3.4174	0.25165		1	Inf	1	-Inf:Inf				1	1	0.3	0.3	
VSTM1,F2RL3	1,1	Prot	6	6	1	0.17959	0.35218	value<cut,value<cut	4.38957	-3.75299		1	Inf	1	-Inf:Inf				1	1	0.3	0.3	
TNNT2,C5H4orf45	1,1	Prot	6	6	1	0.17143	0.33333	value<cut,value<cut	-2.361	0.1759		1	Inf	1	-Inf:Inf				1	1	0.3	0.3	
F2RL3,DLK1	1,2	Prot	6	6	0.92857	0.18571	0.34314	value<cut,cut<value<cut	-3.3308	-1.88425	-0.0066	1	Inf	1	-Inf:Inf				1	1	0.3	0.3	
USP31,ZNF576	1,3	Prot	6	6	0.92857	0.18294	0.31667	value<cut,value>cut	0.06835	3.94175		1	Inf	1	-Inf:Inf				1	1	0.3	0.3	
VSTM1,ZNF576	1,3	Prot	6	6	1	0.17143	0.33402	value<cut,value>cut	4.3465	3.945		1	Inf	1	-Inf:Inf				1	1	0.3	0.3	
X00000037843,SMIM2	1,1	Prot	6	6	1	0.17143	0.33729	value<cut,value<cut	2.4736	-0.2696		1	Inf	1	-Inf:Inf				1	1	0.3	0.3	
LOC719667,TNNT2	2,1	Prot	6	6	1	0.17143	0.33333	cut<value<cut,value<cut	3.995	4.964	-2.361	1	Inf	1	-Inf:Inf				1	1	0.3	0.3	
RBM46,LOC709056	3,2	Prot	6	6	1	0.17143	0.34314	value>cut,cut<value<cut	-1.00085	-0.3788	0.8126	1	Inf	1	-Inf:Inf				1	1	0.3	0.3	
ESR1,USP31	3,1	Prot	6	6	1	0.17024	0.32552	value>cut,value<cut	1.05385	0.13258		1	Inf	1	-Inf:Inf				1	1	0.3	0.3	
TMX2,X00000053012	3,2	Prot	6	6	1	0.18191	0.34521	value>cut,cut<value<cut	3.2406	2.59224	2.87166	1	Inf	1	-Inf:Inf				1	1	0.3	0.3	
USP31,LAMC1	1,2	Prot	6	6	1	0.17143	0.32164	value<cut,cut<value<cut	0.0609	0.94073	1.83707	1	Inf	1	-Inf:Inf				1	1	0.3	0.3	
FABP5,USP31	1,1	Prot	6	6	1	0.17143	0.34314	value<cut,value<cut	1.98845	0.21915		1	Inf	1	-Inf:Inf				1	1	0.3	0.3	
TMEM38A,KRTAP29.1	3,2	NonProt	7	6	0.90476	0.19048	0.34641	value>cut,cut<value<cut	3.224	-5.00567	-1.2375	1	6.31578947368421	1	0.836:47.694				1	1	0.36842	0.31579	
DLK1,KRTAP29.1	3,2	NonProt	6	6	0.92857	0.18571	0.36397	value>cut,cut<value<cut	-0.1299	-4.97275	0.31275	1	Inf	1	-Inf:Inf				1	1	0.31579	0.31579	
F2RL3,DLK1	3,3	NonProt	6	6	1	0.17048	0.34951	value>cut,value>cut	-1.75826	-0.0399		1	Inf	1	-Inf:Inf				1	1	0.31579	0.31579	
LOC701920,X00000064313	1,1	NonProt	7	7	1	0.19429	0.396	value<cut,value<cut	5.2619	-2.65678		1	Inf	1	-Inf:Inf				1	1	0.36842	0.36842	
LILRB1,KRTAP29.1	3,2	NonProt	6	6	1	0.17024	0.35907	value>cut,cut<value<cut	7.74688	-4.999	-1.198	1	Inf	1	-Inf:Inf				1	1	0.31579	0.31579	
X00000059995,MAOA	3,2	Prot	7	6	0.85714	0.2	0.33333	value>cut,cut<value<cut	0.6267	0.2151	0.6635	1	5.7	1	0.755:43.043				1	1	0.35	0.3	
DLK1,LTC4S	1,1	Prot	6	6	1	0.17143	0.34314	value<cut,value<cut	-1.9201	-0.3273		1	Inf	1	-Inf:Inf				1	1	0.3	0.3	
STARD8,SMIM2	3,3	NonProt	6	6	1	0.17143	0.36397	value>cut,value>cut	1.48085	0.96565		1	Inf	1	-Inf:Inf				1	1	0.31579	0.31579	
STARD8,LOC114669850	3,1	NonProt	6	6	1	0.18571	0.38269	value>cut,value<cut	1.4746	-0.16588		1	Inf	1	-Inf:Inf				1	1	0.31579	0.31579	
STARD8,HCN2	3,3	NonProt	6	6	1	0.17143	0.34951	value>cut,value>cut	1.4761	-2.1214		1	Inf	1	-Inf:Inf				1	1	0.31579	0.31579	
FABP5,TRIM16	1,2	Prot	7	6	0.85714	0.2	0.33333	value<cut,cut<value<cut	1.991	-1.628	-0.9268	1	5.7	1	0.755:43.043				1	1	0.35	0.3	
TMX2,A1BG	3,3	Prot	7	7	0.89286	0.21032	0.36739	value>cut,value>cut	3.2416	-1.44232		1	Inf	1	-Inf:Inf				1	1	0.35	0.35	
X00000053274,TNNT2	3,1	Prot	6	6	0.92857	0.18571	0.33333	value>cut,value<cut	1.5977	-2.3553		1	Inf	1	-Inf:Inf				1	1	0.3	0.3	
TMX2,F2RL3	3,1	Prot	6	6	1	0.17064	0.3252	value>cut,value<cut	3.241	-3.94278		1	Inf	1	-Inf:Inf				1	1	0.3	0.3	
TMEM38A,DLK1	1,1	Prot	7	6	0.90476	0.18889	0.32876	value<cut,value<cut	2.7665	-1.9323		1	5.7	1	0.755:43.043				1	1	0.35	0.3	
FABP5,MYH15	1,1	Prot	6	6	1	0.18095	0.36601	value<cut,value<cut	1.99187	-2.31273		1	Inf	1	-Inf:Inf				1	1	0.3	0.3	
KRTAP29.1,SDK2	2,1	NonProt	8	6	0.86607	0.21429	0.38235	cut<value<cut,value<cut	-4.997	0.31275	-0.8912	1	3.15789473684211	1	0.725:13.762				1	1	0.42105	0.31579	
X00000064715,X00000058427	1,3	NonProt	7	6	0.85714	0.2	0.36397	value<cut,value>cut	-0.026	1.83405		1	6.31578947368421	1	0.836:47.694				1	1	0.36842	0.31579	
LOC702786,SMIM2	2,3	NonProt	6	6	0.92857	0.18571	0.35907	cut<value<cut,value>cut	-4.92785	-0.63298	1.03332	1	Inf	1	-Inf:Inf				1	1	0.31579	0.31579	
KRTAP29.1,SMIM2	2,3	NonProt	6	6	0.92857	0.18571	0.34314	cut<value<cut,value>cut	-4.9395	0.31275	1.0064	1	Inf	1	-Inf:Inf				1	1	0.31579	0.31579	
LOC719667,SMIM2	3,3	NonProt	6	6	1	0.18433	0.3894	value>cut,value>cut	4.97912	1.0064		1	Inf	1	-Inf:Inf				1	1	0.31579	0.31579	
SMIM2,HCN2	3,3	NonProt	6	6	1	0.17143	0.35294	value>cut,value>cut	0.9118	-2.0401		1	Inf	1	-Inf:Inf				1	1	0.31579	0.31579	
LOC709056,SMIM2	1,3	NonProt	6	6	1	0.17143	0.35376	value<cut,value>cut	-0.36277	0.9849		1	Inf	1	-Inf:Inf				1	1	0.31579	0.31579	
X00000037843,HCN2	3,3	NonProt	7	6	0.85714	0.2	0.35294	value>cut,value>cut	2.8764	-2.0401		1	6.31578947368421	1	0.836:47.694				1	1	0.36842	0.31579	
VSTM1,LOC114669850	2,1	NonProt	8	7	0.86905	0.21905	0.39311	cut<value<cut,value<cut	4.3465	5.21217	-0.1699	1	7.36842105263158	1	0.998:54.391				1	1	0.42105	0.36842	
TMX2,THRB	1,3	NonProt	6	6	1	0.17143	0.36029	value<cut,value>cut	2.87067	-3.0807		1	Inf	1	-Inf:Inf				1	1	0.31579	0.31579	
TMX2,USP31	1,3	NonProt	6	6	1	0.17143	0.35294	value<cut,value>cut	2.857	0.6409		1	Inf	1	-Inf:Inf				1	1	0.31579	0.31579	
VSTM1,LOC709056	1,3	Prot	7	6	0.85714	0.2	0.33333	value<cut,value>cut	4.3465	0.8126		1	5.7	1	0.755:43.043				1	1	0.35	0.3	
X00000064313,MYH15	1,1	Prot	7	6	0.85714	0.2	0.33333	value<cut,value<cut	-2.494	-2.2252		1	5.7	1	0.755:43.043				1	1	0.35	0.3	
ESR1,HCN2	2,2	Prot	7	6	0.85714	0.2	0.33333	cut<value<cut,cut<value<cut	0.5914	1.041	-3.1067	1	5.7	1	0.755:43.043			-2.0401	1	1	0.35	0.3	
X00000053012,HCN2	1,3	NonProt	7	6	0.85714	0.2	0.35294	value<cut,value>cut	2.6072	-2.0401		1	6.31578947368421	1	0.836:47.694				1	1	0.36842	0.31579	
X00000053012,SMIM2	1,3	NonProt	6	6	1	0.16905	0.36397	value<cut,value>cut	2.6072	0.9118		1	Inf	1	-Inf:Inf				1	1	0.31579	0.31579	
STARD8,DLK1	3,3	NonProt	6	6	1	0.17143	0.35084	value>cut,value>cut	1.46817	0.03476		1	Inf	1	-Inf:Inf				1	1	0.31579	0.31579	
VSTM1,HCN2	1,1	Prot	6	6	1	0.17857	0.35346	value<cut,value<cut	4.32938	-2.94885		1	Inf	1	-Inf:Inf				1	1	0.3	0.3	
FABP5,CFAP70	1,2	Prot	6	6	1	0.16984	0.31637	value<cut,cut<value<cut	1.99187	0.1011	2.23473	1	Inf	1	-Inf:Inf				1	1	0.3	0.3	
MYH15,ZNF576	1,3	Prot	6	6	1	0.17143	0.34314	value<cut,value>cut	-2.29085	3.945		1	Inf	1	-Inf:Inf				1	1	0.3	0.3	
FABP5,C5H4orf45	1,1	Prot	6	6	1	0.17143	0.33402	value<cut,value<cut	1.9876	0.21843		1	Inf	1	-Inf:Inf				1	1	0.3	0.3	
LOC709056,LTC4S	3,1	Prot	6	6	1	0.17143	0.33333	value>cut,value<cut	0.8126	-0.2908		1	Inf	1	-Inf:Inf				1	1	0.3	0.3	
X00000053012,ESR1	2,2	Prot	7	6	0.85714	0.2	0.33333	cut<value<cut,cut<value<cut	2.6072	2.8896	0.5914	1	5.7	1	0.755:43.043			1.041	1	1	0.35	0.3	
LOC702786,C5H4orf45	3,1	Prot	6	6	1	0.17143	0.33385	value>cut,value<cut	-0.09062	0.21378		1	Inf	1	-Inf:Inf				1	1	0.3	0.3	
VSTM1,LOC702786	1,3	Prot	6	6	0.97143	0.17619	0.32708	value<cut,value>cut	4.3446	-0.26086		1	Inf	1	-Inf:Inf				1	1	0.3	0.3	
VSTM1,X00000056965	3,1	NonProt	6	6	0.92857	0.18571	0.34314	value>cut,value<cut	5.1675	-3.3614		1	Inf	1	-Inf:Inf				1	1	0.31579	0.31579	
FABP5,USP31	3,2	NonProt	6	6	1	0.1754	0.36302	value>cut,cut<value<cut	2.46235	0.13557	0.70242	1	Inf	1	-Inf:Inf				1	1	0.31579	0.31579	
ZNF576,X00000056965	1,1	NonProt	6	6	1	0.16905	0.36397	value<cut,value<cut	3.741	-3.4086		1	Inf	1	-Inf:Inf				1	1	0.31579	0.31579	
TMX2,X00000058427	1,3	NonProt	6	6	1	0.17143	0.36397	value<cut,value>cut	2.8775	1.81625		1	Inf	1	-Inf:Inf				1	1	0.31579	0.31579	
TNNT2,X00000064369	1,3	Prot	6	6	1	0.17143	0.34314	value<cut,value>cut	-2.3553	3.3376		1	Inf	1	-Inf:Inf				1	1	0.3	0.3	
X00000064715,X00000064369	3,3	Prot	7	6	0.96875	0.19127	0.347	value>cut,value>cut	2.00528	3.28717		1	5.7	1	0.755:43.043				1	1	0.35	0.3	
X00000053274,USP31	3,1	Prot	6	6	1	0.17143	0.33987	value>cut,value<cut	1.5977	0.18393		1	Inf	1	-Inf:Inf				1	1	0.3	0.3	
USP31,X00000056965	1,2	Prot	6	6	1	0.17714	0.34819	value<cut,cut<value<cut	0.1021	-3.4341	-2.02892	1	Inf	1	-Inf:Inf				1	1	0.3	0.3	
X00000037843,X00000060253	1,3	Prot	7	6	0.90179	0.20714	0.37663	value<cut,value>cut	2.47585	2.05002		1	5.7	1	0.755:43.043				1	1	0.35	0.3	
TARM1,KRTAP29.1	3,2	NonProt	7	6	0.85714	0.19815	0.36765	value>cut,cut<value<cut	1.98717	-4.991	-0.15133	1	6.31578947368421	1	0.836:47.694				1	1	0.36842	0.31579	
FABP5,SDK2	3,2	NonProt	6	6	1	0.17143	0.34865	value>cut,cut<value<cut	2.46235	-0.99625	0.6044	1	Inf	1	-Inf:Inf				1	1	0.31579	0.31579	
LOC715623,ZNF576	1,1	NonProt	7	6	0.85714	0.19815	0.36765	value<cut,value<cut	-1.77283	3.741		1	6.31578947368421	1	0.836:47.694				1	1	0.36842	0.31579	
TARM1,LOC702786	3,2	NonProt	7	6	0.90476	0.19048	0.36029	value>cut,cut<value<cut	2.01607	-4.92873	-0.1852	1	6.31578947368421	1	0.836:47.694				1	1	0.36842	0.31579	
LOC715623,LAMC1	1,3	NonProt	7	6	0.86225	0.20726	0.37366	value<cut,value>cut	-1.74316	1.76459		1	6.31578947368421	1	0.836:47.694				1	1	0.36842	0.31579	
LOC709056,X00000056965	1,1	NonProt	6	6	0.97143	0.17619	0.35784	value<cut,value<cut	-0.40306	-3.4341		1	Inf	1	-Inf:Inf				1	1	0.31579	0.31579	
LOC715623,X00000064369	1,1	NonProt	6	6	1	0.16984	0.35376	value<cut,value<cut	-1.80267	2.6045		1	Inf	1	-Inf:Inf				1	1	0.31579	0.31579	
X00000037843,THRB	3,3	NonProt	7	6	0.85714	0.2	0.35907	value>cut,value>cut	2.96835	-3.1655		1	6.31578947368421	1	0.836:47.694				1	1	0.36842	0.31579	
LOC719667,ZNF576	3,1	NonProt	7	6	0.88571	0.19317	0.36225	value>cut,value<cut	4.9671	3.745		1	6.31578947368421	1	0.836:47.694				1	1	0.36842	0.31579	
F2RL3,USP31	3,3	NonProt	7	6	0.91071	0.2	0.37337	value>cut,value>cut	-1.7442	0.68083		1	6.31578947368421	1	0.836:47.694				1	1	0.36842	0.31579	
TMX2,SDK2	1,2	NonProt	6	6	1	0.17143	0.35294	value<cut,cut<value<cut	2.857	-0.8912	0.7789	1	Inf	1	-Inf:Inf				1	1	0.31579	0.31579	
X00000060146,HEY1	1,1	Prot	7	6	0.90476	0.19048	0.33987	value<cut,value<cut	-4.8295	-2.0012		1	5.7	1	0.755:43.043				1	1	0.35	0.3	
LOC709056,HEY1	2,1	Prot	7	6	0.85714	0.2	0.33333	cut<value<cut,value<cut	-0.4036	0.8126	-2.02	1	5.7	1	0.755:43.043				1	1	0.35	0.3	
X00000037843,TNNT2	1,1	Prot	6	6	1	0.17083	0.33213	value<cut,value<cut	2.47224	-2.41846		1	Inf	1	-Inf:Inf				1	1	0.3	0.3	
FABP5,DLK1	1,1	Prot	6	6	1	0.16984	0.32876	value<cut,value<cut	1.99613	-1.9323		1	Inf	1	-Inf:Inf				1	1	0.3	0.3	
X00000058729	3	Prot	11	10	0.90909	0.31429	0.52632	value>cut	-2.5992			1	9.5	1	1.342:67.267				1	1	0.55	0.5	
SDK2	3	Prot	11	10	0.90909	0.31429	0.52632	value>cut	0.4804			1	9.5	1	1.342:67.267				1	1	0.55	0.5	
X00000053274,SDK2	2,3	Prot	6	6	1	0.17143	0.31579	cut<value<cut,value>cut	-0.2752	1.7252	0.4804	1	Inf	1	-Inf:Inf				1	1	0.3	0.3	
X00000064715,X00000058427	3,2	Prot	6	6	0.92857	0.18571	0.33437	value>cut,cut<value<cut	1.9057	1.24995	1.8448	1	Inf	1	-Inf:Inf				1	1	0.3	0.3	
LOC701920,SDK2	3,3	Prot	6	6	1	0.17143	0.31579	value>cut,value>cut	5.486	0.4804		1	Inf	1	-Inf:Inf				1	1	0.3	0.3	
X00000059200,KIR3DL0	3,2	Prot	6	6	0.95238	0.17937	0.31053	value>cut,cut<value<cut	2.79883	2.82883	3.634	1	Inf	1	-Inf:Inf				1	1	0.3	0.3	
STARD8,X00000064369	2,3	Prot	6	6	1	0.17143	0.31579	cut<value<cut,value>cut	0.6394	1.48085	3.3515	1	Inf	1	-Inf:Inf				1	1	0.3	0.3	
LOC702786,LTC4S	2,3	NonProt	9	8	0.85347	0.24841	0.44833	cut<value<cut,value>cut	-4.92785	-0.09063	0.59275	1	8.42105263157895	1	1.161:61.099				1	1	0.47368	0.42105	
X00000053274,X00000059200	1,1	NonProt	6	6	0.95238	0.17937	0.36111	value<cut,value<cut	-0.41087	-0.4353		1	Inf	1	-Inf:Inf				1	1	0.31579	0.31579	
DLK1,ZNF576	2,2	Prot	7	7	1	0.19889	0.3895	cut<value<cut,cut<value<cut	-1.85644	-0.0195	3.7466	1	Inf	1	-Inf:Inf			3.9411	1	1	0.35	0.35	
THRB,X00000056965	2,2	Prot	7	6	0.85714	0.2	0.31579	cut<value<cut,cut<value<cut	-4.8418	-3.1655	-3.4706	1	5.7	1	0.755:43.043			-1.9257	1	1	0.35	0.3	
ESR1,C5H4orf45	3,1	Prot	6	6	1	0.17143	0.33437	value>cut,value<cut	1.04425	0.1759		1	Inf	1	-Inf:Inf				1	1	0.3	0.3	
LOC701920,MYH15	2,1	Prot	6	6	1	0.18571	0.3421	cut<value<cut,value<cut	5.2505	5.5265	-2.3565	1	Inf	1	-Inf:Inf				1	1	0.3	0.3	
C5H4orf45,TRIM16	1,3	Prot	6	6	0.92857	0.18571	0.31579	value<cut,value>cut	0.25165	-0.9464		1	Inf	1	-Inf:Inf				1	1	0.3	0.3	
TRIM16,LOC114669850	2,1	NonProt	7	6	0.85714	0.2	0.375	cut<value<cut,value<cut	-1.6451	-0.9464	-0.0248	1	6.31578947368421	1	0.836:47.694				1	1	0.36842	0.31579	
VSTM1,ZNF576	2,1	NonProt	7	6	0.85714	0.2	0.375	cut<value<cut,value<cut	4.474	5.2235	3.741	1	6.31578947368421	1	0.836:47.694				1	1	0.36842	0.31579	
X00000064369,ZNF576	1,1	NonProt	6	6	1	0.16984	0.375	value<cut,value<cut	2.5624	3.741		1	Inf	1	-Inf:Inf				1	1	0.31579	0.31579	
FABP5,X00000058729	3,2	NonProt	6	6	1	0.17143	0.35417	value>cut,cut<value<cut	2.415	-4.72285	-2.5258	1	Inf	1	-Inf:Inf				1	1	0.31579	0.31579	
LOC719667,STARD8	2,2	Prot	7	6	0.85714	0.2	0.31579	cut<value<cut,cut<value<cut	4.2055	4.964	0.6394	1	5.7	1	0.755:43.043			1.4671	1	1	0.35	0.3	
TARM1,X00000059995	1,2	Prot	7	6	0.85714	0.2	0.31579	value<cut,cut<value<cut	1.369	-0.3992	0.6708	1	5.7	1	0.755:43.043				1	1	0.35	0.3	
LOC719667,F2RL3	2,2	Prot	7	6	0.85714	0.2	0.31579	cut<value<cut,cut<value<cut	4.2055	4.964	-4.2261	1	5.7	1	0.755:43.043			-1.9341	1	1	0.35	0.3	
F2RL3,TARM1	2,1	Prot	6	6	1	0.17143	0.31579	cut<value<cut,value<cut	-4.2261	-1.9341	1.369	1	Inf	1	-Inf:Inf				1	1	0.3	0.3	
SMIM2,X00000060253	1,3	Prot	6	6	1	0.17143	0.31579	value<cut,value>cut	-0.2444	2.0577		1	Inf	1	-Inf:Inf				1	1	0.3	0.3	
X00000053274,X00000058729	2,3	Prot	6	6	1	0.17143	0.31579	cut<value<cut,value>cut	-0.2752	1.7252	-2.5992	1	Inf	1	-Inf:Inf				1	1	0.3	0.3	
LOC702786,X00000058729	3,3	Prot	6	6	1	0.17143	0.31579	value>cut,value>cut	0.1931	-2.5992		1	Inf	1	-Inf:Inf				1	1	0.3	0.3	
KRTAP29.1,X00000058729	3,3	Prot	6	6	1	0.17143	0.31579	value>cut,value>cut	1.954	-2.5992		1	Inf	1	-Inf:Inf				1	1	0.3	0.3	
SMIM2,X00000058729	1,3	Prot	6	6	1	0.17143	0.31579	value<cut,value>cut	-0.2444	-2.5992		1	Inf	1	-Inf:Inf				1	1	0.3	0.3	
X00000058729,X00000058427	3,1	Prot	6	6	1	0.17143	0.31579	value>cut,value<cut	-2.436	1.2264		1	Inf	1	-Inf:Inf				1	1	0.3	0.3	
TARM1,X00000053012	1,3	Prot	6	6	1	0.17143	0.31579	value<cut,value>cut	1.369	2.8597		1	Inf	1	-Inf:Inf				1	1	0.3	0.3	
LOC709056,MAOA	2,1	Prot	6	6	1	0.17143	0.33402	cut<value<cut,value<cut	-0.427	0.6827	0.25553	1	Inf	1	-Inf:Inf				1	1	0.3	0.3	
LOC702786,X00000058427	1,2	Prot	6	6	1	0.17143	0.31579	value<cut,cut<value<cut	-4.8818	1.211	1.8342	1	Inf	1	-Inf:Inf				1	1	0.3	0.3	
TARM1,SDK2	1,3	Prot	6	6	1	0.17143	0.31579	value<cut,value>cut	1.369	0.4804		1	Inf	1	-Inf:Inf				1	1	0.3	0.3	
X00000053274,STARD8	2,2	Prot	6	6	1	0.17143	0.31579	cut<value<cut,cut<value<cut	-0.2752	1.7252	0.6394	1	Inf	1	-Inf:Inf			1.4671	1	1	0.3	0.3	
LOC719667,X00000059995	2,2	Prot	6	6	1	0.17143	0.31579	cut<value<cut,cut<value<cut	4.2055	4.964	-0.3992	1	Inf	1	-Inf:Inf			0.6708	1	1	0.3	0.3	
X00000064715,X00000056965	3,2	Prot	6	6	1	0.17143	0.31579	value>cut,cut<value<cut	1.9788	-3.4706	-1.9257	1	Inf	1	-Inf:Inf				1	1	0.3	0.3	
TNNT2,ZNF576	2,2	Prot	6	6	1	0.17143	0.31579	cut<value<cut,cut<value<cut	-2.4981	-0.5648	3.741	1	Inf	1	-Inf:Inf			3.9385	1	1	0.3	0.3	
TMX2,X00000058729	2,3	Prot	6	6	1	0.17143	0.31579	cut<value<cut,value>cut	2.857	3.24	-2.5992	1	Inf	1	-Inf:Inf				1	1	0.3	0.3	
MYH15,SDK2	3,1	NonProt	7	6	0.85714	0.2	0.375	value>cut,value<cut	-1.5334	-1.1013		1	6.31578947368421	1	0.836:47.694				1	1	0.36842	0.31579	
X00000037843,TMX2	3,1	NonProt	6	6	1	0.17143	0.375	value>cut,value<cut	2.999	2.857		1	Inf	1	-Inf:Inf				1	1	0.31579	0.31579	
RBM46,X00000053012	1,1	NonProt	7	6	0.85714	0.2	0.375	value<cut,value<cut	-2.4387	2.5668		1	6.31578947368421	1	0.836:47.694				1	1	0.36842	0.31579	
X00000053012,ESR1	1,1	NonProt	7	6	0.85714	0.2	0.375	value<cut,value<cut	2.5668	0.6029		1	6.31578947368421	1	0.836:47.694				1	1	0.36842	0.31579	
TNNT2,X00000058729	3,2	NonProt	6	6	1	0.17143	0.375	value>cut,cut<value<cut	-0.5648	-4.7414	-2.5992	1	Inf	1	-Inf:Inf				1	1	0.31579	0.31579	
VSTM1,X00000058729	1,3	Prot	6	6	1	0.17143	0.31579	value<cut,value>cut	4.474	-2.5992		1	Inf	1	-Inf:Inf				1	1	0.3	0.3	
ZNF576,MAOA	2,3	Prot	7	6	0.85714	0.2	0.31579	cut<value<cut,value>cut	3.741	3.9385	0.6932	1	5.7	1	0.755:43.043				1	1	0.35	0.3	
HCN2,X00000056965	1,2	Prot	7	6	0.96429	0.19147	0.34189	value<cut,cut<value<cut	-2.93285	-3.47958	-2.07038	1	5.7	1	0.755:43.043				1	1	0.35	0.3	
LOC715623,LAMC1	3,2	Prot	7	6	0.85714	0.2	0.31579	value>cut,cut<value<cut	-0.5711	0.9234	1.8291	1	5.7	1	0.755:43.043				1	1	0.35	0.3	
LOC701920,X00000058729	3,3	Prot	6	6	1	0.17143	0.31579	value>cut,value>cut	5.486	-2.5992		1	Inf	1	-Inf:Inf				1	1	0.3	0.3	
F2RL3,LOC702786	3,2	NonProt	6	6	0.92857	0.18571	0.36397	value>cut,cut<value<cut	-1.93505	-4.917	0.1931	1	Inf	1	-Inf:Inf				1	1	0.31579	0.31579	
LOC702786,X00000058729	2,2	NonProt	6	6	1	0.17143	0.375	cut<value<cut,cut<value<cut	-4.8818	0.1931	-4.7414	1	Inf	1	-Inf:Inf			-2.5992	1	1	0.31579	0.31579	
SDK2,MAOA	2,2	NonProt	6	6	1	0.18571	0.38194	cut<value<cut,cut<value<cut	-1.1013	0.5333	0.2491	1	Inf	1	-Inf:Inf			0.6932	1	1	0.31579	0.31579	
X00000059200,CFAP70	1,3	NonProt	7	6	0.85714	0.2	0.36397	value<cut,value>cut	-0.4174	2.35365		1	6.31578947368421	1	0.836:47.694				1	1	0.36842	0.31579	
X00000053274,SDK2	1,2	NonProt	7	6	0.85714	0.2	0.375	value<cut,cut<value<cut	-0.2752	-1.1013	0.4804	1	6.31578947368421	1	0.836:47.694				1	1	0.36842	0.31579	
A1BG,THRB	1,3	NonProt	7	6	0.85714	0.2	0.375	value<cut,value>cut	-1.9115	-3.1655		1	6.31578947368421	1	0.836:47.694				1	1	0.36842	0.31579	
ESR1,ZNF576	1,1	NonProt	7	6	0.85714	0.2	0.375	value<cut,value<cut	0.57305	3.741		1	6.31578947368421	1	0.836:47.694				1	1	0.36842	0.31579	
STARD8,X00000058427	3,3	NonProt	6	6	1	0.17143	0.35	value>cut,value>cut	1.4761	1.82838		1	Inf	1	-Inf:Inf				1	1	0.31579	0.31579	
LOC114669850,X00000058427	1,3	NonProt	7	6	0.89286	0.19286	0.35417	value<cut,value>cut	-0.29807	1.827		1	6.31578947368421	1	0.836:47.694				1	1	0.36842	0.31579	
X00000058729,X00000059995	2,1	NonProt	6	6	1	0.17143	0.375	cut<value<cut,value<cut	-4.7414	-2.5992	-0.3992	1	Inf	1	-Inf:Inf				1	1	0.31579	0.31579	
DLK1,LTC4S	2,1	Prot	7	6	0.90476	0.19048	0.34056	cut<value<cut,value<cut	-1.814	0.0425	-0.4734	1	5.7	1	0.755:43.043				1	1	0.35	0.3	
LOC701920,F2RL3	3,1	Prot	7	6	0.85714	0.2	0.34056	value>cut,value<cut	5.46933	-3.6888		1	5.7	1	0.755:43.043				1	1	0.35	0.3	
X00000037843,LOC701920	1,3	Prot	7	6	0.85714	0.2	0.33402	value<cut,value>cut	2.4749	5.54		1	5.7	1	0.755:43.043				1	1	0.35	0.3	
X00000064715,LOC709056	3,2	Prot	6	6	1	0.17143	0.31579	value>cut,cut<value<cut	1.9788	-0.427	0.6827	1	Inf	1	-Inf:Inf				1	1	0.3	0.3	
X00000037843,X00000053012	1,3	Prot	7	6	0.89286	0.19861	0.34022	value<cut,value>cut	2.47057	2.86455		1	5.7	1	0.755:43.043				1	1	0.35	0.3	
VSTM1,LOC114669850	1,3	Prot	6	6	1	0.17143	0.32456	value<cut,value>cut	4.41025	1.5684		1	Inf	1	-Inf:Inf				1	1	0.3	0.3	
X00000053012,SDK2	3,3	Prot	6	6	1	0.17143	0.31579	value>cut,value>cut	2.8597	0.4804		1	Inf	1	-Inf:Inf				1	1	0.3	0.3	
LAMC1,CTH	3,3	NonProt	7	6	0.85714	0.2	0.375	value>cut,value>cut	1.8291	-0.8605		1	6.31578947368421	1	0.836:47.694				1	1	0.36842	0.31579	
KIR3DL0,TMX2	1,1	NonProt	6	6	0.92857	0.18571	0.375	value<cut,value<cut	2.768	2.8775		1	Inf	1	-Inf:Inf				1	1	0.31579	0.31579	
LOC715623,LOC702786	1,2	NonProt	6	6	0.92857	0.18571	0.35417	value<cut,cut<value<cut	-1.71275	-4.95235	-1.0762	1	Inf	1	-Inf:Inf				1	1	0.31579	0.31579	
KIR3DL0,X00000058729	2,3	Prot	7	7	1	0.2	0.36842	cut<value<cut,value>cut	2.778	3.634	-2.5992	1	Inf	1	-Inf:Inf				1	1	0.35	0.35	
X00000053012,HCN2	3,1	Prot	6	6	1	0.17857	0.34907	value>cut,value<cut	2.86718	-2.93745		1	Inf	1	-Inf:Inf				1	1	0.3	0.3	
LOC701920,ESR1	2,3	Prot	7	6	0.85714	0.2	0.31579	cut<value<cut,value>cut	5.2445	5.486	1.0667	1	5.7	1	0.755:43.043				1	1	0.35	0.3	
STARD8,X00000059995	2,2	Prot	7	6	0.85714	0.2	0.31579	cut<value<cut,cut<value<cut	0.6394	1.4671	-0.3992	1	5.7	1	0.755:43.043			0.6708	1	1	0.35	0.3	
TMX2,X00000060253	2,3	Prot	6	6	1	0.17143	0.31579	cut<value<cut,value>cut	2.857	3.24	2.0577	1	Inf	1	-Inf:Inf				1	1	0.3	0.3	
TMX2,ZNF576	3,2	Prot	7	6	0.85714	0.2	0.31579	value>cut,cut<value<cut	3.24	3.741	3.9385	1	5.7	1	0.755:43.043				1	1	0.35	0.3	
CBS,X00000053012	3,2	Prot	6	6	0.92857	0.18571	0.33437	value>cut,cut<value<cut	0.11085	2.54525	2.8627	1	Inf	1	-Inf:Inf				1	1	0.3	0.3	
LOC715623,SDK2	3,3	Prot	6	6	1	0.17143	0.31579	value>cut,value>cut	-0.5711	0.4804		1	Inf	1	-Inf:Inf				1	1	0.3	0.3	
KIR3DL0,THRB	1,3	NonProt	6	6	1	0.17143	0.35392	value<cut,value>cut	2.766	-3.07808		1	Inf	1	-Inf:Inf				1	1	0.31579	0.31579	
TARM1,LOC702786	1,1	Prot	7	6	0.85714	0.2	0.31579	value<cut,value<cut	1.369	-4.8818		1	5.7	1	0.755:43.043				1	1	0.35	0.3	
TNNT2,THRB	1,1	Prot	6	6	1	0.17738	0.33012	value<cut,value<cut	-2.46097	-4.86922		1	Inf	1	-Inf:Inf				1	1	0.3	0.3	
VSTM1,SMIM2	1,1	Prot	7	6	0.90476	0.2	0.3581	value<cut,value<cut	4.46983	-0.25617		1	5.7	1	0.755:43.043				1	1	0.35	0.3	
FABP5,F2RL3	2,1	Prot	7	6	0.90476	0.2	0.33918	cut<value<cut,value<cut	1.98293	2.44657	-3.9579	1	5.7	1	0.755:43.043				1	1	0.35	0.3	
C5H4orf45,X00000059995	1,2	Prot	6	6	1	0.17143	0.32817	value<cut,cut<value<cut	0.2264	-0.4009	0.68733	1	Inf	1	-Inf:Inf				1	1	0.3	0.3	
TNNT2,DLK1	1,1	Prot	6	6	1	0.17143	0.31579	value<cut,value<cut	-2.4981	-1.84765		1	Inf	1	-Inf:Inf				1	1	0.3	0.3	
LAMC1,X00000059995	3,1	NonProt	7	6	0.91071	0.2	0.38194	value>cut,value<cut	1.77817	-0.4009		1	6.31578947368421	1	0.836:47.694				1	1	0.36842	0.31579	
X00000053012,LAMC1	1,3	NonProt	7	6	0.85714	0.2	0.35417	value<cut,value>cut	2.55535	1.8291		1	6.31578947368421	1	0.836:47.694				1	1	0.36842	0.31579	
LOC709056,ESR1	1,1	NonProt	6	6	1	0.17143	0.35417	value<cut,value<cut	-0.3905	0.5665		1	Inf	1	-Inf:Inf				1	1	0.31579	0.31579	
LOC709056,LAMC1	1,3	NonProt	6	6	1	0.16984	0.36111	value<cut,value>cut	-0.427	1.80053		1	Inf	1	-Inf:Inf				1	1	0.31579	0.31579	
LOC709056,CBS	1,1	NonProt	7	6	0.85714	0.2	0.375	value<cut,value<cut	-0.427	-1.4791		1	6.31578947368421	1	0.836:47.694				1	1	0.36842	0.31579	
ZNF576,CTH	1,3	NonProt	7	6	0.89286	0.20444	0.38333	value<cut,value>cut	3.745	-0.84348		1	6.31578947368421	1	0.836:47.694				1	1	0.36842	0.31579	
LOC701920,X00000059995	1,1	NonProt	6	6	1	0.17143	0.375	value<cut,value<cut	5.2445	-0.3992		1	Inf	1	-Inf:Inf				1	1	0.31579	0.31579	
LOC709056,X00000058729	1,2	NonProt	6	6	1	0.17143	0.35417	value<cut,cut<value<cut	-0.3905	-4.72285	-2.5258	1	Inf	1	-Inf:Inf				1	1	0.31579	0.31579	
TARM1,THRB	3,3	NonProt	6	6	1	0.17143	0.34722	value>cut,value>cut	2.07967	-3.1655		1	Inf	1	-Inf:Inf				1	1	0.31579	0.31579	
DLK1,THRB	3,3	NonProt	6	6	1	0.17143	0.375	value>cut,value>cut	-0.1047	-3.1655		1	Inf	1	-Inf:Inf				1	1	0.31579	0.31579	
F2RL3,X00000053012	3,1	NonProt	7	6	0.85714	0.19722	0.375	value>cut,value<cut	-1.9713	2.587		1	6.31578947368421	1	0.836:47.694				1	1	0.36842	0.31579	
F2RL3,THRB	3,3	NonProt	6	6	1	0.16905	0.375	value>cut,value>cut	-1.9713	-3.20485		1	Inf	1	-Inf:Inf				1	1	0.31579	0.31579	
X00000059200,LAMC1	1,3	NonProt	6	6	1	0.17143	0.36765	value<cut,value>cut	-0.41623	1.7501		1	Inf	1	-Inf:Inf				1	1	0.31579	0.31579	
X00000053274,VSTM1	1,2	NonProt	7	6	0.85714	0.2	0.375	value<cut,cut<value<cut	-0.2752	4.474	5.2235	1	6.31578947368421	1	0.836:47.694				1	1	0.36842	0.31579	
X00000064715,TRIM16	1,2	NonProt	7	6	0.85714	0.2	0.375	value<cut,cut<value<cut	-0.0845	-1.63655	-0.9464	1	6.31578947368421	1	0.836:47.694				1	1	0.36842	0.31579	
X00000053274,A1BG	1,2	NonProt	7	6	0.91429	0.2	0.36912	value<cut,cut<value<cut	-0.38148	-2.0331	-1.45896	1	6.31578947368421	1	0.836:47.694				1	1	0.36842	0.31579	
LOC701920,F2RL3	1,3	NonProt	6	6	1	0.17143	0.36397	value<cut,value>cut	5.2505	-1.93505		1	Inf	1	-Inf:Inf				1	1	0.31579	0.31579	
STARD8,TMX2	3,1	NonProt	7	6	0.85714	0.2	0.36765	value>cut,value<cut	1.46377	2.88433		1	6.31578947368421	1	0.836:47.694				1	1	0.36842	0.31579	
X00000037843,F2RL3	3,3	NonProt	6	6	1	0.17143	0.375	value>cut,value>cut	2.999	-1.9341		1	Inf	1	-Inf:Inf				1	1	0.31579	0.31579	
F2RL3,CTH	3,3	NonProt	6	6	1	0.17718	0.37469	value>cut,value>cut	-1.85672	-0.87732		1	Inf	1	-Inf:Inf				1	1	0.31579	0.31579	
F2RL3,X00000058729	3,2	NonProt	6	6	1	0.17143	0.375	value>cut,cut<value<cut	-1.9341	-4.7414	-2.5992	1	Inf	1	-Inf:Inf				1	1	0.31579	0.31579	
RBM46,X00000058729	1,2	NonProt	7	6	0.85714	0.2	0.35417	value<cut,cut<value<cut	-2.4628	-4.72285	-2.5258	1	6.31578947368421	1	0.836:47.694				1	1	0.36842	0.31579	
USP31,LTC4S	1,2	Prot	7	6	0.85714	0.2	0.31579	value<cut,cut<value<cut	0.046	-0.4734	0.5971	1	5.7	1	0.755:43.043				1	1	0.35	0.3	
TMEM38A,THRB	1,1	Prot	8	7	0.86905	0.21693	0.35918	value<cut,value<cut	2.756	-4.85537		1	6.65	1	0.901:49.088				1	1	0.4	0.35	
USP31,HCN2	1,1	Prot	7	6	0.85714	0.2	0.31579	value<cut,value<cut	0.046	-2.9027		1	5.7	1	0.755:43.043				1	1	0.35	0.3	
TMX2,X00000059995	2,2	Prot	6	6	0.95238	0.1791	0.31053	cut<value<cut,cut<value<cut	2.88433	3.24	-0.41327	1	Inf	1	-Inf:Inf			0.66383	1	1	0.3	0.3	
HCN2,X00000058427	2,2	Prot	7	6	0.85714	0.2	0.31579	cut<value<cut,cut<value<cut	-2.9027	-2.1352	1.211	1	5.7	1	0.755:43.043			1.8342	1	1	0.35	0.3	
VSTM1,CFAP70	1,2	Prot	7	6	0.85714	0.2	0.31579	value<cut,cut<value<cut	4.474	0.0876	2.3348	1	5.7	1	0.755:43.043				1	1	0.35	0.3	
C5H4orf45,LTC4S	1,1	Prot	6	6	1	0.17143	0.33437	value<cut,value<cut	0.2397	-0.4734		1	Inf	1	-Inf:Inf				1	1	0.3	0.3	
TMX2,ESR1	2,3	Prot	6	6	1	0.17143	0.33437	cut<value<cut,value>cut	2.857	3.241	1.0667	1	Inf	1	-Inf:Inf				1	1	0.3	0.3	
KIR3DL0,CFAP70	2,2	Prot	7	6	0.85714	0.2	0.31579	cut<value<cut,cut<value<cut	2.758	3.634	0.268	1	5.7	1	0.755:43.043			2.3348	1	1	0.35	0.3	
F2RL3,X00000064313	1,2	Prot	6	6	1	0.18571	0.36068	value<cut,cut<value<cut	-3.50675	-2.7398	-1.41075	1	Inf	1	-Inf:Inf				1	1	0.3	0.3	
X00000053274,SMIM2	3,2	Prot	6	6	1	0.16905	0.30789	value>cut,cut<value<cut	1.66145	-0.2864	0.96565	1	Inf	1	-Inf:Inf				1	1	0.3	0.3	
X00000053274,LOC702786	3,3	Prot	6	6	1	0.17024	0.33042	value>cut,value>cut	1.57532	-1.26762		1	Inf	1	-Inf:Inf				1	1	0.3	0.3	
LOC701920,X00000060146	2,1	Prot	7	6	0.85714	0.2	0.31579	cut<value<cut,value<cut	5.2565	5.567	-4.8205	1	5.7	1	0.755:43.043				1	1	0.35	0.3	
LOC701920,KRTAP29.1	2,3	Prot	8	6	0.86607	0.21429	0.35234	cut<value<cut,value>cut	5.2565	5.567	0.43725	1	2.85	1	0.654:12.42				1	1	0.4	0.3	
LOC702786,X00000058427	3,1	Prot	6	6	1	0.16905	0.30789	value>cut,value<cut	-1.45905	1.2264		1	Inf	1	-Inf:Inf				1	1	0.3	0.3	
KIR3DL0,MYH15	2,1	Prot	7	7	1	0.2	0.36842	cut<value<cut,value<cut	2.758	3.634	-2.3565	1	Inf	1	-Inf:Inf				1	1	0.35	0.35	
X00000053274,KRTAP29.1	3,3	Prot	6	6	1	0.17143	0.34056	value>cut,value>cut	1.56787	-1.1545		1	Inf	1	-Inf:Inf				1	1	0.3	0.3	
LOC719667,MYH15	1,1	Prot	6	6	1	0.17143	0.34056	value<cut,value<cut	4.04733	-2.28607		1	Inf	1	-Inf:Inf				1	1	0.3	0.3	
TMEM38A,ZNF576	2,1	NonProt	6	6	1	0.17143	0.35417	cut<value<cut,value<cut	2.74925	3.18375	3.741	1	Inf	1	-Inf:Inf				1	1	0.31579	0.31579	
TMX2,CTH	1,3	NonProt	6	6	0.92857	0.18571	0.35417	value<cut,value>cut	2.87075	-0.8911		1	Inf	1	-Inf:Inf				1	1	0.31579	0.31579	
C5H4orf45,MYH15	3,2	NonProt	6	6	1	0.17143	0.35417	value>cut,cut<value<cut	1.7936	-2.3565	-1.4596	1	Inf	1	-Inf:Inf				1	1	0.31579	0.31579	
TNNT2,STARD8	2,2	Prot	7	6	0.85714	0.2	0.31579	cut<value<cut,cut<value<cut	-2.4981	-1.0211	0.6394	1	5.7	1	0.755:43.043			1.4946	1	1	0.35	0.3	
X00000037843,LAMC1	1,1	Prot	6	6	1	0.17143	0.31579	value<cut,value<cut	2.4709	0.9234		1	Inf	1	-Inf:Inf				1	1	0.3	0.3	
LTC4S,LAMC1	1,1	Prot	6	6	1	0.17143	0.33437	value<cut,value<cut	-0.4734	0.9234		1	Inf	1	-Inf:Inf				1	1	0.3	0.3	
VSTM1,LAMC1	1,1	Prot	6	6	1	0.16984	0.32291	value<cut,value<cut	4.32367	0.9098		1	Inf	1	-Inf:Inf				1	1	0.3	0.3	
X00000037843,CTH	1,1	Prot	7	6	0.85714	0.2	0.33437	value<cut,value<cut	2.4748	-1.4527		1	5.7	1	0.755:43.043				1	1	0.35	0.3	
CTH,X00000058427	1,1	Prot	6	6	1	0.17143	0.31579	value<cut,value<cut	-1.343	1.2418		1	Inf	1	-Inf:Inf				1	1	0.3	0.3	
LILRB1,LOC114669850	1,3	Prot	6	6	1	0.17143	0.31579	value<cut,value>cut	7.3515	1.337		1	Inf	1	-Inf:Inf				1	1	0.3	0.3	
LOC701920,LOC702786	2,3	Prot	8	6	0.86607	0.21429	0.35234	cut<value<cut,value>cut	5.2565	5.567	-0.8916	1	2.85	1	0.654:12.42				1	1	0.4	0.3	
STARD8,LOC702786	2,3	Prot	6	6	1	0.17143	0.31579	cut<value<cut,value>cut	0.6394	1.4946	-1.9763	1	Inf	1	-Inf:Inf				1	1	0.3	0.3	
LOC702786,MYH15	3,1	Prot	7	6	0.975	0.18762	0.35329	value>cut,value<cut	-0.97548	-2.36482		1	5.7	1	0.755:43.043				1	1	0.35	0.3	
LOC701920,CFAP70	1,3	NonProt	7	6	0.85714	0.2	0.375	value<cut,value>cut	5.2565	2.3348		1	6.31578947368421	1	0.836:47.694				1	1	0.36842	0.31579	
LOC701920,A1BG	1,1	NonProt	6	6	1	0.17143	0.35376	value<cut,value<cut	5.2655	-2.11417		1	Inf	1	-Inf:Inf				1	1	0.31579	0.31579	
FABP5,KRTAP29.1	3,2	NonProt	6	6	1	0.16905	0.375	value>cut,cut<value<cut	2.46235	-5.0275	-1.0795	1	Inf	1	-Inf:Inf				1	1	0.31579	0.31579	
LOC701920,THRB	1,3	NonProt	6	6	1	0.17143	0.35417	value<cut,value>cut	5.2565	-3.1655		1	Inf	1	-Inf:Inf				1	1	0.31579	0.31579	
STARD8,CTH	2,2	Prot	6	6	1	0.17143	0.31579	cut<value<cut,cut<value<cut	0.6394	1.4946	-1.343	1	Inf	1	-Inf:Inf			-0.8605	1	1	0.3	0.3	
ZNF576,HCN2	3,1	Prot	6	6	1	0.17143	0.31579	value>cut,value<cut	3.945	-2.9027		1	Inf	1	-Inf:Inf				1	1	0.3	0.3	
STARD8,MYH15	2,1	Prot	7	6	0.89286	0.2	0.35191	cut<value<cut,value<cut	0.67085	1.47835	-2.3565	1	5.7	1	0.755:43.043				1	1	0.35	0.3	
STARD8,THRB	2,1	Prot	6	6	1	0.18571	0.35088	cut<value<cut,value<cut	0.6259	1.4621	-4.86855	1	Inf	1	-Inf:Inf				1	1	0.3	0.3	
STARD8	3	NonProt	11	10	0.90909	0.31429	0.57598	value>cut	1.4686			1	10.5263157894737	1	1.487:74.534				1	1	0.57895	0.52632	
KIR3DL0,USP31	1,3	NonProt	6	6	1	0.17143	0.375	value<cut,value>cut	2.758	0.6723		1	Inf	1	-Inf:Inf				1	1	0.31579	0.31579	
DLK1,USP31	3,3	NonProt	6	6	1	0.17143	0.375	value>cut,value>cut	0.0903	0.6723		1	Inf	1	-Inf:Inf				1	1	0.31579	0.31579	
STARD8,CTH	3,3	NonProt	7	7	1	0.2	0.41319	value>cut,value>cut	1.4621	-0.8911		1	Inf	1	-Inf:Inf				1	1	0.36842	0.36842	
STARD8,A1BG	3,1	NonProt	6	6	1	0.17143	0.35376	value>cut,value<cut	1.47293	-2.11417		1	Inf	1	-Inf:Inf				1	1	0.31579	0.31579	
X00000059200,STARD8	1,3	NonProt	6	6	1	0.17143	0.36397	value<cut,value>cut	-0.4174	1.4621		1	Inf	1	-Inf:Inf				1	1	0.31579	0.31579	
X00000064313,X00000060146	2,1	Prot	8	7	0.875	0.22857	0.36842	cut<value<cut,value<cut	-2.7398	-1.3951	-4.8205	1	6.65	1	0.901:49.088				1	1	0.4	0.35	
TMX2,X00000064313	3,2	Prot	6	6	0.92857	0.18571	0.32456	value>cut,cut<value<cut	3.2415	-2.7398	-1.48395	1	Inf	1	-Inf:Inf				1	1	0.3	0.3	
STARD8,X00000053012	2,3	Prot	8	6	0.86607	0.21429	0.36068	cut<value<cut,value>cut	0.6776	1.4946	2.87765	1	2.85	1	0.654:12.42				1	1	0.4	0.3	
MYH15,LTC4S	1,1	Prot	6	6	0.96429	0.17857	0.34365	value<cut,value<cut	-2.30368	-0.446		1	Inf	1	-Inf:Inf				1	1	0.3	0.3	
THRB,LAMC1	1,1	Prot	6	6	1	0.17143	0.31579	value<cut,value<cut	-4.8608	0.9234		1	Inf	1	-Inf:Inf				1	1	0.3	0.3	
LOC719667,CFAP70	3,3	NonProt	6	6	1	0.17143	0.34865	value>cut,value>cut	4.99925	2.30085		1	Inf	1	-Inf:Inf				1	1	0.31579	0.31579	
KIR3DL0,X00000060253	1,1	NonProt	6	6	0.95238	0.1791	0.36111	value<cut,value<cut	2.82217	1.1706		1	Inf	1	-Inf:Inf				1	1	0.31579	0.31579	
F2RL3,MAOA	1,3	Prot	6	6	1	0.17143	0.33437	value<cut,value>cut	-3.86505	0.69285		1	Inf	1	-Inf:Inf				1	1	0.3	0.3	
VSTM1,X00000056965	1,2	Prot	6	6	1	0.17143	0.33437	value<cut,cut<value<cut	4.3465	-3.4706	-2.1684	1	Inf	1	-Inf:Inf				1	1	0.3	0.3	
VSTM1,X00000064715	1,3	Prot	6	6	1	0.17143	0.33402	value<cut,value>cut	4.3465	2.00067		1	Inf	1	-Inf:Inf				1	1	0.3	0.3	
KIR3DL0,X00000064715	2,3	Prot	6	6	1	0.17143	0.31579	cut<value<cut,value>cut	2.758	3.634	2.0847	1	Inf	1	-Inf:Inf				1	1	0.3	0.3	
ESR1,CTH	1,3	NonProt	6	6	1	0.16905	0.375	value<cut,value>cut	0.57305	-0.916		1	Inf	1	-Inf:Inf				1	1	0.31579	0.31579	
C5H4orf45,ZNF576	1,3	Prot	7	6	0.85714	0.2	0.31579	value<cut,value>cut	0.3274	3.945		1	5.7	1	0.755:43.043				1	1	0.35	0.3	
STARD8,X00000060146	2,1	Prot	7	6	0.85714	0.2	0.31579	cut<value<cut,value<cut	0.6394	1.4946	-4.8205	1	5.7	1	0.755:43.043				1	1	0.35	0.3	
STARD8,LAMC1	2,1	Prot	8	8	1	0.22857	0.42105	cut<value<cut,value<cut	0.6394	1.4946	0.9234	1	Inf	1	-Inf:Inf				1	1	0.4	0.4	
MYH15,X00000059995	1,2	Prot	6	6	1	0.16984	0.32291	value<cut,cut<value<cut	-2.37037	-0.42733	0.65687	1	Inf	1	-Inf:Inf				1	1	0.3	0.3	
CFAP70,X00000060146	1,1	Prot	6	6	1	0.17143	0.31579	value<cut,value<cut	0.268	-4.8205		1	Inf	1	-Inf:Inf				1	1	0.3	0.3	
X00000060146,LTC4S	1,1	Prot	6	6	1	0.17143	0.33437	value<cut,value<cut	-4.825	-0.4734		1	Inf	1	-Inf:Inf				1	1	0.3	0.3	
TNNT2,C5H4orf45	3,2	NonProt	6	6	1	0.17143	0.375	value>cut,cut<value<cut	-1.0211	0.3274	1.5752	1	Inf	1	-Inf:Inf				1	1	0.31579	0.31579	
X00000037843,DLK1	1,1	Prot	6	6	0.92857	0.18571	0.33437	value<cut,value<cut	2.4748	-1.8835		1	Inf	1	-Inf:Inf				1	1	0.3	0.3	
DLK1,C5H4orf45	1,1	Prot	7	6	0.85714	0.2	0.31579	value<cut,value<cut	-1.8835	0.3274		1	5.7	1	0.755:43.043				1	1	0.35	0.3	
C5H4orf45,CTH	1,1	Prot	7	6	0.85714	0.2	0.31579	value<cut,value<cut	0.3274	-1.343		1	5.7	1	0.755:43.043				1	1	0.35	0.3	
TNNT2,LILRB1	1,1	Prot	7	6	0.85714	0.19722	0.30789	value<cut,value<cut	-2.4981	7.316		1	5.7	1	0.755:43.043				1	1	0.35	0.3	
X00000059995,MAOA	2,1	Prot	6	6	0.92857	0.18571	0.33437	cut<value<cut,value<cut	-0.40175	0.6956	0.2737	1	Inf	1	-Inf:Inf				1	1	0.3	0.3	
STARD8,ZNF576	3,1	NonProt	7	6	0.85714	0.2	0.375	value>cut,value<cut	1.4946	3.741		1	6.31578947368421	1	0.836:47.694				1	1	0.36842	0.31579	
FABP5,LILRB1	3,3	NonProt	6	6	1	0.16905	0.375	value>cut,value>cut	2.46235	7.72875		1	Inf	1	-Inf:Inf				1	1	0.31579	0.31579	
STARD8,KRTAP29.1	2,3	Prot	6	6	1	0.17143	0.31579	cut<value<cut,value>cut	0.6394	1.4946	-1.0795	1	Inf	1	-Inf:Inf				1	1	0.3	0.3	
DLK1,X00000060253	1,3	Prot	6	6	0.92857	0.18571	0.33437	value<cut,value>cut	-1.8835	2.06945		1	Inf	1	-Inf:Inf				1	1	0.3	0.3	
STARD8,HEY1	2,1	Prot	6	6	1	0.17143	0.33437	cut<value<cut,value<cut	0.6776	1.4946	-1.9131	1	Inf	1	-Inf:Inf				1	1	0.3	0.3	
C5H4orf45,MYH15	1,1	Prot	6	6	0.92857	0.18571	0.32456	value<cut,value<cut	0.3274	-2.3565		1	Inf	1	-Inf:Inf				1	1	0.3	0.3	
FABP5,STARD8	1,2	Prot	6	6	1	0.16984	0.32291	value<cut,cut<value<cut	1.99147	0.65197	1.4503	1	Inf	1	-Inf:Inf				1	1	0.3	0.3	
LOC701920,LTC4S	3,1	Prot	7	6	0.92857	0.2	0.38235	value>cut,value<cut	5.461	-0.4186		1	5.7	1	0.755:43.043				1	1	0.35	0.3	
LTC4S,X00000060253	1,3	Prot	7	7	1	0.2	0.41176	value<cut,value>cut	-0.4734	2.0158		1	Inf	1	-Inf:Inf				1	1	0.35	0.35	
SDK2,LTC4S	3,1	Prot	6	6	1	0.17143	0.35294	value>cut,value<cut	0.5721	-0.4734		1	Inf	1	-Inf:Inf				1	1	0.3	0.3	
KRTAP29.1,THRB	2,3	NonProt	6	6	1	0.17143	0.33333	cut<value<cut,value>cut	-5.023	-4.338	-3.1655	1	Inf	1	-Inf:Inf				1	1	0.31579	0.31579	
X00000053012,DLK1	2,2	Prot	7	6	0.85714	0.2	0.35294	cut<value<cut,cut<value<cut	2.5237	2.8597	-1.8118	1	5.7	1	0.755:43.043			0.1419	1	1	0.35	0.3	
KRTAP29.1,LOC702786	3,3	Prot	10	9	0.9	0.28571	0.52941	value>cut,value>cut	-4.338	-2.3455		1	8.55	1	1.194:61.202				1	1	0.5	0.45	
X00000060146,HCN2	1,1	Prot	7	6	0.85714	0.2	0.35294	value<cut,value<cut	-4.8295	-2.9027		1	5.7	1	0.755:43.043				1	1	0.35	0.3	
X00000037843,LOC701920	2,1	NonProt	6	6	1	0.17143	0.33333	cut<value<cut,value<cut	2.4787	2.999	5.2565	1	Inf	1	-Inf:Inf				1	1	0.31579	0.31579	
LOC719667,VSTM1	3,3	NonProt	6	6	1	0.17738	0.36254	value>cut,value>cut	4.99113	5.17875		1	Inf	1	-Inf:Inf				1	1	0.31579	0.31579	
LTC4S,X00000059995	2,1	NonProt	7	6	0.85714	0.2	0.33333	cut<value<cut,value<cut	-0.4734	0.5971	-0.4414	1	6.31578947368421	1	0.836:47.694				1	1	0.36842	0.31579	
X00000037843,MAOA	1,1	Prot	7	6	0.92857	0.2	0.38235	value<cut,value<cut	2.4787	0.293		1	5.7	1	0.755:43.043				1	1	0.35	0.3	
TNNT2,LTC4S	1,1	Prot	7	6	0.85714	0.2	0.34641	value<cut,value<cut	-2.3534	-0.4734		1	5.7	1	0.755:43.043				1	1	0.35	0.3	
X00000053012,HEY1	3,1	Prot	7	6	0.90476	0.18862	0.33529	value>cut,value<cut	2.8617	-1.91263		1	5.7	1	0.755:43.043				1	1	0.35	0.3	
THRB,CTH	2,1	Prot	6	6	1	0.17143	0.35294	cut<value<cut,value<cut	-4.8263	-3.1655	-1.3064	1	Inf	1	-Inf:Inf				1	1	0.3	0.3	
THRB,USP31	2,1	Prot	7	6	0.85714	0.2	0.35294	cut<value<cut,value<cut	-4.8263	-3.1655	0.3476	1	5.7	1	0.755:43.043				1	1	0.35	0.3	
TNNT2,ESR1	1,3	Prot	6	6	1	0.17143	0.34641	value<cut,value>cut	-2.38093	1.0671		1	Inf	1	-Inf:Inf				1	1	0.3	0.3	
LOC702786,MYH15	2,3	NonProt	6	6	1	0.17143	0.33333	cut<value<cut,value>cut	-5.0229	-2.3455	-1.588	1	Inf	1	-Inf:Inf				1	1	0.31579	0.31579	
FABP5,TMX2	3,1	NonProt	6	6	1	0.17048	0.34559	value>cut,value<cut	2.43394	2.868		1	Inf	1	-Inf:Inf				1	1	0.31579	0.31579	
THRB	3	NonProt	11	10	0.90909	0.31429	0.55556	value>cut	-3.1655			1	10.5263157894737	1	1.487:74.534				1	1	0.57895	0.52632	
TARM1,X00000056965	3,1	NonProt	6	6	0.92857	0.18571	0.33333	value>cut,value<cut	2.0734	-3.40865		1	Inf	1	-Inf:Inf				1	1	0.31579	0.31579	
X00000060253,HEY1	1,3	NonProt	6	6	1	0.17143	0.33333	value<cut,value>cut	1.0969	-0.8857		1	Inf	1	-Inf:Inf				1	1	0.31579	0.31579	
LOC701920,X00000060146	1,2	NonProt	6	6	1	0.17143	0.33333	value<cut,cut<value<cut	5.2565	-4.8295	-2.92	1	Inf	1	-Inf:Inf				1	1	0.31579	0.31579	
STARD8,SMIM2	3,2	NonProt	6	6	1	0.17143	0.33333	value>cut,cut<value<cut	1.4946	-0.2444	1.1609	1	Inf	1	-Inf:Inf				1	1	0.31579	0.31579	
LOC701920,CFAP70	1,1	NonProt	6	6	1	0.17143	0.33333	value<cut,value<cut	5.2565	0.2276		1	Inf	1	-Inf:Inf				1	1	0.31579	0.31579	
TMEM38A,X00000064369	1,3	Prot	6	6	0.92857	0.18571	0.34314	value<cut,value>cut	2.76725	3.20535		1	Inf	1	-Inf:Inf				1	1	0.3	0.3	
TMEM38A,USP31	1,1	Prot	7	6	0.85714	0.2	0.35294	value<cut,value<cut	2.7335	0.3476		1	5.7	1	0.755:43.043				1	1	0.35	0.3	
TNNT2,TMEM38A	1,1	Prot	6	6	1	0.16984	0.33529	value<cut,value<cut	-2.43043	2.744		1	Inf	1	-Inf:Inf				1	1	0.3	0.3	
TMEM38A,X00000060253	1,3	Prot	6	6	1	0.17143	0.35294	value<cut,value>cut	2.7335	2.0158		1	Inf	1	-Inf:Inf				1	1	0.3	0.3	
X00000064313,X00000059995	3,1	NonProt	7	6	0.85714	0.2	0.33333	value>cut,value<cut	-1.3951	-0.4414		1	6.31578947368421	1	0.836:47.694				1	1	0.36842	0.31579	
CFAP70,X00000060253	1,3	Prot	6	6	0.95238	0.18095	0.35294	value<cut,value>cut	0.0852	2.03563		1	Inf	1	-Inf:Inf				1	1	0.3	0.3	
SDK2,LTC4S	1,3	NonProt	7	6	0.90476	0.19048	0.33987	value<cut,value>cut	-0.811	0.61663		1	6.31578947368421	1	0.836:47.694				1	1	0.36842	0.31579	
KRTAP29.1,LTC4S	2,3	NonProt	9	8	0.88889	0.25714	0.44444	cut<value<cut,value>cut	-5.023	-4.338	0.5971	1	8.42105263157895	1	1.161:61.099				1	1	0.47368	0.42105	
X00000053274,LOC701920	1,1	NonProt	6	6	1	0.17143	0.33987	value<cut,value<cut	-0.41087	5.2655		1	Inf	1	-Inf:Inf				1	1	0.31579	0.31579	
X00000053012,ESR1	1,2	NonProt	6	6	1	0.17143	0.33333	value<cut,cut<value<cut	2.5237	0.5301	1.0667	1	Inf	1	-Inf:Inf				1	1	0.31579	0.31579	
KIR3DL0,LOC114669850	1,1	NonProt	7	6	0.85714	0.2	0.33987	value<cut,value<cut	2.76467	-0.16693		1	6.31578947368421	1	0.836:47.694				1	1	0.36842	0.31579	
X00000053274,THRB	1,3	NonProt	6	6	1	0.1791	0.36806	value<cut,value>cut	-0.45233	-3.13083		1	Inf	1	-Inf:Inf				1	1	0.31579	0.31579	
X00000053274,RBM46	1,1	NonProt	6	6	1	0.17143	0.33333	value<cut,value<cut	-0.4787	-2.4869		1	Inf	1	-Inf:Inf				1	1	0.31579	0.31579	
ZNF576,X00000058729	1,1	NonProt	7	6	0.85714	0.2	0.33333	value<cut,value<cut	3.741	-4.3496		1	6.31578947368421	1	0.836:47.694				1	1	0.36842	0.31579	
TMX2,LAMC1	1,3	NonProt	7	6	0.85714	0.2	0.33333	value<cut,value>cut	2.8435	1.8291		1	6.31578947368421	1	0.836:47.694				1	1	0.36842	0.31579	
X00000053274,TMEM38A	1,2	NonProt	6	6	1	0.17143	0.33333	value<cut,cut<value<cut	-0.3996	2.7335	3.225	1	Inf	1	-Inf:Inf				1	1	0.31579	0.31579	
LOC709056,TMEM38A	2,1	Prot	7	6	0.85714	0.19815	0.33529	cut<value<cut,value<cut	-0.427	0.7151	2.744	1	5.7	1	0.755:43.043				1	1	0.35	0.3	
X00000037843,MAOA	2,2	NonProt	7	6	0.85714	0.2	0.33333	cut<value<cut,cut<value<cut	2.4787	2.999	0.3176	1	6.31578947368421	1	0.836:47.694			0.741	1	1	0.36842	0.31579	
TMEM38A,C5H4orf45	2,3	NonProt	7	6	0.85714	0.2	0.33333	cut<value<cut,value>cut	2.7335	3.225	2.012	1	6.31578947368421	1	0.836:47.694				1	1	0.36842	0.31579	
VSTM1,ESR1	3,2	NonProt	7	6	0.85714	0.2	0.33333	value>cut,cut<value<cut	5.246	0.5301	1.0667	1	6.31578947368421	1	0.836:47.694				1	1	0.36842	0.31579	
MYH15,THRB	3,3	NonProt	6	6	1	0.17143	0.33333	value>cut,value>cut	-1.588	-3.1655		1	Inf	1	-Inf:Inf				1	1	0.31579	0.31579	
LOC701920,X00000058729	1,1	NonProt	6	6	1	0.17143	0.33333	value<cut,value<cut	5.2565	-4.3496		1	Inf	1	-Inf:Inf				1	1	0.31579	0.31579	
LOC701920,USP31	1,3	NonProt	6	6	1	0.17143	0.33824	value<cut,value>cut	5.26025	0.7536		1	Inf	1	-Inf:Inf				1	1	0.31579	0.31579	
X00000059200,X00000053012	2,1	NonProt	7	6	0.85714	0.2	0.33333	cut<value<cut,value<cut	-0.4931	2.6772	2.5237	1	6.31578947368421	1	0.836:47.694				1	1	0.36842	0.31579	
X00000053012,LOC715623	1,1	NonProt	6	6	1	0.17143	0.33333	value<cut,value<cut	2.5237	-1.7115		1	Inf	1	-Inf:Inf				1	1	0.31579	0.31579	
MYH15,X00000060146	1,1	Prot	6	6	1	0.17143	0.34641	value<cut,value<cut	-2.3565	-4.8295		1	Inf	1	-Inf:Inf				1	1	0.3	0.3	
X00000053012,MAOA	3,1	Prot	6	6	0.92857	0.18571	0.35294	value>cut,value<cut	2.8627	0.293		1	Inf	1	-Inf:Inf				1	1	0.3	0.3	
SMIM2,MAOA	1,1	Prot	7	6	0.85714	0.2	0.35294	value<cut,value<cut	-0.2444	0.3176		1	5.7	1	0.755:43.043				1	1	0.35	0.3	
X00000053274	3	Prot	11	10	0.90909	0.31429	0.5719	value>cut	1.4396			1	9.5	1	1.342:67.267				1	1	0.55	0.5	
X00000053274,LOC715623	3,3	Prot	6	6	1	0.17143	0.35294	value>cut,value>cut	1.2815	-0.6125		1	Inf	1	-Inf:Inf				1	1	0.3	0.3	
X00000053274,LAMC1	3,2	Prot	6	6	1	0.17143	0.35294	value>cut,cut<value<cut	1.2815	0.903	1.6763	1	Inf	1	-Inf:Inf				1	1	0.3	0.3	
X00000053274,LOC719667	3,1	Prot	6	6	1	0.17143	0.35294	value>cut,value<cut	1.2815	3.9415		1	Inf	1	-Inf:Inf				1	1	0.3	0.3	
FABP5	3	NonProt	11	10	0.88384	0.32064	0.5787	value>cut	2.415			1	10.5263157894737	1	1.487:74.534				1	1	0.57895	0.52632	
MYH15,X00000058427	1,2	Prot	7	6	0.85714	0.2	0.35294	value<cut,cut<value<cut	-2.1452	1.2889	1.8554	1	5.7	1	0.755:43.043				1	1	0.35	0.3	
X00000053012,X00000056965	3,2	Prot	7	6	0.85714	0.2	0.35294	value>cut,cut<value<cut	2.8597	-3.4706	-2.1684	1	5.7	1	0.755:43.043				1	1	0.35	0.3	
X00000060146,CTH	1,2	Prot	7	6	0.85714	0.2	0.35294	value<cut,cut<value<cut	-4.8295	-1.5624	-0.9217	1	5.7	1	0.755:43.043				1	1	0.35	0.3	
DLK1,USP31	1,1	Prot	6	6	1	0.17143	0.35294	value<cut,value<cut	-1.8184	0.1696		1	Inf	1	-Inf:Inf				1	1	0.3	0.3	
X00000053274	1	NonProt	12	10	0.875	0.3381	0.61806	value<cut	-0.4787			1	5.26315789473684	1	1.321:20.968				1	1	0.63158	0.52632	
FABP5,VSTM1	3,2	NonProt	6	6	1	0.17143	0.33333	value>cut,cut<value<cut	2.415	4.3465	5.2235	1	Inf	1	-Inf:Inf				1	1	0.31579	0.31579	
FABP5,X00000064715	3,1	NonProt	6	6	1	0.16905	0.35417	value>cut,value<cut	2.415	-0.0012		1	Inf	1	-Inf:Inf				1	1	0.31579	0.31579	
CTH	3	NonProt	11	10	0.90909	0.31429	0.55556	value>cut	-0.9217			1	10.5263157894737	1	1.487:74.534				1	1	0.57895	0.52632	
LOC709056,SDK2	1,1	NonProt	6	6	1	0.16984	0.35376	value<cut,value<cut	-0.40267	-0.78117		1	Inf	1	-Inf:Inf				1	1	0.31579	0.31579	
LOC719667,MAOA	3,2	NonProt	6	6	1	0.17143	0.33333	value>cut,cut<value<cut	4.9985	0.293	0.6932	1	Inf	1	-Inf:Inf				1	1	0.31579	0.31579	
X00000060253,CTH	1,3	NonProt	6	6	1	0.17143	0.33333	value<cut,value>cut	1.2214	-0.9217		1	Inf	1	-Inf:Inf				1	1	0.31579	0.31579	
FABP5,F2RL3	3,2	NonProt	6	6	1	0.17143	0.33333	value>cut,cut<value<cut	2.415	-4.2261	-1.5483	1	Inf	1	-Inf:Inf				1	1	0.31579	0.31579	
X00000037843,LOC709056	1,3	Prot	7	6	0.85714	0.2	0.35294	value<cut,value>cut	2.4787	0.8126		1	5.7	1	0.755:43.043				1	1	0.35	0.3	
LOC719667,TRIM16	2,3	Prot	6	6	1	0.16905	0.32647	cut<value<cut,value>cut	3.9415	4.95975	-0.9991	1	Inf	1	-Inf:Inf				1	1	0.3	0.3	
STARD8,X00000064715	1,3	Prot	6	6	1	0.17143	0.35294	value<cut,value>cut	0.6007	1.8326		1	Inf	1	-Inf:Inf				1	1	0.3	0.3	
DLK1	3	NonProt	11	10	0.90909	0.31429	0.55556	value>cut	0.0903			1	10.5263157894737	1	1.487:74.534				1	1	0.57895	0.52632	
DLK1,SDK2	3,1	NonProt	6	6	1	0.17143	0.33333	value>cut,value<cut	0.0903	-0.6506		1	Inf	1	-Inf:Inf				1	1	0.31579	0.31579	
A1BG,SDK2	1,1	NonProt	6	6	1	0.17143	0.33333	value<cut,value<cut	-1.9115	-0.6506		1	Inf	1	-Inf:Inf				1	1	0.31579	0.31579	
LOC709056,TRIM16	1,1	NonProt	6	6	1	0.17143	0.33333	value<cut,value<cut	-0.354	-1.7125		1	Inf	1	-Inf:Inf				1	1	0.31579	0.31579	
VSTM1,DLK1	3,3	NonProt	7	6	0.90476	0.2	0.35839	value>cut,value>cut	5.19367	0.0903		1	6.31578947368421	1	0.836:47.694				1	1	0.36842	0.31579	
X00000037843,CTH	3,3	NonProt	6	6	1	0.17143	0.33333	value>cut,value>cut	2.7623	-0.9217		1	Inf	1	-Inf:Inf				1	1	0.31579	0.31579	
LILRB1,CTH	3,3	NonProt	6	6	1	0.17143	0.33333	value>cut,value>cut	7.7465	-0.9217		1	Inf	1	-Inf:Inf				1	1	0.31579	0.31579	
CTH,X00000058427	2,2	Prot	6	6	1	0.17143	0.35294	cut<value<cut,cut<value<cut	-1.5624	-0.9217	1.2889	1	Inf	1	-Inf:Inf			1.8554	1	1	0.3	0.3	
X00000053274,CTH	3,2	Prot	6	6	1	0.17143	0.35294	value>cut,cut<value<cut	1.2815	-1.5624	-0.9217	1	Inf	1	-Inf:Inf				1	1	0.3	0.3	
A1BG,SMIM2	1,3	NonProt	6	6	0.92857	0.18571	0.33333	value<cut,value>cut	-1.9115	1.0622		1	Inf	1	-Inf:Inf				1	1	0.31579	0.31579	
VSTM1,KIR3DL0	2,1	NonProt	6	6	1	0.17143	0.33333	cut<value<cut,value<cut	4.3465	5.2235	2.758	1	Inf	1	-Inf:Inf				1	1	0.31579	0.31579	
VSTM1,MAOA	2,2	NonProt	6	6	1	0.17143	0.33333	cut<value<cut,cut<value<cut	4.3465	5.2235	0.3176	1	Inf	1	-Inf:Inf			0.6932	1	1	0.31579	0.31579	
A1BG,TRIM16	3,3	Prot	7	6	0.85714	0.2	0.35294	value>cut,value>cut	-1.492	-1.0518		1	5.7	1	0.755:43.043				1	1	0.35	0.3	
LILRB1,TRIM16	1,3	Prot	6	6	1	0.17143	0.35294	value<cut,value>cut	7.3075	-1.0518		1	Inf	1	-Inf:Inf				1	1	0.3	0.3	
ESR1,CTH	3,2	Prot	7	6	0.85714	0.19722	0.32647	value>cut,cut<value<cut	1.0314	-1.5624	-0.9466	1	5.7	1	0.755:43.043				1	1	0.35	0.3	
FABP5,CTH	1,2	Prot	7	6	0.92857	0.19722	0.35147	value<cut,cut<value<cut	1.9987	-1.5624	-0.9466	1	5.7	1	0.755:43.043				1	1	0.35	0.3	
HCN2,CTH	3,3	NonProt	6	6	1	0.17143	0.33333	value>cut,value>cut	-2.1949	-0.9217		1	Inf	1	-Inf:Inf				1	1	0.31579	0.31579	
ESR1,THRB	1,3	NonProt	7	6	0.85714	0.2	0.33987	value<cut,value>cut	0.572	-3.0198		1	6.31578947368421	1	0.836:47.694				1	1	0.36842	0.31579	
CBS,CFAP70	1,3	NonProt	8	6	0.81746	0.225	0.38542	value<cut,value>cut	-1.67005	2.1847		1	3.15789473684211	1	0.725:13.762				1	1	0.42105	0.31579	
FABP5,X00000056965	3,3	NonProt	6	6	1	0.17143	0.33333	value>cut,value>cut	2.415	-2.1684		1	Inf	1	-Inf:Inf				1	1	0.31579	0.31579	
LTC4S,CTH	1,2	Prot	7	6	0.85714	0.2	0.35294	value<cut,cut<value<cut	-0.4734	-1.5624	-0.9217	1	5.7	1	0.755:43.043				1	1	0.35	0.3	
TMX2,CBS	3,3	Prot	6	6	1	0.18095	0.36492	value>cut,value>cut	3.24267	0.02483		1	Inf	1	-Inf:Inf				1	1	0.3	0.3	
X00000053274,STARD8	1,3	NonProt	6	6	1	0.17143	0.33333	value<cut,value>cut	-0.5578	1.4296		1	Inf	1	-Inf:Inf				1	1	0.31579	0.31579	
LOC701920,LTC4S	2,1	Prot	6	6	1	0.17143	0.34314	cut<value<cut,value<cut	5.27	5.567	-0.4734	1	Inf	1	-Inf:Inf				1	1	0.3	0.3	
TNNT2,TRIM16	1,3	Prot	7	6	0.85714	0.2	0.35294	value<cut,value>cut	-2.3496	-1.0518		1	5.7	1	0.755:43.043				1	1	0.35	0.3	
VSTM1,STARD8	1,2	Prot	7	6	0.85714	0.2	0.35294	value<cut,cut<value<cut	4.3465	0.6007	1.4296	1	5.7	1	0.755:43.043				1	1	0.35	0.3	
VSTM1,CTH	1,2	Prot	6	6	1	0.16905	0.32647	value<cut,cut<value<cut	4.31225	-1.5624	-0.9466	1	Inf	1	-Inf:Inf				1	1	0.3	0.3	
X00000053274,F2RL3	3,1	Prot	6	6	1	0.17143	0.35294	value>cut,value<cut	1.2815	-4.2261		1	Inf	1	-Inf:Inf				1	1	0.3	0.3	
X00000037843,KIR3DL0	3,1	NonProt	7	6	0.85714	0.2	0.33333	value>cut,value<cut	2.7623	2.758		1	6.31578947368421	1	0.836:47.694				1	1	0.36842	0.31579	
X00000037843,X00000060253	3,1	NonProt	7	6	0.85714	0.2	0.33333	value>cut,value<cut	2.7623	1.2214		1	6.31578947368421	1	0.836:47.694				1	1	0.36842	0.31579	
SMIM2,CTH	3,3	NonProt	8	6	0.81746	0.225	0.38542	value>cut,value>cut	0.9676	-0.9466		1	3.15789473684211	1	0.725:13.762				1	1	0.42105	0.31579	
X00000053274,DLK1	2,3	NonProt	6	6	1	0.17143	0.33987	cut<value<cut,value>cut	-0.41087	1.41997	0.0903	1	Inf	1	-Inf:Inf				1	1	0.31579	0.31579	
LAMC1,ZNF576	3,1	NonProt	8	6	0.81746	0.225	0.38542	value>cut,value<cut	1.70985	3.751		1	3.15789473684211	1	0.725:13.762				1	1	0.42105	0.31579	
LOC709056,X00000058427	1,3	NonProt	6	6	1	0.17143	0.33333	value<cut,value>cut	-0.354	1.8554		1	Inf	1	-Inf:Inf				1	1	0.31579	0.31579	
VSTM1,X00000058427	2,3	NonProt	6	6	1	0.17143	0.33333	cut<value<cut,value>cut	4.3465	5.2235	1.8554	1	Inf	1	-Inf:Inf				1	1	0.31579	0.31579	
VSTM1,X00000060253	2,1	NonProt	7	6	0.85714	0.2	0.33333	cut<value<cut,value<cut	4.3465	5.2235	1.2214	1	6.31578947368421	1	0.836:47.694				1	1	0.36842	0.31579	
TRIM16,X00000058427	2,3	NonProt	8	6	0.875	0.21111	0.38194	cut<value<cut,value>cut	-1.7125	-0.9991	1.827	1	3.15789473684211	1	0.725:13.762				1	1	0.42105	0.31579	
MYH15,X00000058729	2,2	NonProt	6	6	1	0.17143	0.33333	cut<value<cut,cut<value<cut	-2.1452	-1.4352	-4.7043	1	Inf	1	-Inf:Inf			-2.4524	1	1	0.31579	0.31579	
ESR1,X00000058729	2,2	NonProt	6	6	1	0.17143	0.33333	cut<value<cut,cut<value<cut	0.5301	1.04425	-4.52695	1	Inf	1	-Inf:Inf			-2.40105	1	1	0.31579	0.31579	
LOC701920,CBS	1,1	NonProt	6	6	1	0.17143	0.33333	value<cut,value<cut	5.2835	-1.4791		1	Inf	1	-Inf:Inf				1	1	0.31579	0.31579	
CBS,THRB	1,3	NonProt	6	6	1	0.17143	0.33333	value<cut,value>cut	-1.674	-3.1655		1	Inf	1	-Inf:Inf				1	1	0.31579	0.31579	
LOC709056,TMEM38A	1,2	NonProt	6	6	1	0.17143	0.33333	value<cut,cut<value<cut	-0.427	2.765	3.2525	1	Inf	1	-Inf:Inf				1	1	0.31579	0.31579	
X00000060253,HEY1	3,1	Prot	7	6	0.85714	0.2	0.35294	value>cut,value<cut	2.0334	-1.7672		1	5.7	1	0.755:43.043				1	1	0.35	0.3	
X00000059200,MYH15	3,1	Prot	6	6	1	0.16905	0.32647	value>cut,value<cut	2.67065	-2.3773		1	Inf	1	-Inf:Inf				1	1	0.3	0.3	
TMEM38A,HCN2	1,1	Prot	7	6	0.85714	0.2	0.35294	value<cut,value<cut	2.765	-2.7443		1	5.7	1	0.755:43.043				1	1	0.35	0.3	
TNNT2,X00000064715	1,3	Prot	8	6	0.86607	0.21429	0.37091	value<cut,value>cut	-2.3909	1.95865		1	2.85	1	0.654:12.42				1	1	0.4	0.3	
VSTM1,LOC709056	1,2	Prot	6	6	1	0.17143	0.34314	value<cut,cut<value<cut	4.31225	-0.427	0.6827	1	Inf	1	-Inf:Inf				1	1	0.3	0.3	
VSTM1,STARD8	1,1	Prot	6	6	1	0.17143	0.35294	value<cut,value<cut	4.278	0.7158		1	Inf	1	-Inf:Inf				1	1	0.3	0.3	
RBM46,X00000064715	3,3	Prot	6	6	1	0.17143	0.35294	value>cut,value>cut	-0.9358	1.8326		1	Inf	1	-Inf:Inf				1	1	0.3	0.3	
RBM46,X00000064369	2,1	NonProt	6	6	1	0.17143	0.33333	cut<value<cut,value<cut	-2.5924	-0.9358	2.6608	1	Inf	1	-Inf:Inf				1	1	0.31579	0.31579	
VSTM1	3	NonProt	11	10	0.90909	0.31429	0.55556	value>cut	5.1115			1	10.5263157894737	1	1.487:74.534				1	1	0.57895	0.52632	
VSTM1,X00000064715	3,2	NonProt	6	6	1	0.17143	0.33333	value>cut,cut<value<cut	5.1115	-0.0597	1.8326	1	Inf	1	-Inf:Inf				1	1	0.31579	0.31579	
VSTM1,CTH	3,3	NonProt	7	7	1	0.2	0.38889	value>cut,value>cut	5.1115	-0.6032		1	Inf	1	-Inf:Inf				1	1	0.36842	0.36842	
TMEM38A,LOC715623	2,1	NonProt	7	6	0.85714	0.2	0.33333	cut<value<cut,value<cut	2.765	3.2525	-1.8035	1	6.31578947368421	1	0.836:47.694				1	1	0.36842	0.31579	
X00000064715,LOC715623	2,1	NonProt	6	6	1	0.17143	0.33333	cut<value<cut,value<cut	-0.0597	1.8326	-1.8035	1	Inf	1	-Inf:Inf				1	1	0.31579	0.31579	
X00000064715,X00000064369	2,1	NonProt	6	6	1	0.17143	0.33333	cut<value<cut,value<cut	-0.0597	1.8326	2.6608	1	Inf	1	-Inf:Inf				1	1	0.31579	0.31579	
C5H4orf45,HEY1	1,1	Prot	7	6	0.85714	0.2	0.35294	value<cut,value<cut	0.1759	-1.7672		1	5.7	1	0.755:43.043				1	1	0.35	0.3	
X00000053274,TARM1	2,1	Prot	6	6	1	0.17143	0.35294	cut<value<cut,value<cut	-0.3996	1.3807	1.369	1	Inf	1	-Inf:Inf				1	1	0.3	0.3	
X00000053012,CTH	3,1	Prot	7	6	0.85714	0.2	0.35294	value>cut,value<cut	2.8657	-1.2899		1	5.7	1	0.755:43.043				1	1	0.35	0.3	
X00000037843,HEY1	1,1	Prot	6	6	1	0.17143	0.35294	value<cut,value<cut	2.4787	-1.7672		1	Inf	1	-Inf:Inf				1	1	0.3	0.3	
DLK1,MAOA	1,1	Prot	7	6	0.85714	0.2	0.35294	value<cut,value<cut	-1.8835	0.2684		1	5.7	1	0.755:43.043				1	1	0.35	0.3	
VSTM1,MAOA	1,1	Prot	6	6	1	0.17143	0.35294	value<cut,value<cut	4.278	0.2684		1	Inf	1	-Inf:Inf				1	1	0.3	0.3	
C5H4orf45,X00000060146	2,3	NonProt	7	6	0.85714	0.2	0.33333	cut<value<cut,value>cut	0.1759	2.012	-3.247	1	6.31578947368421	1	0.836:47.694				1	1	0.36842	0.31579	
X00000060146,X00000060253	3,1	NonProt	6	6	1	0.17143	0.33333	value>cut,value<cut	-3.247	1.1452		1	Inf	1	-Inf:Inf				1	1	0.31579	0.31579	
STARD8,LTC4S	3,2	NonProt	6	6	1	0.17143	0.33333	value>cut,cut<value<cut	1.4946	-0.3638	0.685	1	Inf	1	-Inf:Inf				1	1	0.31579	0.31579	
HEY1,MAOA	1,1	Prot	7	6	0.85714	0.2	0.35294	value<cut,value<cut	-1.7672	0.2684		1	5.7	1	0.755:43.043				1	1	0.35	0.3	
LOC719667,X00000059995	3,1	NonProt	7	6	0.85714	0.2	0.33333	value>cut,value<cut	5.033	-0.4559		1	6.31578947368421	1	0.836:47.694				1	1	0.36842	0.31579	
VSTM1,HCN2	3,3	NonProt	7	6	0.85714	0.2	0.33333	value>cut,value>cut	5.1115	-2.1352		1	6.31578947368421	1	0.836:47.694				1	1	0.36842	0.31579	
MYH15,X00000058427	2,3	NonProt	7	6	0.85714	0.2	0.33333	cut<value<cut,value>cut	-2.3565	-1.4352	1.8198	1	6.31578947368421	1	0.836:47.694				1	1	0.36842	0.31579	
ESR1,USP31	1,3	NonProt	7	6	0.85714	0.2	0.33333	value<cut,value>cut	0.5301	0.7293		1	6.31578947368421	1	0.836:47.694				1	1	0.36842	0.31579	
STARD8,X00000060146	3,3	NonProt	6	6	1	0.17143	0.33333	value>cut,value>cut	1.4946	-3.247		1	Inf	1	-Inf:Inf				1	1	0.31579	0.31579	
X00000060146,X00000056965	3,1	NonProt	6	6	1	0.17143	0.33333	value>cut,value<cut	-3.247	-3.3762		1	Inf	1	-Inf:Inf				1	1	0.31579	0.31579	
DLK1,CFAP70	3,3	NonProt	7	6	0.85714	0.2	0.33333	value>cut,value>cut	0.0903	2.1613		1	6.31578947368421	1	0.836:47.694				1	1	0.36842	0.31579	
CBS,C5H4orf45	1,3	NonProt	7	6	0.85714	0.19815	0.35376	value<cut,value>cut	-1.79867	1.79367		1	6.31578947368421	1	0.836:47.694				1	1	0.36842	0.31579	
CBS,MYH15	1,2	NonProt	6	6	1	0.17143	0.33333	value<cut,cut<value<cut	-1.674	-2.3565	-1.4352	1	Inf	1	-Inf:Inf				1	1	0.31579	0.31579	
FABP5,MYH15	3,2	NonProt	6	6	1	0.17143	0.33333	value>cut,cut<value<cut	2.415	-2.3565	-1.4352	1	Inf	1	-Inf:Inf				1	1	0.31579	0.31579	
VSTM1,KIR3DL0	1,3	Prot	6	6	1	0.17143	0.35294	value<cut,value>cut	4.278	3.548		1	Inf	1	-Inf:Inf				1	1	0.3	0.3	
RBM46,LTC4S	2,2	NonProt	6	6	1	0.17143	0.33333	cut<value<cut,cut<value<cut	-2.5924	-0.9358	-0.3638	1	Inf	1	-Inf:Inf			0.685	1	1	0.31579	0.31579	
SDK2,HEY1	3,1	Prot	7	6	0.85714	0.2	0.35294	value>cut,value<cut	0.5862	-1.7672		1	5.7	1	0.755:43.043				1	1	0.35	0.3	
LOC702786,LTC4S	3,1	Prot	7	6	0.85714	0.2	0.35294	value>cut,value<cut	0.1931	-0.3638		1	5.7	1	0.755:43.043				1	1	0.35	0.3	
X00000053274,VSTM1	3,1	Prot	6	6	1	0.17143	0.35294	value>cut,value<cut	1.3807	4.278		1	Inf	1	-Inf:Inf				1	1	0.3	0.3	
X00000053274,DLK1	3,1	Prot	6	6	1	0.17143	0.35294	value>cut,value<cut	1.3807	-1.8835		1	Inf	1	-Inf:Inf				1	1	0.3	0.3	
LOC709056,TMX2	3,3	Prot	6	6	1	0.16984	0.32876	value>cut,value>cut	0.69363	3.24167		1	Inf	1	-Inf:Inf				1	1	0.3	0.3	
SMIM2,MAOA	3,2	NonProt	7	6	0.85714	0.2	0.33333	value>cut,cut<value<cut	1.101	0.2684	0.6932	1	6.31578947368421	1	0.836:47.694				1	1	0.36842	0.31579	
X00000059200,CBS	1,1	NonProt	6	6	1	0.17143	0.33333	value<cut,value<cut	-0.446	-1.674		1	Inf	1	-Inf:Inf				1	1	0.31579	0.31579	
RBM46,TMEM38A	2,2	NonProt	6	6	1	0.17143	0.33333	cut<value<cut,cut<value<cut	-2.5924	-0.9358	2.765	1	Inf	1	-Inf:Inf			3.2525	1	1	0.31579	0.31579	
X00000037843,ZNF576	2,1	NonProt	6	6	1	0.17143	0.33333	cut<value<cut,value<cut	2.4787	2.999	3.749	1	Inf	1	-Inf:Inf				1	1	0.31579	0.31579	
RBM46,MAOA	1,2	NonProt	7	6	0.85714	0.2	0.33333	value<cut,cut<value<cut	-2.5924	0.2684	0.6932	1	6.31578947368421	1	0.836:47.694				1	1	0.36842	0.31579	
FABP5,MAOA	3,2	NonProt	6	6	1	0.17143	0.33333	value>cut,cut<value<cut	2.415	0.2684	0.6932	1	Inf	1	-Inf:Inf				1	1	0.31579	0.31579	
X00000053274,MYH15	1,2	NonProt	7	6	0.85714	0.2	0.33333	value<cut,cut<value<cut	-0.3996	-2.3565	-1.4352	1	6.31578947368421	1	0.836:47.694				1	1	0.36842	0.31579	
X00000053012,DLK1	3,1	Prot	7	6	0.85714	0.2	0.35294	value>cut,value<cut	2.8657	-1.8835		1	5.7	1	0.755:43.043				1	1	0.35	0.3	
VSTM1,HEY1	1,1	Prot	7	7	1	0.2	0.41176	value<cut,value<cut	4.278	-1.7672		1	Inf	1	-Inf:Inf				1	1	0.35	0.35	
LOC709056,DLK1	2,1	Prot	6	6	1	0.17143	0.35294	cut<value<cut,value<cut	-0.427	0.6827	-1.8835	1	Inf	1	-Inf:Inf				1	1	0.3	0.3	
X00000064715,ZNF576	3,2	Prot	6	6	1	0.17143	0.33333	value>cut,cut<value<cut	2.0847	3.786	3.954	1	Inf	1	-Inf:Inf				1	1	0.3	0.3	
TNNT2,CFAP70	1,2	Prot	6	6	1	0.17143	0.33333	value<cut,cut<value<cut	-2.3496	0.268	2.3725	1	Inf	1	-Inf:Inf				1	1	0.3	0.3	
F2RL3,KRTAP29.1	3,2	NonProt	6	6	1	0.17143	0.35294	value>cut,cut<value<cut	-1.936	-4.997	1.954	1	Inf	1	-Inf:Inf				1	1	0.31579	0.31579	
CBS,LOC702786	3,3	Prot	6	6	1	0.17143	0.33333	value>cut,value>cut	-0.1472	0.1931		1	Inf	1	-Inf:Inf				1	1	0.3	0.3	
TMX2,C5H4orf45	1,3	NonProt	6	6	1	0.17143	0.35294	value<cut,value>cut	2.898	1.7938		1	Inf	1	-Inf:Inf				1	1	0.31579	0.31579	
KIR3DL0,HEY1	3,1	Prot	7	6	0.85714	0.2	0.33333	value>cut,value<cut	3.4725	-2.059		1	5.7	1	0.755:43.043				1	1	0.35	0.3	
STARD8,X00000053012	3,1	NonProt	7	7	1	0.2	0.41176	value>cut,value<cut	1.4296	2.6137		1	Inf	1	-Inf:Inf				1	1	0.36842	0.36842	
F2RL3,TARM1	3,3	NonProt	7	6	0.85714	0.2	0.35294	value>cut,value>cut	-1.936	1.9863		1	6.31578947368421	1	0.836:47.694				1	1	0.36842	0.31579	
LOC719667,HCN2	1,1	Prot	6	6	1	0.17143	0.33333	value<cut,value<cut	3.9415	-2.8193		1	Inf	1	-Inf:Inf				1	1	0.3	0.3	
THRB,MAOA	1,1	Prot	7	6	0.85714	0.2	0.33333	value<cut,value<cut	-4.8763	0.2684		1	5.7	1	0.755:43.043				1	1	0.35	0.3	
KIR3DL0,A1BG	3,3	Prot	6	6	1	0.16905	0.31667	value>cut,value>cut	3.55325	-1.4227		1	Inf	1	-Inf:Inf				1	1	0.3	0.3	
KRTAP29.1,THRB	2,2	NonProt	6	6	1	0.17143	0.35294	cut<value<cut,cut<value<cut	-4.997	1.954	-4.8763	1	Inf	1	-Inf:Inf			-2.9111	1	1	0.31579	0.31579	
LOC702786,THRB	2,2	NonProt	6	6	1	0.17143	0.35294	cut<value<cut,cut<value<cut	-4.9522	0.1931	-4.8763	1	Inf	1	-Inf:Inf			-2.9111	1	1	0.31579	0.31579	
LOC701920,MYH15	1,2	NonProt	6	6	1	0.17143	0.35294	value<cut,cut<value<cut	5.2565	-2.3565	-1.484	1	Inf	1	-Inf:Inf				1	1	0.31579	0.31579	
CBS,DLK1	3,2	Prot	7	6	0.85714	0.2	0.33333	value>cut,cut<value<cut	-0.1472	-1.8118	0.0903	1	5.7	1	0.755:43.043				1	1	0.35	0.3	
F2RL3,CBS	1,3	Prot	6	6	1	0.17143	0.33333	value<cut,value>cut	-4.1436	-0.1472		1	Inf	1	-Inf:Inf				1	1	0.3	0.3	
STARD8,LOC702786	3,2	NonProt	6	6	1	0.17143	0.35294	value>cut,cut<value<cut	1.4296	-4.9522	0.1931	1	Inf	1	-Inf:Inf				1	1	0.31579	0.31579	
CBS,KRTAP29.1	3,3	Prot	6	6	1	0.17143	0.33333	value>cut,value>cut	-0.1472	1.954		1	Inf	1	-Inf:Inf				1	1	0.3	0.3	
KIR3DL0,CBS	2,3	Prot	6	6	1	0.17143	0.33333	cut<value<cut,value>cut	2.778	3.4725	-0.1472	1	Inf	1	-Inf:Inf				1	1	0.3	0.3	
THRB,LTC4S	2,3	NonProt	6	6	1	0.17143	0.35294	cut<value<cut,value>cut	-4.8763	-2.9111	0.5971	1	Inf	1	-Inf:Inf				1	1	0.31579	0.31579	
F2RL3,LTC4S	3,3	NonProt	6	6	1	0.17143	0.35294	value>cut,value>cut	-1.936	0.5971		1	Inf	1	-Inf:Inf				1	1	0.31579	0.31579	
X00000053012,X00000056965	1,1	NonProt	7	6	0.85714	0.2	0.35294	value<cut,value<cut	2.6137	-3.5065		1	6.31578947368421	1	0.836:47.694				1	1	0.36842	0.31579	
CBS,A1BG	2,2	NonProt	7	6	0.85714	0.2	0.35294	cut<value<cut,cut<value<cut	-1.861	-0.1472	-2.2155	1	6.31578947368421	1	0.836:47.694			-1.3534	1	1	0.36842	0.31579	
STARD8,MYH15	3,2	NonProt	6	6	1	0.17143	0.35294	value>cut,cut<value<cut	1.4296	-2.3565	-1.484	1	Inf	1	-Inf:Inf				1	1	0.31579	0.31579	
STARD8,KRTAP29.1	3,2	NonProt	6	6	1	0.17143	0.35294	value>cut,cut<value<cut	1.4296	-4.997	1.954	1	Inf	1	-Inf:Inf				1	1	0.31579	0.31579	
TMEM38A,CFAP70	1,2	Prot	7	6	0.85714	0.2	0.33333	value<cut,cut<value<cut	2.801	0.268	2.3725	1	5.7	1	0.755:43.043				1	1	0.35	0.3	
TNNT2,STARD8	1,2	Prot	6	6	1	0.17143	0.33333	value<cut,cut<value<cut	-2.3496	0.6124	1.4296	1	Inf	1	-Inf:Inf				1	1	0.3	0.3	
X00000064369,X00000058729	3,3	Prot	6	6	1	0.17143	0.33333	value>cut,value>cut	3.2287	-2.2242		1	Inf	1	-Inf:Inf				1	1	0.3	0.3	
USP31,LTC4S	3,1	Prot	7	6	0.85714	0.19444	0.3	value>cut,value<cut	0.6162	-0.5579		1	5.7	1	0.755:43.043				1	1	0.35	0.3	
RBM46,LTC4S	2,1	Prot	7	6	0.85714	0.19444	0.3	cut<value<cut,value<cut	-2.4387	-1.0659	-0.5579	1	5.7	1	0.755:43.043				1	1	0.35	0.3	
LAMC1,ZNF576	2,2	Prot	6	6	1	0.16667	0.3	cut<value<cut,cut<value<cut	0.903	1.7434	3.741	1	Inf	1	-Inf:Inf			3.9385	1	1	0.3	0.3	
SDK2,X00000059995	3,3	Prot	6	6	1	0.16667	0.3	value>cut,value>cut	0.7158	0.6499		1	Inf	1	-Inf:Inf				1	1	0.3	0.3	
X00000053274,TNNT2	1,3	NonProt	6	6	1	0.16667	0.375	value<cut,value>cut	-0.3996	-0.8503		1	Inf	1	-Inf:Inf				1	1	0.31579	0.31579	
TNNT2,LOC709056	3,1	NonProt	6	6	1	0.16667	0.375	value>cut,value<cut	-0.8503	-0.427		1	Inf	1	-Inf:Inf				1	1	0.31579	0.31579	
LOC709056,F2RL3	1,3	NonProt	6	6	1	0.16667	0.375	value<cut,value>cut	-0.427	-2.0085		1	Inf	1	-Inf:Inf				1	1	0.31579	0.31579	
X00000053274,THRB	3,2	Prot	7	6	0.85714	0.19444	0.3	value>cut,cut<value<cut	1.5977	-4.898	-3.2442	1	5.7	1	0.755:43.043				1	1	0.35	0.3	
TMX2,C5H4orf45	3,2	Prot	6	6	1	0.16667	0.3	value>cut,cut<value<cut	3.24	0.0537	1.5752	1	Inf	1	-Inf:Inf				1	1	0.3	0.3	
SDK2,X00000064369	3,3	Prot	7	6	0.85714	0.19444	0.3	value>cut,value>cut	0.7158	3.182		1	5.7	1	0.755:43.043				1	1	0.35	0.3	
FABP5,SMIM2	1,2	Prot	6	6	1	0.16667	0.3	value<cut,cut<value<cut	1.9987	-0.2965	0.9118	1	Inf	1	-Inf:Inf				1	1	0.3	0.3	
CBS,X00000064369	2,3	Prot	6	6	1	0.16667	0.3	cut<value<cut,value>cut	-1.861	0.0807	3.182	1	Inf	1	-Inf:Inf				1	1	0.3	0.3	
X00000053012,X00000064369	3,3	Prot	6	6	1	0.16667	0.3	value>cut,value>cut	2.8597	3.182		1	Inf	1	-Inf:Inf				1	1	0.3	0.3	
FABP5,X00000037843	3,3	NonProt	6	6	1	0.16667	0.375	value>cut,value>cut	2.415	2.7269		1	Inf	1	-Inf:Inf				1	1	0.31579	0.31579	
FABP5,HEY1	3,3	NonProt	6	6	1	0.16667	0.375	value>cut,value>cut	2.415	-0.8857		1	Inf	1	-Inf:Inf				1	1	0.31579	0.31579	
ZNF576	1	NonProt	12	10	0.83333	0.33333	0.625	value<cut	3.741			1	5.26315789473684	1	1.321:20.968				1	1	0.63158	0.52632	
LOC719667,LILRB1	3,3	NonProt	7	6	0.85714	0.19444	0.375	value>cut,value>cut	4.9555	7.711		1	6.31578947368421	1	0.836:47.694				1	1	0.36842	0.31579	
KRTAP29.1,X00000058427	3,1	Prot	6	6	1	0.16667	0.3	value>cut,value<cut	-1.0795	1.211		1	Inf	1	-Inf:Inf				1	1	0.3	0.3	
A1BG,X00000064369	3,3	Prot	7	7	1	0.19444	0.35	value>cut,value>cut	-1.492	3.182		1	Inf	1	-Inf:Inf				1	1	0.35	0.35	
DLK1,LOC715623	2,3	Prot	6	6	1	0.16667	0.3	cut<value<cut,value>cut	-1.9567	-0.3153	-0.8912	1	Inf	1	-Inf:Inf				1	1	0.3	0.3	
TMX2,X00000059995	3,3	Prot	6	6	1	0.16667	0.3	value>cut,value>cut	3.24	0.6499		1	Inf	1	-Inf:Inf				1	1	0.3	0.3	
LOC709056,X00000053012	2,3	Prot	6	6	1	0.16667	0.3	cut<value<cut,value>cut	-0.427	0.7155	2.8597	1	Inf	1	-Inf:Inf				1	1	0.3	0.3	
FABP5,F2RL3	1,2	Prot	6	6	1	0.16667	0.3	value<cut,cut<value<cut	1.9987	-4.2261	-2.0085	1	Inf	1	-Inf:Inf				1	1	0.3	0.3	
X00000037843,LOC709056	3,1	NonProt	7	6	0.85714	0.19444	0.375	value>cut,value<cut	2.7269	-0.427		1	6.31578947368421	1	0.836:47.694				1	1	0.36842	0.31579	
FABP5,LOC114669850	3,2	NonProt	7	6	0.85714	0.19444	0.375	value>cut,cut<value<cut	2.415	-0.0248	1.4615	1	6.31578947368421	1	0.836:47.694				1	1	0.36842	0.31579	
ESR1,LTC4S	1,2	NonProt	7	6	0.85714	0.19444	0.375	value<cut,cut<value<cut	0.6029	-0.5579	0.4918	1	6.31578947368421	1	0.836:47.694				1	1	0.36842	0.31579	
ESR1,SMIM2	1,3	NonProt	6	6	1	0.16667	0.375	value<cut,value>cut	0.6029	0.9118		1	Inf	1	-Inf:Inf				1	1	0.31579	0.31579	
LOC709056,TARM1	1,3	NonProt	6	6	1	0.16667	0.375	value<cut,value>cut	-0.427	1.8996		1	Inf	1	-Inf:Inf				1	1	0.31579	0.31579	
TARM1,ZNF576	3,1	NonProt	7	6	0.85714	0.19444	0.375	value>cut,value<cut	1.8996	3.741		1	6.31578947368421	1	0.836:47.694				1	1	0.36842	0.31579	
FABP5,X00000060253	3,1	NonProt	7	6	0.85714	0.19444	0.375	value>cut,value<cut	2.415	1.1452		1	6.31578947368421	1	0.836:47.694				1	1	0.36842	0.31579	
FABP5,CFAP70	3,3	NonProt	7	6	0.85714	0.19444	0.375	value>cut,value>cut	2.415	2.1847		1	6.31578947368421	1	0.836:47.694				1	1	0.36842	0.31579	
A1BG,LAMC1	3,1	Prot	6	6	1	0.16667	0.3	value>cut,value<cut	-1.492	0.903		1	Inf	1	-Inf:Inf				1	1	0.3	0.3	
X00000053012,A1BG	3,3	Prot	7	6	0.85714	0.19444	0.3	value>cut,value>cut	2.8597	-1.492		1	5.7	1	0.755:43.043				1	1	0.35	0.3	
TRIM16,X00000064369	3,3	Prot	6	6	1	0.16667	0.3	value>cut,value>cut	-0.9464	3.182		1	Inf	1	-Inf:Inf				1	1	0.3	0.3	
LILRB1,SMIM2	3,3	NonProt	6	6	1	0.16667	0.375	value>cut,value>cut	7.711	0.9118		1	Inf	1	-Inf:Inf				1	1	0.31579	0.31579	
X00000059200,SMIM2	3,2	Prot	7	6	0.85714	0.19444	0.3	value>cut,cut<value<cut	2.6772	-0.2965	0.9118	1	5.7	1	0.755:43.043				1	1	0.35	0.3	
X00000060253,X00000058427	3,2	Prot	6	6	1	0.16667	0.3	value>cut,cut<value<cut	2.0577	1.211	1.7986	1	Inf	1	-Inf:Inf				1	1	0.3	0.3	
LOC719667,LILRB1	2,1	Prot	7	7	1	0.19444	0.35	cut<value<cut,value<cut	3.9415	4.9555	7.2805	1	Inf	1	-Inf:Inf				1	1	0.35	0.35	
FABP5,TNNT2	1,2	Prot	6	6	1	0.16667	0.3	value<cut,cut<value<cut	1.9987	-2.4981	-0.8503	1	Inf	1	-Inf:Inf				1	1	0.3	0.3	
X00000059200,DLK1	3,2	Prot	6	6	1	0.16667	0.3	value>cut,cut<value<cut	2.6772	-1.9567	-0.3153	1	Inf	1	-Inf:Inf				1	1	0.3	0.3	
X00000059200,F2RL3	3,1	Prot	6	6	1	0.16667	0.3	value>cut,value<cut	2.6772	-4.2261		1	Inf	1	-Inf:Inf				1	1	0.3	0.3	
FABP5,X00000060253	1,3	Prot	6	6	1	0.16667	0.3	value<cut,value>cut	1.9987	2.0577		1	Inf	1	-Inf:Inf				1	1	0.3	0.3	
LOC719667,LOC709056	2,2	Prot	6	6	1	0.16667	0.3	cut<value<cut,cut<value<cut	3.9415	4.9555	-0.427	1	Inf	1	-Inf:Inf			0.7155	1	1	0.3	0.3	
X00000064715,TMEM38A	3,1	Prot	7	6	0.85714	0.19444	0.3	value>cut,value<cut	1.9788	2.7335		1	5.7	1	0.755:43.043				1	1	0.35	0.3	
X00000059200,X00000064369	3,3	Prot	6	6	1	0.16667	0.3	value>cut,value>cut	2.6772	3.182		1	Inf	1	-Inf:Inf				1	1	0.3	0.3	
LOC709056,HCN2	2,2	Prot	7	6	0.85714	0.19444	0.3	cut<value<cut,cut<value<cut	-0.427	0.7155	-3.1067	1	5.7	1	0.755:43.043			-2.221	1	1	0.35	0.3	
VSTM1,KIR3DL0	3,1	NonProt	7	6	0.85714	0.19444	0.375	value>cut,value<cut	5.1115	2.9505		1	6.31578947368421	1	0.836:47.694				1	1	0.36842	0.31579	
X00000037843,ZNF576	3,1	NonProt	6	6	1	0.16667	0.375	value>cut,value<cut	2.7269	3.741		1	Inf	1	-Inf:Inf				1	1	0.31579	0.31579	
ESR1,LAMC1	1,3	NonProt	7	6	0.85714	0.19444	0.375	value<cut,value>cut	0.6029	1.7434		1	6.31578947368421	1	0.836:47.694				1	1	0.36842	0.31579	
LILRB1,ZNF576	3,1	NonProt	6	6	1	0.16667	0.375	value>cut,value<cut	7.711	3.741		1	Inf	1	-Inf:Inf				1	1	0.31579	0.31579	
X00000059200,A1BG	3,3	Prot	6	6	1	0.16667	0.3	value>cut,value>cut	2.6772	-1.492		1	Inf	1	-Inf:Inf				1	1	0.3	0.3	
MYH15,SMIM2	1,2	Prot	7	6	0.85714	0.19444	0.3	value<cut,cut<value<cut	-2.3981	-0.2965	0.9118	1	5.7	1	0.755:43.043				1	1	0.35	0.3	
LOC701920,X00000053012	1,1	NonProt	9	9	0.98413	0.24796	0.5084	value<cut,value<cut	5.26064	2.58551		0.327375762859635	Inf	0.399536134359547	-Inf:Inf				1	1	0.47368	0.47368	
LOC701920,LOC702786	1,2	NonProt	9	9	1	0.25714	0.5	value<cut,cut<value<cut	5.2565	-5.0229	-2.3455	0.327375762859635	Inf	0.399536134359547	-Inf:Inf				1	1	0.47368	0.47368	
LOC709056,ZNF576	1,1	NonProt	8	8	1	0.21429	0.44107	value<cut,value<cut	-0.42833	3.743		0.922604422604423	Inf	0.986907201911566	-Inf:Inf				1	1	0.42105	0.42105	
VSTM1,X00000053012	3,1	NonProt	8	8	1	0.21517	0.44472	value>cut,value<cut	5.19983	2.5759		0.922604422604423	Inf	0.986907201911566	-Inf:Inf				1	1	0.42105	0.42105	
LOC709056,X00000053012	1,1	NonProt	8	8	0.97222	0.21964	0.43627	value<cut,value<cut	-0.41592	2.56763		0.922604422604423	Inf	0.986907201911566	-Inf:Inf				1	1	0.42105	0.42105	
LOC709056,LOC702786	1,2	NonProt	8	8	1	0.21542	0.43931	value<cut,cut<value<cut	-0.41733	-4.97674	-1.5147	0.922604422604423	Inf	0.986907201911566	-Inf:Inf				1	1	0.42105	0.42105	
LOC709056,LOC701920	1,1	NonProt	8	8	0.98765	0.23095	0.4655	value<cut,value<cut	-0.40878	5.25839		0.922604422604423	Inf	0.986907201911566	-Inf:Inf				1	1	0.42105	0.42105	
VSTM1,LOC701920	3,1	NonProt	8	8	1	0.21542	0.44252	value>cut,value<cut	5.19307	5.26064		0.922604422604423	Inf	0.986907201911566	-Inf:Inf				1	1	0.42105	0.42105	
X00000053274,X00000058427	1,3	NonProt	8	8	1	0.22857	0.47222	value<cut,value>cut	-0.4165	1.8448		0.922604422604423	Inf	0.986907201911566	-Inf:Inf				1	1	0.42105	0.42105	
LOC701920,KRTAP29.1	1,2	NonProt	8	8	0.9375	0.23968	0.46875	value<cut,cut<value<cut	5.2635	-5.02525	-2.70875	0.922604422604423	Inf	0.986907201911566	-Inf:Inf				1	1	0.42105	0.42105	
LOC701920,LTC4S	1,3	NonProt	8	8	1	0.22857	0.44444	value<cut,value>cut	5.2565	0.5971		0.922604422604423	Inf	0.986907201911566	-Inf:Inf				1	1	0.42105	0.42105	
LOC701920,CTH	1,3	NonProt	8	8	0.9375	0.2254	0.44097	value<cut,value>cut	5.277	-0.9466		0.922604422604423	Inf	0.986907201911566	-Inf:Inf				1	1	0.42105	0.42105	
LOC701920,DLK1	1,3	NonProt	8	8	1	0.22857	0.44444	value<cut,value>cut	5.2835	0.0903		0.922604422604423	Inf	0.986907201911566	-Inf:Inf				1	1	0.42105	0.42105	
TMEM38A,LTC4S	1,1	Prot	6	6	1	0.18299	0.35921	value<cut,value<cut	2.77386	-0.46579		1	Inf	1	-Inf:Inf				1	1	0.3	0.3	
TNNT2,TMX2	3,1	NonProt	6	6	1	0.17048	0.35392	value>cut,value<cut	-0.5878	2.8804		1	Inf	1	-Inf:Inf				1	1	0.31579	0.31579	
FABP5,TMEM38A	3,2	NonProt	7	7	1	0.18708	0.39	value>cut,cut<value<cut	2.47801	2.77386	3.19943	1	Inf	1	-Inf:Inf				1	1	0.36842	0.36842	
LOC709056,LOC715623	1,1	NonProt	7	7	1	0.20288	0.41743	value<cut,value<cut	-0.41854	-1.74586		1	Inf	1	-Inf:Inf				1	1	0.36842	0.36842	
X00000059200,TNNT2	1,3	NonProt	6	6	1	0.17714	0.36062	value<cut,value>cut	-0.44558	-0.5307		1	Inf	1	-Inf:Inf				1	1	0.31579	0.31579	
KRTAP29.1,C5H4orf45	2,3	NonProt	6	6	1	0.17143	0.35294	cut<value<cut,value>cut	-5.00125	-2.9635	1.4498	1	Inf	1	-Inf:Inf				1	1	0.31579	0.31579	
TNNT2,F2RL3	3,3	NonProt	6	6	1	0.17937	0.38726	value>cut,value>cut	-0.63227	-1.9589		1	Inf	1	-Inf:Inf				1	1	0.31579	0.31579	
TNNT2,KRTAP29.1	3,2	NonProt	7	6	0.98438	0.18849	0.38016	value>cut,cut<value<cut	-0.57918	-4.98575	-1.22756	1	6.31578947368421	1	0.836:47.694				1	1	0.36842	0.31579	
LOC709056,KRTAP29.1	1,2	NonProt	7	7	1	0.20992	0.43776	value<cut,cut<value<cut	-0.4065	-5.0045	-1.63931	1	Inf	1	-Inf:Inf				1	1	0.36842	0.36842	
X00000064715,CTH	3,2	Prot	6	6	1	0.17143	0.33333	value>cut,cut<value<cut	1.789	-1.424	-0.73	1	Inf	1	-Inf:Inf				1	1	0.3	0.3	
LOC701920,X00000060253	2,3	Prot	6	6	1	0.17143	0.32456	cut<value<cut,value>cut	5.2505	5.5055	2.0577	1	Inf	1	-Inf:Inf				1	1	0.3	0.3	
DLK1,TRIM16	2,3	Prot	6	6	1	0.17143	0.33333	cut<value<cut,value>cut	-1.8118	-0.1047	-1.0518	1	Inf	1	-Inf:Inf				1	1	0.3	0.3	
LOC719667,X00000064715	1,3	Prot	6	6	1	0.17143	0.34314	value<cut,value>cut	4.363	1.8623		1	Inf	1	-Inf:Inf				1	1	0.3	0.3	
C5H4orf45,X00000060253	1,3	Prot	6	6	1	0.17143	0.33402	value<cut,value>cut	0.26893	2.05967		1	Inf	1	-Inf:Inf				1	1	0.3	0.3	
X00000064715,TMX2	3,3	Prot	6	6	1	0.17143	0.33333	value>cut,value>cut	1.789	3.24		1	Inf	1	-Inf:Inf				1	1	0.3	0.3	
X00000053274,X00000060146	3,1	Prot	6	6	1	0.17064	0.33139	value>cut,value<cut	1.4942	-4.82875		1	Inf	1	-Inf:Inf				1	1	0.3	0.3	
X00000053274,X00000059200	3,3	Prot	6	6	1	0.17718	0.33802	value>cut,value>cut	1.4967	2.67393		1	Inf	1	-Inf:Inf				1	1	0.3	0.3	
LOC719667,LOC709056	3,1	NonProt	7	7	1	0.2	0.40237	value>cut,value<cut	4.98714	-0.41733		1	Inf	1	-Inf:Inf				1	1	0.36842	0.36842	
FABP5,LOC709056	3,1	NonProt	6	6	1	0.17407	0.35993	value>cut,value<cut	2.47093	-0.40878		1	Inf	1	-Inf:Inf				1	1	0.31579	0.31579	
RBM46,LAMC1	2,3	NonProt	6	6	1	0.18571	0.37255	cut<value<cut,value>cut	-2.53965	-1.14535	1.7106	1	Inf	1	-Inf:Inf				1	1	0.31579	0.31579	
X00000037843,LOC719667	2,3	NonProt	6	6	1	0.17143	0.35294	cut<value<cut,value>cut	2.4673	2.7623	4.964	1	Inf	1	-Inf:Inf				1	1	0.31579	0.31579	
X00000053012,LILRB1	1,3	NonProt	7	7	1	0.20847	0.42974	value<cut,value>cut	2.56735	7.74142		1	Inf	1	-Inf:Inf				1	1	0.36842	0.36842	
DLK1,A1BG	3,1	NonProt	6	6	1	0.18367	0.37792	value>cut,value<cut	-0.00047	-1.99836		1	Inf	1	-Inf:Inf				1	1	0.31579	0.31579	
DLK1,X00000064313	3,1	NonProt	6	6	1	0.17143	0.35294	value>cut,value<cut	-0.1047	-2.6291		1	Inf	1	-Inf:Inf				1	1	0.31579	0.31579	
KRTAP29.1,CTH	2,3	NonProt	7	7	1	0.18857	0.37582	cut<value<cut,value>cut	-5.0117	-3.8403	-0.71762	1	Inf	1	-Inf:Inf				1	1	0.36842	0.36842	
C5H4orf45,ZNF576	3,1	NonProt	6	6	1	0.17143	0.34951	value>cut,value<cut	1.78008	3.7426		1	Inf	1	-Inf:Inf				1	1	0.31579	0.31579	
LILRB1,USP31	3,2	NonProt	6	6	1	0.17857	0.35703	value>cut,cut<value<cut	7.763	0.1221	0.69935	1	Inf	1	-Inf:Inf				1	1	0.31579	0.31579	
LILRB1,HEY1	3,3	NonProt	6	6	1	0.17143	0.34641	value>cut,value>cut	7.76	-0.8522		1	Inf	1	-Inf:Inf				1	1	0.31579	0.31579	
LOC719667,LOC701920	3,1	NonProt	7	7	1	0.21208	0.43854	value>cut,value<cut	4.97872	5.25839		1	Inf	1	-Inf:Inf				1	1	0.36842	0.36842	
X00000064715,THRB	2,3	NonProt	6	6	1	0.17143	0.35294	cut<value<cut,value>cut	-0.0597	1.789	-3.2372	1	Inf	1	-Inf:Inf				1	1	0.31579	0.31579	
X00000053274,X00000064369	1,1	NonProt	6	6	1	0.18034	0.36878	value<cut,value<cut	-0.3548	2.5773		1	Inf	1	-Inf:Inf				1	1	0.31579	0.31579	
FABP5,RBM46	1,3	Prot	6	6	1	0.17143	0.33333	value<cut,value>cut	1.9859	-1.2248		1	Inf	1	-Inf:Inf				1	1	0.3	0.3	
TNNT2,X00000060253	1,3	Prot	6	6	1	0.17143	0.33333	value<cut,value>cut	-2.361	2.0577		1	Inf	1	-Inf:Inf				1	1	0.3	0.3	
X00000060253,X00000059995	3,2	Prot	6	6	1	0.17857	0.35264	value>cut,cut<value<cut	2.04115	-0.39725	0.62982	1	Inf	1	-Inf:Inf				1	1	0.3	0.3	
VSTM1,X00000060253	1,3	Prot	6	6	1	0.17048	0.32708	value<cut,value>cut	4.3607	2.0695		1	Inf	1	-Inf:Inf				1	1	0.3	0.3	
FABP5,HCN2	1,1	Prot	6	6	1	0.18433	0.347	value<cut,value<cut	1.99038	-2.9651		1	Inf	1	-Inf:Inf				1	1	0.3	0.3	
C5H4orf45,X00000059995	1,2	Prot	6	6	1	0.17143	0.34314	value<cut,cut<value<cut	0.1759	-0.3484	0.6956	1	Inf	1	-Inf:Inf				1	1	0.3	0.3	
STARD8,X00000060253	2,3	Prot	6	6	1	0.18571	0.37255	cut<value<cut,value>cut	0.6393	1.4296	2.0577	1	Inf	1	-Inf:Inf				1	1	0.3	0.3	
LTC4S,X00000060253	1,3	Prot	6	6	1	0.18571	0.37255	value<cut,value>cut	-0.4593	2.03675		1	Inf	1	-Inf:Inf				1	1	0.3	0.3	
RBM46,X00000060253	3,3	Prot	7	7	1	0.19048	0.37106	value>cut,value>cut	-1.14553	2.0577		1	Inf	1	-Inf:Inf				1	1	0.35	0.35	
ESR1,SMIM2	3,1	Prot	6	6	1	0.17143	0.32456	value>cut,value<cut	1.05385	-0.26035		1	Inf	1	-Inf:Inf				1	1	0.3	0.3	
RBM46,TRIM16	3,3	Prot	6	6	1	0.17064	0.33139	value>cut,value>cut	-1.06235	-0.95743		1	Inf	1	-Inf:Inf				1	1	0.3	0.3	
ESR1,X00000060253	3,3	Prot	6	6	1	0.17143	0.34314	value>cut,value>cut	1.0314	2.0577		1	Inf	1	-Inf:Inf				1	1	0.3	0.3	
TMEM38A,X00000060253	1,3	Prot	6	6	1	0.17143	0.34314	value<cut,value>cut	2.77575	2.03675		1	Inf	1	-Inf:Inf				1	1	0.3	0.3	
VSTM1,ESR1	1,3	Prot	6	6	1	0.18003	0.34626	value<cut,value>cut	4.35833	1.05808		1	Inf	1	-Inf:Inf				1	1	0.3	0.3	
TNNT2,ESR1	1,3	Prot	6	6	1	0.17143	0.33824	value<cut,value>cut	-2.37595	1.05415		1	Inf	1	-Inf:Inf				1	1	0.3	0.3	
LOC709056,X00000060253	2,3	Prot	6	6	1	0.17143	0.33402	cut<value<cut,value>cut	-0.41223	0.726	2.0577	1	Inf	1	-Inf:Inf				1	1	0.3	0.3	
CFAP70,X00000060253	1,3	Prot	6	6	1	0.17143	0.33402	value<cut,value>cut	0.09867	2.07363		1	Inf	1	-Inf:Inf				1	1	0.3	0.3	
THRB,X00000060253	1,3	Prot	6	6	1	0.17738	0.34379	value<cut,value>cut	-4.87925	2.06658		1	Inf	1	-Inf:Inf				1	1	0.3	0.3	
FABP5,SMIM2	1,1	Prot	7	7	1	0.19048	0.37117	value<cut,value<cut	1.9859	-0.25503		1	Inf	1	-Inf:Inf				1	1	0.35	0.35	
TARM1,X00000059995	1,2	Prot	6	6	1	0.17143	0.33333	value<cut,cut<value<cut	1.2466	-0.2925	0.6708	1	Inf	1	-Inf:Inf				1	1	0.3	0.3	
LOC709056,TARM1	2,1	Prot	6	6	1	0.17143	0.32456	cut<value<cut,value<cut	-0.3932	0.7149	1.32055	1	Inf	1	-Inf:Inf				1	1	0.3	0.3	
LOC709056,X00000059995	2,2	Prot	6	6	1	0.17143	0.32946	cut<value<cut,cut<value<cut	-0.39185	0.73128	-0.3738	1	Inf	1	-Inf:Inf			0.6832	1	1	0.3	0.3	
X00000053012,LOC715623	2,3	Prot	6	6	1	0.17143	0.33333	cut<value<cut,value>cut	2.5668	2.8731	-0.4805	1	Inf	1	-Inf:Inf				1	1	0.3	0.3	
STARD8,LAMC1	1,2	Prot	6	6	1	0.18286	0.35645	value<cut,cut<value<cut	0.66238	0.91446	1.81226	1	Inf	1	-Inf:Inf				1	1	0.3	0.3	
ESR1,X00000059995	3,2	Prot	6	6	1	0.18571	0.36244	value>cut,cut<value<cut	1.04935	-0.3738	0.6956	1	Inf	1	-Inf:Inf				1	1	0.3	0.3	
TARM1,ESR1	1,3	Prot	6	6	1	0.17143	0.33333	value<cut,value>cut	1.2466	1.041		1	Inf	1	-Inf:Inf				1	1	0.3	0.3	
RBM46,ESR1	3,3	Prot	6	6	1	0.17143	0.33333	value>cut,value>cut	-1.2248	1.041		1	Inf	1	-Inf:Inf				1	1	0.3	0.3	
STARD8,ESR1	2,3	Prot	6	6	1	0.17143	0.33333	cut<value<cut,value>cut	0.6779	1.4296	1.041	1	Inf	1	-Inf:Inf				1	1	0.3	0.3	
TNNT2,X00000053012	3,1	NonProt	6	6	1	0.18042	0.37123	value>cut,value<cut	-0.62828	2.57208		1	Inf	1	-Inf:Inf				1	1	0.31579	0.31579	
X00000053012,A1BG	1,1	NonProt	6	6	1	0.17143	0.34314	value<cut,value<cut	2.54525	-1.9115		1	Inf	1	-Inf:Inf				1	1	0.31579	0.31579	
X00000053012,DLK1	1,3	NonProt	6	6	1	0.18492	0.38644	value<cut,value>cut	2.58763	-0.0507		1	Inf	1	-Inf:Inf				1	1	0.31579	0.31579	
VSTM1,LOC702786	3,2	NonProt	7	7	1	0.20444	0.42933	value>cut,cut<value<cut	5.1719	-4.97242	-1.40936	1	Inf	1	-Inf:Inf				1	1	0.36842	0.36842	
TNNT2,HCN2	3,3	NonProt	6	6	1	0.17857	0.35703	value>cut,value>cut	-0.52218	-2.15013		1	Inf	1	-Inf:Inf				1	1	0.31579	0.31579	
TMEM38A,X00000053012	3,1	NonProt	6	6	1	0.17143	0.34314	value>cut,value<cut	3.238	2.5698		1	Inf	1	-Inf:Inf				1	1	0.31579	0.31579	
TNNT2,STARD8	3,3	NonProt	6	6	1	0.17143	0.36397	value>cut,value>cut	-0.7514	1.4621		1	Inf	1	-Inf:Inf				1	1	0.31579	0.31579	
TMEM38A,DLK1	3,3	NonProt	6	6	1	0.17143	0.35294	value>cut,value>cut	3.2525	-0.1047		1	Inf	1	-Inf:Inf				1	1	0.31579	0.31579	
TNNT2,TARM1	3,3	NonProt	6	6	1	0.17048	0.34951	value>cut,value>cut	-0.58866	1.98636		1	Inf	1	-Inf:Inf				1	1	0.31579	0.31579	
TNNT2,RBM46	3,1	NonProt	6	6	1	0.17143	0.33987	value>cut,value<cut	-0.50797	-2.52207		1	Inf	1	-Inf:Inf				1	1	0.31579	0.31579	
TNNT2,LTC4S	3,3	NonProt	7	7	1	0.18857	0.38031	value>cut,value>cut	-0.5307	0.6264		1	Inf	1	-Inf:Inf				1	1	0.36842	0.36842	
VSTM1,TNNT2	3,3	NonProt	7	7	1	0.18869	0.38751	value>cut,value>cut	5.20112	-0.57918		1	Inf	1	-Inf:Inf				1	1	0.36842	0.36842	
TNNT2,SDK2	3,1	NonProt	6	6	1	0.17143	0.35294	value>cut,value<cut	-0.52325	-0.86125		1	Inf	1	-Inf:Inf				1	1	0.31579	0.31579	
KIR3DL0,ESR1	1,1	NonProt	6	6	1	0.17619	0.36029	value<cut,value<cut	2.78108	0.55655		1	Inf	1	-Inf:Inf				1	1	0.31579	0.31579	
TNNT2,LOC702786	3,2	NonProt	7	7	0.98438	0.19206	0.38797	value>cut,cut<value<cut	-0.57918	-4.96214	-1.17191	1	Inf	1	-Inf:Inf				1	1	0.36842	0.36842	
X00000053012,HCN2	1,3	NonProt	6	6	1	0.17143	0.35294	value<cut,value>cut	2.5668	-2.1352		1	Inf	1	-Inf:Inf				1	1	0.31579	0.31579	
KIR3DL0,DLK1	1,3	NonProt	7	7	1	0.20635	0.4183	value<cut,value>cut	2.83575	-0.00255		1	Inf	1	-Inf:Inf				1	1	0.36842	0.36842	
LOC701920,HCN2	1,3	NonProt	6	6	1	0.17143	0.35294	value<cut,value>cut	5.2565	-2.1352		1	Inf	1	-Inf:Inf				1	1	0.31579	0.31579	
TMEM38A,LOC701920	3,1	NonProt	7	7	1	0.2	0.41176	value>cut,value<cut	3.2525	5.2565		1	Inf	1	-Inf:Inf				1	1	0.36842	0.36842	
X00000037843,RBM46	1,3	Prot	6	6	1	0.17143	0.33333	value<cut,value>cut	2.4673	-1.2248		1	Inf	1	-Inf:Inf				1	1	0.3	0.3	
X00000037843,C5H4orf45	1,1	Prot	6	6	1	0.17714	0.34592	value<cut,value<cut	2.4703	0.27924		1	Inf	1	-Inf:Inf				1	1	0.3	0.3	
X00000037843,LTC4S	1,1	Prot	7	7	1	0.1873	0.3701	value<cut,value<cut	2.47277	-0.42562		1	Inf	1	-Inf:Inf				1	1	0.35	0.35	
X00000037843,USP31	1,1	Prot	6	6	1	0.17143	0.34021	value<cut,value<cut	2.4711	0.11733		1	Inf	1	-Inf:Inf				1	1	0.3	0.3	
X00000037843,ESR1	1,3	Prot	6	6	1	0.17143	0.33333	value<cut,value>cut	2.4673	1.041		1	Inf	1	-Inf:Inf				1	1	0.3	0.3	
X00000037843,LOC702786	1,1	Prot	6	6	1	0.17143	0.33333	value<cut,value<cut	2.4673	-5.0053		1	Inf	1	-Inf:Inf				1	1	0.3	0.3	
X00000037843,TARM1	1,1	Prot	6	6	1	0.17738	0.3394	value<cut,value<cut	2.46577	1.31418		1	Inf	1	-Inf:Inf				1	1	0.3	0.3	
X00000037843,X00000060146	1,2	Prot	6	6	1	0.17048	0.331	value<cut,cut<value<cut	2.46764	-4.829	-3.0233	1	Inf	1	-Inf:Inf				1	1	0.3	0.3	
X00000037843,STARD8	1,2	Prot	6	6	1	0.18095	0.34503	value<cut,cut<value<cut	2.4685	0.66507	1.46377	1	Inf	1	-Inf:Inf				1	1	0.3	0.3	
X00000064715,X00000059995	3,2	Prot	6	6	1	0.17143	0.33333	value>cut,cut<value<cut	1.789	-0.2925	0.6708	1	Inf	1	-Inf:Inf				1	1	0.3	0.3	
LOC719667,MAOA	3,2	NonProt	6	6	1	0.18571	0.37255	value>cut,cut<value<cut	4.9985	0.2491	0.6932	1	Inf	1	-Inf:Inf				1	1	0.31579	0.31579	
LOC719667,LOC715623	3,2	NonProt	6	6	1	0.17143	0.35294	value>cut,cut<value<cut	4.964	-1.7648	-0.4805	1	Inf	1	-Inf:Inf				1	1	0.31579	0.31579	
HCN2,CTH	3,3	NonProt	6	6	1	0.17143	0.34314	value>cut,value>cut	-2.16505	-0.82585		1	Inf	1	-Inf:Inf				1	1	0.31579	0.31579	
LOC719667,SMIM2	3,3	NonProt	6	6	1	0.18095	0.3799	value>cut,value>cut	4.964	1.0579		1	Inf	1	-Inf:Inf				1	1	0.31579	0.31579	
LOC719667,A1BG	3,1	NonProt	7	7	1	0.19048	0.378	value>cut,value<cut	4.987	-1.9115		1	Inf	1	-Inf:Inf				1	1	0.36842	0.36842	
LOC719667,TARM1	3,3	NonProt	6	6	1	0.17959	0.36671	value>cut,value>cut	4.98071	2.03637		1	Inf	1	-Inf:Inf				1	1	0.31579	0.31579	
LOC719667,DLK1	3,3	NonProt	7	7	1	0.20571	0.4085	value>cut,value>cut	4.9826	0.01254		1	Inf	1	-Inf:Inf				1	1	0.36842	0.36842	
LOC719667,KIR3DL0	3,1	NonProt	6	6	1	0.18452	0.37725	value>cut,value<cut	4.97912	2.87887		1	Inf	1	-Inf:Inf				1	1	0.31579	0.31579	
STARD8,USP31	3,3	NonProt	6	6	1	0.18571	0.37629	value>cut,value>cut	1.4621	0.73077		1	Inf	1	-Inf:Inf				1	1	0.31579	0.31579	
TNNT2,A1BG	1,3	Prot	6	6	1	0.17048	0.32708	value<cut,value>cut	-2.4278	-1.4146		1	Inf	1	-Inf:Inf				1	1	0.3	0.3	
FABP5,X00000053274	1,3	Prot	6	6	1	0.18003	0.35245	value<cut,value>cut	1.99315	1.45642		1	Inf	1	-Inf:Inf				1	1	0.3	0.3	
TNNT2,X00000058729	1,3	Prot	6	6	1	0.17143	0.33333	value<cut,value>cut	-2.361	-2.3497		1	Inf	1	-Inf:Inf				1	1	0.3	0.3	
TNNT2,TRIM16	1,3	Prot	6	6	1	0.17143	0.33333	value<cut,value>cut	-2.361	-1.0518		1	Inf	1	-Inf:Inf				1	1	0.3	0.3	
LOC719667,LOC701920	1,3	Prot	6	6	1	0.17143	0.33333	value<cut,value>cut	4.2055	5.525		1	Inf	1	-Inf:Inf				1	1	0.3	0.3	
TNNT2,KIR3DL0	1,3	Prot	6	6	1	0.17143	0.33333	value<cut,value>cut	-2.361	3.634		1	Inf	1	-Inf:Inf				1	1	0.3	0.3	
LTC4S,X00000058729	1,3	Prot	6	6	1	0.17143	0.33402	value<cut,value>cut	-0.464	-2.4671		1	Inf	1	-Inf:Inf				1	1	0.3	0.3	
RBM46,MAOA	3,1	Prot	6	6	1	0.17143	0.33333	value>cut,value<cut	-1.2248	0.2298		1	Inf	1	-Inf:Inf				1	1	0.3	0.3	
TMX2,HEY1	3,1	Prot	6	6	1	0.17024	0.32061	value>cut,value<cut	3.24	-2.03627		1	Inf	1	-Inf:Inf				1	1	0.3	0.3	
A1BG,THRB	3,1	Prot	7	7	1	0.19104	0.37149	value>cut,value<cut	-1.42887	-4.87306		1	Inf	1	-Inf:Inf				1	1	0.35	0.35	
VSTM1,TMEM38A	1,1	Prot	6	6	1	0.17959	0.35557	value<cut,value<cut	4.38464	2.788		1	Inf	1	-Inf:Inf				1	1	0.3	0.3	
LOC719667,KRTAP29.1	3,2	NonProt	6	6	1	0.17143	0.36029	value>cut,cut<value<cut	4.964	-4.98367	-1.32433	1	Inf	1	-Inf:Inf				1	1	0.31579	0.31579	
KRTAP29.1,HCN2	2,3	NonProt	6	6	1	0.1754	0.35607	cut<value<cut,value>cut	-4.99375	-2.3315	-2.1436	1	Inf	1	-Inf:Inf				1	1	0.31579	0.31579	
LOC719667,X00000060253	3,2	NonProt	6	6	1	0.17143	0.35294	value>cut,cut<value<cut	4.964	1.2214	2.0577	1	Inf	1	-Inf:Inf				1	1	0.31579	0.31579	
LOC701920,X00000060253	1,2	NonProt	6	6	1	0.18095	0.35839	value<cut,cut<value<cut	5.2525	1.1545	2.03563	1	Inf	1	-Inf:Inf				1	1	0.31579	0.31579	
LOC701920,TARM1	1,3	NonProt	7	7	1	0.20645	0.42713	value<cut,value>cut	5.25863	2.0299		1	Inf	1	-Inf:Inf				1	1	0.36842	0.36842	
X00000053274,X00000037843	1,2	NonProt	6	6	1	0.17857	0.36274	value<cut,cut<value<cut	-0.36898	2.473	2.79082	1	Inf	1	-Inf:Inf				1	1	0.31579	0.31579	
LOC701920,LILRB1	1,3	NonProt	6	6	1	0.17551	0.36204	value<cut,value>cut	5.25864	7.75086		1	Inf	1	-Inf:Inf				1	1	0.31579	0.31579	
F2RL3,X00000059995	3,1	NonProt	6	6	1	0.16984	0.36765	value>cut,value<cut	-1.9589	-0.3777		1	Inf	1	-Inf:Inf				1	1	0.31579	0.31579	
LOC701920,A1BG	1,1	NonProt	6	6	1	0.17714	0.36127	value<cut,value<cut	5.2619	-2.0939		1	Inf	1	-Inf:Inf				1	1	0.31579	0.31579	
TNNT2,LOC701920	3,1	NonProt	6	6	1	0.17143	0.34951	value>cut,value<cut	-0.54732	5.2517		1	Inf	1	-Inf:Inf				1	1	0.31579	0.31579	
LOC701920,X00000056965	1,1	NonProt	6	6	1	0.17891	0.36998	value<cut,value<cut	5.26236	-3.4538		1	Inf	1	-Inf:Inf				1	1	0.31579	0.31579	
LOC709056,X00000059995	1,1	NonProt	6	6	1	0.17143	0.35294	value<cut,value<cut	-0.4557	-0.2925		1	Inf	1	-Inf:Inf				1	1	0.31579	0.31579	
KIR3DL0,RBM46	1,1	NonProt	6	6	1	0.17143	0.35376	value<cut,value<cut	2.855	-2.506		1	Inf	1	-Inf:Inf				1	1	0.31579	0.31579	
STARD8,RBM46	3,1	NonProt	6	6	1	0.17143	0.34314	value>cut,value<cut	1.4296	-2.53965		1	Inf	1	-Inf:Inf				1	1	0.31579	0.31579	
X00000037843,X00000064715	1,3	Prot	6	6	1	0.17048	0.31965	value<cut,value>cut	2.46836	1.9832		1	Inf	1	-Inf:Inf				1	1	0.3	0.3	
TMX2,LOC701920	3,3	Prot	6	6	1	0.18479	0.35537	value>cut,value>cut	3.23642	5.50417		1	Inf	1	-Inf:Inf				1	1	0.3	0.3	
X00000064715,HCN2	3,1	Prot	6	6	1	0.17143	0.33333	value>cut,value<cut	1.789	-2.7443		1	Inf	1	-Inf:Inf				1	1	0.3	0.3	
TRIM16,USP31	3,1	Prot	6	6	1	0.18095	0.36601	value>cut,value<cut	-1.01667	0.15887		1	Inf	1	-Inf:Inf				1	1	0.3	0.3	
TMX2,SDK2	3,3	Prot	6	6	1	0.17738	0.3394	value>cut,value>cut	3.2405	0.59215		1	Inf	1	-Inf:Inf				1	1	0.3	0.3	
KIR3DL0,A1BG	1,1	NonProt	7	7	0.96875	0.19841	0.40329	value<cut,value<cut	2.83075	-2.03638		1	Inf	1	-Inf:Inf				1	1	0.36842	0.36842	
X00000037843,X00000053012	3,1	NonProt	7	6	0.96429	0.19147	0.3894	value>cut,value<cut	2.8718	2.56612		1	6.31578947368421	1	0.836:47.694				1	1	0.36842	0.31579	
X00000053012,X00000060253	1,1	NonProt	6	6	1	0.17143	0.34314	value<cut,value<cut	2.5698	1.2214		1	Inf	1	-Inf:Inf				1	1	0.31579	0.31579	
X00000064715,KRTAP29.1	2,2	NonProt	6	6	1	0.17857	0.35703	cut<value<cut,cut<value<cut	0.05182	1.91048	-5.00775	1	Inf	1	-Inf:Inf			-2.83012	1	1	0.31579	0.31579	
LOC709056,SDK2	1,1	NonProt	6	6	1	0.16984	0.35376	value<cut,value<cut	-0.41223	-0.7612		1	Inf	1	-Inf:Inf				1	1	0.31579	0.31579	
KIR3DL0,KRTAP29.1	1,2	NonProt	6	6	1	0.18571	0.37091	value<cut,cut<value<cut	2.9035	-5.0055	-4.46825	1	Inf	1	-Inf:Inf				1	1	0.31579	0.31579	
KRTAP29.1,A1BG	2,1	NonProt	6	6	1	0.17143	0.35294	cut<value<cut,value<cut	-5.0055	-4.5985	-1.9115	1	Inf	1	-Inf:Inf				1	1	0.31579	0.31579	
KRTAP29.1,MYH15	3,1	Prot	6	6	1	0.17619	0.3341	value>cut,value<cut	-0.5699	-2.36482		1	Inf	1	-Inf:Inf				1	1	0.3	0.3	
MYH15,CTH	1,2	Prot	6	6	1	0.17143	0.32748	value<cut,cut<value<cut	-2.3565	-1.4064	-0.78203	1	Inf	1	-Inf:Inf				1	1	0.3	0.3	
VSTM1,TMX2	1,3	Prot	6	6	1	0.17725	0.34498	value<cut,value>cut	4.38272	3.24089		1	Inf	1	-Inf:Inf				1	1	0.3	0.3	
X00000037843,X00000064369	1,3	Prot	6	6	1	0.18034	0.35017	value<cut,value>cut	2.47042	3.29222		1	Inf	1	-Inf:Inf				1	1	0.3	0.3	
X00000037843,A1BG	1,3	Prot	8	8	1	0.21349	0.42337	value<cut,value>cut	2.47179	-1.4403		1	Inf	1	-Inf:Inf				1	1	0.4	0.4	
X00000037843,THRB	1,1	Prot	7	7	1	0.20635	0.40068	value<cut,value<cut	2.46939	-4.86527		1	Inf	1	-Inf:Inf				1	1	0.35	0.35	
X00000037843,TMEM38A	1,1	Prot	8	8	1	0.23839	0.46632	value<cut,value<cut	2.47081	2.77275		1	Inf	1	-Inf:Inf				1	1	0.4	0.4	
X00000037843,VSTM1	1,1	Prot	8	8	1	0.2216	0.43643	value<cut,value<cut	2.47169	4.3955		1	Inf	1	-Inf:Inf				1	1	0.4	0.4	
X00000037843,LILRB1	1,1	Prot	6	6	1	0.17024	0.32552	value<cut,value<cut	2.46487	7.26138		1	Inf	1	-Inf:Inf				1	1	0.3	0.3	
VSTM1,KRTAP29.1	3,2	NonProt	7	7	1	0.19894	0.41163	value>cut,cut<value<cut	5.18992	-4.98058	-1.23942	1	Inf	1	-Inf:Inf				1	1	0.36842	0.36842	
LOC702786,HCN2	2,3	NonProt	6	6	1	0.17064	0.35049	cut<value<cut,value>cut	-4.96545	-1.43777	-2.15945	1	Inf	1	-Inf:Inf				1	1	0.31579	0.31579	
KIR3DL0,LOC715623	1,2	NonProt	6	6	1	0.17143	0.35294	value<cut,cut<value<cut	2.8565	-1.7648	-0.4805	1	Inf	1	-Inf:Inf				1	1	0.31579	0.31579	
KIR3DL0,LOC702786	1,2	NonProt	7	7	1	0.18968	0.38807	value<cut,cut<value<cut	2.84192	-4.99495	-2.03328	1	Inf	1	-Inf:Inf				1	1	0.36842	0.36842	
TNNT2,KIR3DL0	3,1	NonProt	6	6	1	0.17143	0.34314	value>cut,value<cut	-0.4817	2.9035		1	Inf	1	-Inf:Inf				1	1	0.31579	0.31579	
TNNT2,A1BG	3,1	NonProt	6	6	1	0.17143	0.35294	value>cut,value<cut	-0.4817	-1.9115		1	Inf	1	-Inf:Inf				1	1	0.31579	0.31579	
THRB,LAMC1	3,3	NonProt	6	6	1	0.1754	0.35975	value>cut,value>cut	-3.17207	1.77532		1	Inf	1	-Inf:Inf				1	1	0.31579	0.31579	
VSTM1,X00000064369	1,3	Prot	6	6	1	0.17603	0.32965	value<cut,value>cut	4.3999	3.29654		1	Inf	1	-Inf:Inf				1	1	0.3	0.3	
FABP5,VSTM1	1,1	Prot	6	6	1	0.18145	0.35268	value<cut,value<cut	1.99022	4.40162		1	Inf	1	-Inf:Inf				1	1	0.3	0.3	
A1BG,HEY1	3,1	Prot	6	6	1	0.17064	0.32812	value>cut,value<cut	-1.41835	-2.02145		1	Inf	1	-Inf:Inf				1	1	0.3	0.3	
LOC709056,USP31	2,1	Prot	6	6	1	0.17143	0.34804	cut<value<cut,value<cut	-0.41592	0.73128	0.20605	1	Inf	1	-Inf:Inf				1	1	0.3	0.3	
LOC709056,MAOA	2,1	Prot	6	6	1	0.17143	0.32748	cut<value<cut,value<cut	-0.43657	0.6827	0.24267	1	Inf	1	-Inf:Inf				1	1	0.3	0.3	
KRTAP29.1,X00000059995	2,1	NonProt	6	6	1	0.17143	0.35294	cut<value<cut,value<cut	-5.0055	-4.5985	-0.2925	1	Inf	1	-Inf:Inf				1	1	0.31579	0.31579	
LOC701920,THRB	1,2	NonProt	6	6	1	0.17143	0.35294	value<cut,cut<value<cut	5.2565	-4.88715	-3.07415	1	Inf	1	-Inf:Inf				1	1	0.31579	0.31579	
LOC719667,LOC702786	3,2	NonProt	6	6	1	0.17143	0.36029	value>cut,cut<value<cut	4.964	-4.94643	-1.37623	1	Inf	1	-Inf:Inf				1	1	0.31579	0.31579	
LOC701920,ZNF576	1,1	NonProt	7	7	1	0.19907	0.40462	value<cut,value<cut	5.26133	3.75317		1	Inf	1	-Inf:Inf				1	1	0.36842	0.36842	
X00000064369,LAMC1	1,3	NonProt	7	7	1	0.20573	0.42579	value<cut,value>cut	2.56637	1.76957		1	Inf	1	-Inf:Inf				1	1	0.36842	0.36842	
X00000064715,LOC715623	2,1	NonProt	6	6	1	0.17143	0.34314	cut<value<cut,value<cut	-0.0597	1.8108	-1.78415	1	Inf	1	-Inf:Inf				1	1	0.31579	0.31579	
LOC709056,CTH	1,3	NonProt	6	6	1	0.17619	0.3652	value<cut,value>cut	-0.42806	-0.75806		1	Inf	1	-Inf:Inf				1	1	0.31579	0.31579	
X00000064715,ZNF576	2,1	NonProt	6	6	1	0.17143	0.35294	cut<value<cut,value<cut	-0.0597	1.789	3.741	1	Inf	1	-Inf:Inf				1	1	0.31579	0.31579	
A1BG,CTH	1,3	NonProt	6	6	1	0.17143	0.35294	value<cut,value>cut	-1.9115	-0.73		1	Inf	1	-Inf:Inf				1	1	0.31579	0.31579	
VSTM1,SDK2	3,1	NonProt	6	6	1	0.17143	0.34641	value>cut,value<cut	5.231	-0.79103		1	Inf	1	-Inf:Inf				1	1	0.31579	0.31579	
X00000053274,LOC709056	1,1	NonProt	7	7	1	0.18677	0.38358	value<cut,value<cut	-0.3548	-0.40878		1	Inf	1	-Inf:Inf				1	1	0.36842	0.36842	
LOC701920,X00000058729	1,2	NonProt	6	6	1	0.17143	0.35294	value<cut,cut<value<cut	5.2565	-4.6471	-2.3497	1	Inf	1	-Inf:Inf				1	1	0.31579	0.31579	
LOC701920,X00000064313	1,1	NonProt	7	7	1	0.19429	0.38693	value<cut,value<cut	5.2595	-2.63464		1	Inf	1	-Inf:Inf				1	1	0.36842	0.36842	
ZNF576,X00000058427	1,3	NonProt	6	6	1	0.18191	0.38145	value<cut,value>cut	3.745	1.82414		1	Inf	1	-Inf:Inf				1	1	0.31579	0.31579	
X00000037843,X00000059995	2,1	NonProt	6	6	1	0.17143	0.35294	cut<value<cut,value<cut	2.4673	2.7623	-0.2925	1	Inf	1	-Inf:Inf				1	1	0.31579	0.31579	
TNNT2,X00000059995	3,1	NonProt	6	6	1	0.17143	0.35294	value>cut,value<cut	-0.4817	-0.2925		1	Inf	1	-Inf:Inf				1	1	0.31579	0.31579	
X00000037843,X00000058729	1,3	Prot	7	7	1	0.18986	0.37285	value<cut,value>cut	2.47129	-2.33531		1	Inf	1	-Inf:Inf				1	1	0.35	0.35	
X00000037843,HCN2	1,1	Prot	6	6	1	0.17143	0.34314	value<cut,value<cut	2.473	-2.7443		1	Inf	1	-Inf:Inf				1	1	0.3	0.3	
TNNT2,THRB	1,1	Prot	6	6	1	0.17857	0.34774	value<cut,value<cut	-2.41023	-4.8731		1	Inf	1	-Inf:Inf				1	1	0.3	0.3	
TNNT2,USP31	1,1	Prot	6	6	1	0.18571	0.37146	value<cut,value<cut	-2.38283	0.15825		1	Inf	1	-Inf:Inf				1	1	0.3	0.3	
KIR3DL0,KRTAP29.1	2,3	Prot	6	6	1	0.18571	0.36662	cut<value<cut,value>cut	2.83075	3.61012	-3.5885	1	Inf	1	-Inf:Inf				1	1	0.3	0.3	
X00000059995,MAOA	2,1	Prot	6	6	1	0.17143	0.33333	cut<value<cut,value<cut	-0.2925	0.6708	0.2298	1	Inf	1	-Inf:Inf				1	1	0.3	0.3	
TNNT2,X00000059995	1,2	Prot	6	6	1	0.17143	0.33333	value<cut,cut<value<cut	-2.361	-0.2925	0.6708	1	Inf	1	-Inf:Inf				1	1	0.3	0.3	
X00000037843,TNNT2	1,1	Prot	6	6	1	0.17619	0.34328	value<cut,value<cut	2.4736	-2.41667		1	Inf	1	-Inf:Inf				1	1	0.3	0.3	
TNNT2,MAOA	1,1	Prot	6	6	1	0.17143	0.33333	value<cut,value<cut	-2.361	0.2298		1	Inf	1	-Inf:Inf				1	1	0.3	0.3	
TNNT2,TMEM38A	1,1	Prot	6	6	1	0.17048	0.331	value<cut,value<cut	-2.43008	2.763		1	Inf	1	-Inf:Inf				1	1	0.3	0.3	
X00000037843,X00000059995	1,2	Prot	6	6	1	0.17143	0.33333	value<cut,cut<value<cut	2.4673	-0.2925	0.6708	1	Inf	1	-Inf:Inf				1	1	0.3	0.3	
X00000037843,LOC709056	1,2	Prot	6	6	1	0.17143	0.32456	value<cut,cut<value<cut	2.4673	-0.44135	0.6827	1	Inf	1	-Inf:Inf				1	1	0.3	0.3	
TNNT2,TARM1	1,1	Prot	6	6	1	0.17714	0.35229	value<cut,value<cut	-2.37296	1.35798		1	Inf	1	-Inf:Inf				1	1	0.3	0.3	
KIR3DL0,LOC702786	2,3	Prot	6	6	1	0.18175	0.34018	cut<value<cut,value>cut	2.8399	3.634	-1.40936	1	Inf	1	-Inf:Inf				1	1	0.3	0.3	
X00000053274,X00000064715	3,3	Prot	6	6	1	0.17619	0.3502	value>cut,value>cut	1.42782	1.91168		1	Inf	1	-Inf:Inf				1	1	0.3	0.3	
X00000037843,KIR3DL0	1,2	Prot	6	6	1	0.17024	0.32552	value<cut,cut<value<cut	2.46487	2.88387	3.6505	1	Inf	1	-Inf:Inf				1	1	0.3	0.3	
X00000053274,LTC4S	3,1	Prot	6	6	1	0.17143	0.35294	value>cut,value<cut	1.31457	-0.40033		1	Inf	1	-Inf:Inf				1	1	0.3	0.3	
X00000064715,TRIM16	2,1	NonProt	6	6	1	0.17143	0.33333	cut<value<cut,value<cut	-0.07655	1.8841	-1.7125	1	Inf	1	-Inf:Inf				1	1	0.31579	0.31579	
VSTM1,USP31	1,1	Prot	6	6	1	0.18286	0.36054	value<cut,value<cut	4.372	0.11466		1	Inf	1	-Inf:Inf				1	1	0.3	0.3	
X00000053012,USP31	3,1	Prot	6	6	1	0.18175	0.35545	value>cut,value<cut	2.8609	0.10116		1	Inf	1	-Inf:Inf				1	1	0.3	0.3	
FABP5,X00000053274	3,1	NonProt	6	6	1	0.17143	0.34865	value>cut,value<cut	2.5016	-0.3299		1	Inf	1	-Inf:Inf				1	1	0.31579	0.31579	
KIR3DL0,TMEM38A	1,3	NonProt	6	6	1	0.17143	0.33333	value<cut,value>cut	2.9505	3.0765		1	Inf	1	-Inf:Inf				1	1	0.31579	0.31579	
KIR3DL0,LILRB1	1,3	NonProt	6	6	1	0.17143	0.33333	value<cut,value>cut	2.9505	7.693		1	Inf	1	-Inf:Inf				1	1	0.31579	0.31579	
VSTM1,KIR3DL0	3,1	NonProt	6	6	0.92857	0.18294	0.35417	value>cut,value<cut	5.1675	2.9505		1	Inf	1	-Inf:Inf				1	1	0.31579	0.31579	
KIR3DL0,LTC4S	1,3	NonProt	6	6	1	0.17143	0.33333	value<cut,value>cut	2.9505	0.5971		1	Inf	1	-Inf:Inf				1	1	0.31579	0.31579	
KIR3DL0,X00000064369	1,2	NonProt	6	6	1	0.17143	0.33333	value<cut,cut<value<cut	2.9505	2.5776	3.3062	1	Inf	1	-Inf:Inf				1	1	0.31579	0.31579	
X00000053274,KIR3DL0	2,1	NonProt	6	6	1	0.17143	0.33333	cut<value<cut,value<cut	-0.3996	1.2815	2.9505	1	Inf	1	-Inf:Inf				1	1	0.31579	0.31579	
KIR3DL0,TRIM16	1,1	NonProt	6	6	1	0.17143	0.33333	value<cut,value<cut	2.9505	-1.7125		1	Inf	1	-Inf:Inf				1	1	0.31579	0.31579	
KIR3DL0,X00000053012	1,1	NonProt	6	6	1	0.17143	0.33333	value<cut,value<cut	2.9505	2.5668		1	Inf	1	-Inf:Inf				1	1	0.31579	0.31579	
RBM46,ESR1	1,1	NonProt	7	6	0.92857	0.19722	0.38194	value<cut,value<cut	-2.4628	0.6029		1	6.31578947368421	1	0.836:47.694				1	1	0.36842	0.31579	
LILRB1,ESR1	3,1	NonProt	6	6	1	0.17143	0.33333	value>cut,value<cut	7.693	0.6029		1	Inf	1	-Inf:Inf				1	1	0.31579	0.31579	
TMEM38A,LAMC1	2,3	NonProt	6	6	1	0.18175	0.37361	cut<value<cut,value>cut	2.7524	3.1546	1.81196	1	Inf	1	-Inf:Inf				1	1	0.31579	0.31579	
X00000053274,CBS	1,2	NonProt	6	6	1	0.17143	0.34314	value<cut,cut<value<cut	-0.3374	-1.861	-0.10475	1	Inf	1	-Inf:Inf				1	1	0.31579	0.31579	
X00000053274,RBM46	1,1	NonProt	6	6	1	0.17143	0.33824	value<cut,value<cut	-0.40008	-2.43945		1	Inf	1	-Inf:Inf				1	1	0.31579	0.31579	
F2RL3,ZNF576	1,2	Prot	6	6	1	0.18571	0.38235	value<cut,cut<value<cut	-3.3308	3.741	3.9385	1	Inf	1	-Inf:Inf				1	1	0.3	0.3	
CBS,USP31	3,1	Prot	6	6	1	0.17143	0.35294	value>cut,value<cut	-0.0623	0.1535		1	Inf	1	-Inf:Inf				1	1	0.3	0.3	
TARM1,USP31	1,1	Prot	7	7	1	0.19512	0.38461	value<cut,value<cut	1.36113	0.13487		1	Inf	1	-Inf:Inf				1	1	0.35	0.35	
X00000053274,TARM1	2,1	Prot	6	6	1	0.17143	0.34056	cut<value<cut,value<cut	-0.35813	1.46247	1.369	1	Inf	1	-Inf:Inf				1	1	0.3	0.3	
LILRB1,A1BG	1,3	Prot	7	7	1	0.18857	0.36364	value<cut,value>cut	7.3051	-1.4146		1	Inf	1	-Inf:Inf				1	1	0.35	0.35	
STARD8,TMX2	1,3	Prot	6	6	1	0.18003	0.35517	value<cut,value>cut	0.64115	3.23708		1	Inf	1	-Inf:Inf				1	1	0.3	0.3	
USP31,X00000059995	1,2	Prot	6	6	1	0.17143	0.35294	value<cut,cut<value<cut	0.1535	-0.4414	0.7204	1	Inf	1	-Inf:Inf				1	1	0.3	0.3	
X00000053012,ZNF576	3,3	Prot	7	7	1	0.19302	0.37845	value>cut,value>cut	2.86688	3.9424		1	Inf	1	-Inf:Inf				1	1	0.35	0.35	
X00000064715,TARM1	3,1	Prot	6	6	1	0.17857	0.35191	value>cut,value<cut	1.95792	1.37538		1	Inf	1	-Inf:Inf				1	1	0.3	0.3	
FABP5,LOC702786	3,2	NonProt	6	6	1	0.17738	0.36806	value>cut,cut<value<cut	2.5016	-5.02065	-1.90228	1	Inf	1	-Inf:Inf				1	1	0.31579	0.31579	
LOC709056,LILRB1	1,3	NonProt	6	6	1	0.1791	0.37459	value<cut,value>cut	-0.427	7.699		1	Inf	1	-Inf:Inf				1	1	0.31579	0.31579	
LOC719667,LILRB1	3,3	NonProt	6	6	0.92857	0.18294	0.35417	value>cut,value>cut	4.99425	7.702		1	Inf	1	-Inf:Inf				1	1	0.31579	0.31579	
LOC719667,X00000053012	3,1	NonProt	6	6	1	0.18016	0.36533	value>cut,value<cut	4.98208	2.5819		1	Inf	1	-Inf:Inf				1	1	0.31579	0.31579	
CFAP70,LOC702786	3,2	NonProt	6	6	1	0.17143	0.33333	value>cut,cut<value<cut	2.3348	-5.0141	-2.3455	1	Inf	1	-Inf:Inf				1	1	0.31579	0.31579	
VSTM1,LILRB1	3,3	NonProt	6	6	1	0.17718	0.36428	value>cut,value>cut	5.17313	7.72262		1	Inf	1	-Inf:Inf				1	1	0.31579	0.31579	
F2RL3,LILRB1	2,3	NonProt	6	6	1	0.17143	0.33333	cut<value<cut,value>cut	-3.3308	-1.5483	7.693	1	Inf	1	-Inf:Inf				1	1	0.31579	0.31579	
LILRB1,X00000060253	3,1	NonProt	6	6	1	0.17143	0.35417	value>cut,value<cut	7.71975	1.1708		1	Inf	1	-Inf:Inf				1	1	0.31579	0.31579	
TARM1,HCN2	3,3	NonProt	7	6	0.95238	0.18862	0.37337	value>cut,value>cut	1.94633	-2.152		1	6.31578947368421	1	0.836:47.694				1	1	0.36842	0.31579	
X00000037843,TARM1	3,3	NonProt	6	6	1	0.17143	0.33333	value>cut,value>cut	2.7269	1.9697		1	Inf	1	-Inf:Inf				1	1	0.31579	0.31579	
F2RL3,HCN2	3,3	NonProt	6	6	1	0.18294	0.38542	value>cut,value>cut	-1.7784	-2.20795		1	Inf	1	-Inf:Inf				1	1	0.31579	0.31579	
DLK1,HCN2	3,3	NonProt	6	6	1	0.17714	0.34902	value>cut,value>cut	0.06186	-2.14006		1	Inf	1	-Inf:Inf				1	1	0.31579	0.31579	
CBS,KRTAP29.1	2,2	NonProt	6	6	1	0.17143	0.33333	cut<value<cut,cut<value<cut	-1.861	-0.0623	-5.0055	1	Inf	1	-Inf:Inf			-4.338	1	1	0.31579	0.31579	
ESR1,USP31	1,3	NonProt	6	6	1	0.17143	0.33333	value<cut,value>cut	0.6029	0.7293		1	Inf	1	-Inf:Inf				1	1	0.31579	0.31579	
KIR3DL0,A1BG	2,3	Prot	6	6	1	0.17143	0.35294	cut<value<cut,value>cut	2.9505	3.7	-1.3534	1	Inf	1	-Inf:Inf				1	1	0.3	0.3	
A1BG,X00000058729	3,3	Prot	6	6	1	0.17143	0.33437	value>cut,value>cut	-1.4227	-2.436		1	Inf	1	-Inf:Inf				1	1	0.3	0.3	
LOC719667,TNNT2	1,1	Prot	6	6	1	0.17143	0.35294	value<cut,value<cut	4.5205	-2.4322		1	Inf	1	-Inf:Inf				1	1	0.3	0.3	
F2RL3,A1BG	1,3	Prot	6	6	1	0.17143	0.35294	value<cut,value>cut	-3.3308	-1.3534		1	Inf	1	-Inf:Inf				1	1	0.3	0.3	
RBM46,DLK1	3,1	Prot	6	6	1	0.18492	0.36304	value>cut,value<cut	-1.03587	-1.8851		1	Inf	1	-Inf:Inf				1	1	0.3	0.3	
VSTM1,THRB	1,1	Prot	6	6	1	0.18175	0.34819	value<cut,value<cut	4.3583	-4.87122		1	Inf	1	-Inf:Inf				1	1	0.3	0.3	
ESR1,MYH15	3,1	Prot	6	6	1	0.17048	0.331	value>cut,value<cut	1.06664	-2.32256		1	Inf	1	-Inf:Inf				1	1	0.3	0.3	
VSTM1,A1BG	1,3	Prot	8	8	1	0.22857	0.45752	value<cut,value>cut	4.41025	-1.3534		1	Inf	1	-Inf:Inf				1	1	0.4	0.4	
KIR3DL0,X00000064715	1,1	NonProt	6	6	1	0.17143	0.34314	value<cut,value<cut	2.9035	-0.01805		1	Inf	1	-Inf:Inf				1	1	0.31579	0.31579	
LOC709056,LTC4S	1,3	NonProt	6	6	1	0.18492	0.37187	value<cut,value>cut	-0.41483	0.60397		1	Inf	1	-Inf:Inf				1	1	0.31579	0.31579	
X00000053012,CTH	1,3	NonProt	7	7	1	0.19104	0.39297	value<cut,value>cut	2.57273	-0.73246		1	Inf	1	-Inf:Inf				1	1	0.36842	0.36842	
X00000059200,ZNF576	1,1	NonProt	6	6	1	0.17143	0.33333	value<cut,value<cut	-0.4139	3.741		1	Inf	1	-Inf:Inf				1	1	0.31579	0.31579	
STARD8,LOC701920	3,1	NonProt	7	7	1	0.19184	0.38965	value>cut,value<cut	1.46817	5.25521		1	Inf	1	-Inf:Inf				1	1	0.36842	0.36842	
STARD8,THRB	3,3	NonProt	6	6	1	0.18571	0.37575	value>cut,value>cut	1.4746	-3.13505		1	Inf	1	-Inf:Inf				1	1	0.31579	0.31579	
KIR3DL0,TARM1	1,3	NonProt	8	7	0.9375	0.21111	0.41319	value<cut,value>cut	2.9505	1.93465		1	7.36842105263158	1	0.998:54.391				1	1	0.42105	0.36842	
KIR3DL0,STARD8	1,3	NonProt	7	7	1	0.19184	0.38918	value<cut,value>cut	2.79407	1.46817		1	Inf	1	-Inf:Inf				1	1	0.36842	0.36842	
STARD8,LOC114669850	3,1	NonProt	6	6	1	0.18571	0.3773	value>cut,value<cut	1.46804	-0.1587		1	Inf	1	-Inf:Inf				1	1	0.31579	0.31579	
TMEM38A,SDK2	3,1	NonProt	6	6	1	0.17143	0.33333	value>cut,value<cut	3.15	-0.72615		1	Inf	1	-Inf:Inf				1	1	0.31579	0.31579	
TMEM38A,A1BG	1,3	Prot	6	6	1	0.17048	0.33843	value<cut,value>cut	2.7596	-1.43124		1	Inf	1	-Inf:Inf				1	1	0.3	0.3	
A1BG,LTC4S	3,1	Prot	6	6	1	0.16984	0.33529	value>cut,value<cut	-1.45523	-0.46503		1	Inf	1	-Inf:Inf				1	1	0.3	0.3	
LOC701920,A1BG	3,3	Prot	6	6	1	0.17064	0.33466	value>cut,value>cut	5.524	-1.43665		1	Inf	1	-Inf:Inf				1	1	0.3	0.3	
KIR3DL0,LAMC1	2,2	Prot	6	6	1	0.17143	0.35294	cut<value<cut,cut<value<cut	2.9505	3.7	0.903	1	Inf	1	-Inf:Inf			1.8291	1	1	0.3	0.3	
X00000037843,CBS	1,3	Prot	6	6	1	0.17143	0.35294	value<cut,value>cut	2.4673	-0.0623		1	Inf	1	-Inf:Inf				1	1	0.3	0.3	
CBS,ZNF576	3,2	Prot	6	6	1	0.16984	0.32291	value>cut,cut<value<cut	0.03303	3.741	3.9385	1	Inf	1	-Inf:Inf				1	1	0.3	0.3	
CFAP70,A1BG	3,1	NonProt	6	6	1	0.16905	0.35417	value>cut,value<cut	2.25975	-2.00925		1	Inf	1	-Inf:Inf				1	1	0.31579	0.31579	
X00000053274,X00000059200	1,1	NonProt	6	6	1	0.17937	0.36574	value<cut,value<cut	-0.45233	-0.4353		1	Inf	1	-Inf:Inf				1	1	0.31579	0.31579	
KIR3DL0,HCN2	1,3	NonProt	7	7	0.95238	0.20767	0.41149	value<cut,value>cut	2.91917	-2.152		1	Inf	1	-Inf:Inf				1	1	0.36842	0.36842	
VSTM1,CBS	1,3	Prot	6	6	1	0.17143	0.35294	value<cut,value>cut	4.474	-0.0623		1	Inf	1	-Inf:Inf				1	1	0.3	0.3	
X00000037843,X00000059200	1,3	Prot	6	6	1	0.17048	0.32708	value<cut,value>cut	2.46836	2.82986		1	Inf	1	-Inf:Inf				1	1	0.3	0.3	
FABP5,X00000037843	2,1	Prot	6	6	1	0.17064	0.33173	cut<value<cut,value<cut	1.99295	2.45695	2.47008	1	Inf	1	-Inf:Inf				1	1	0.3	0.3	
RBM46,USP31	3,1	Prot	6	6	1	0.17857	0.36274	value>cut,value<cut	-1.02085	0.12612		1	Inf	1	-Inf:Inf				1	1	0.3	0.3	
USP31,X00000058427	1,1	Prot	6	6	1	0.17143	0.35294	value<cut,value<cut	0.1535	1.211		1	Inf	1	-Inf:Inf				1	1	0.3	0.3	
TNNT2,X00000058427	1,1	Prot	6	6	1	0.17143	0.35294	value<cut,value<cut	-2.4322	1.211		1	Inf	1	-Inf:Inf				1	1	0.3	0.3	
X00000064313,C5H4orf45	3,1	Prot	6	6	1	0.17143	0.35294	value>cut,value<cut	-0.96	0.5411		1	Inf	1	-Inf:Inf				1	1	0.3	0.3	
X00000037843,LOC719667	3,3	NonProt	6	6	1	0.17143	0.33333	value>cut,value>cut	2.7269	5.033		1	Inf	1	-Inf:Inf				1	1	0.31579	0.31579	
TARM1,LILRB1	3,3	NonProt	6	6	1	0.16905	0.35417	value>cut,value>cut	1.93465	7.702		1	Inf	1	-Inf:Inf				1	1	0.31579	0.31579	
LOC719667,CFAP70	3,3	NonProt	6	6	1	0.17143	0.33987	value>cut,value>cut	5.003	2.34737		1	Inf	1	-Inf:Inf				1	1	0.31579	0.31579	
VSTM1,LTC4S	3,3	NonProt	7	7	1	0.2	0.38889	value>cut,value>cut	5.2235	0.5971		1	Inf	1	-Inf:Inf				1	1	0.36842	0.36842	
LOC719667,X00000056965	3,1	NonProt	6	6	1	0.17024	0.34865	value>cut,value<cut	5.00238	-3.4486		1	Inf	1	-Inf:Inf				1	1	0.31579	0.31579	
LOC719667,VSTM1	3,3	NonProt	6	6	1	0.17048	0.35392	value>cut,value>cut	4.9905	5.2033		1	Inf	1	-Inf:Inf				1	1	0.31579	0.31579	
X00000037843,LAMC1	3,3	NonProt	6	6	1	0.16905	0.35417	value>cut,value>cut	2.7269	1.78625		1	Inf	1	-Inf:Inf				1	1	0.31579	0.31579	
X00000037843,X00000059995	3,1	NonProt	6	6	1	0.17143	0.33333	value>cut,value<cut	2.7269	-0.4414		1	Inf	1	-Inf:Inf				1	1	0.31579	0.31579	
LOC709056,A1BG	1,2	NonProt	6	6	1	0.17064	0.34681	value<cut,cut<value<cut	-0.41093	-1.99475	-1.4275	1	Inf	1	-Inf:Inf				1	1	0.31579	0.31579	
FABP5,TMX2	3,1	NonProt	6	6	1	0.17143	0.34167	value>cut,value<cut	2.46534	2.8516		1	Inf	1	-Inf:Inf				1	1	0.31579	0.31579	
LOC701920,ESR1	1,1	NonProt	6	6	1	0.17143	0.35	value<cut,value<cut	5.2571	0.56184		1	Inf	1	-Inf:Inf				1	1	0.31579	0.31579	
X00000037843,STARD8	3,3	NonProt	7	7	1	0.19048	0.38984	value>cut,value>cut	2.9142	1.4746		1	Inf	1	-Inf:Inf				1	1	0.36842	0.36842	
X00000059200,TMX2	1,1	NonProt	6	6	1	0.17143	0.35417	value<cut,value<cut	-0.4139	2.857		1	Inf	1	-Inf:Inf				1	1	0.31579	0.31579	
X00000037843,LILRB1	3,3	NonProt	7	6	0.92857	0.19722	0.38194	value>cut,value>cut	2.7269	7.702		1	6.31578947368421	1	0.836:47.694				1	1	0.36842	0.31579	
X00000059200,LAMC1	1,3	NonProt	6	6	1	0.17857	0.37296	value<cut,value>cut	-0.41565	1.76985		1	Inf	1	-Inf:Inf				1	1	0.31579	0.31579	
X00000053274,X00000059995	1,1	NonProt	6	6	1	0.16984	0.34722	value<cut,value<cut	-0.45233	-0.42903		1	Inf	1	-Inf:Inf				1	1	0.31579	0.31579	
USP31,X00000064369	1,3	Prot	7	7	1	0.18746	0.36388	value<cut,value>cut	0.08538	3.30648		1	Inf	1	-Inf:Inf				1	1	0.35	0.35	
TARM1,A1BG	1,3	Prot	6	6	1	0.17143	0.34314	value<cut,value>cut	1.38175	-1.3534		1	Inf	1	-Inf:Inf				1	1	0.3	0.3	
X00000037843,TMX2	1,2	Prot	6	6	1	0.17143	0.33333	value<cut,cut<value<cut	2.4673	2.857	3.24	1	Inf	1	-Inf:Inf				1	1	0.3	0.3	
X00000064715,X00000059995	3,3	Prot	6	6	1	0.17143	0.33333	value>cut,value>cut	1.9788	0.6267		1	Inf	1	-Inf:Inf				1	1	0.3	0.3	
TMX2,THRB	1,3	NonProt	6	6	1	0.17143	0.35294	value<cut,value>cut	2.857	-3.1655		1	Inf	1	-Inf:Inf				1	1	0.31579	0.31579	
LOC702786,C5H4orf45	2,3	NonProt	6	6	1	0.17143	0.35294	cut<value<cut,value>cut	-4.9522	-0.9418	1.5752	1	Inf	1	-Inf:Inf				1	1	0.31579	0.31579	
FABP5,TNNT2	1,1	Prot	7	7	1	0.2	0.38889	value<cut,value<cut	1.991	-2.361		1	Inf	1	-Inf:Inf				1	1	0.35	0.35	
FABP5,X00000053012	1,3	Prot	6	6	1	0.18003	0.35279	value<cut,value>cut	1.99315	2.86568		1	Inf	1	-Inf:Inf				1	1	0.3	0.3	
FABP5,C5H4orf45	1,1	Prot	6	6	1	0.16905	0.31667	value<cut,value<cut	1.99485	0.1148		1	Inf	1	-Inf:Inf				1	1	0.3	0.3	
FABP5,CFAP70	1,2	Prot	6	6	1	0.16984	0.31637	value<cut,cut<value<cut	1.99187	0.1011	2.23473	1	Inf	1	-Inf:Inf				1	1	0.3	0.3	
TNNT2,X00000064369	1,3	Prot	6	6	1	0.17143	0.33333	value<cut,value>cut	-2.3553	3.29885		1	Inf	1	-Inf:Inf				1	1	0.3	0.3	
DLK1,LTC4S	1,1	Prot	6	6	1	0.17143	0.33333	value<cut,value<cut	-1.9567	-0.2908		1	Inf	1	-Inf:Inf				1	1	0.3	0.3	
SDK2,X00000059995	3,3	Prot	6	6	1	0.16905	0.31667	value>cut,value>cut	0.74735	0.6383		1	Inf	1	-Inf:Inf				1	1	0.3	0.3	
X00000053274,LOC715623	1,1	NonProt	6	6	1	0.16905	0.36397	value<cut,value<cut	-0.32145	-1.80225		1	Inf	1	-Inf:Inf				1	1	0.31579	0.31579	
ZNF576,X00000056965	1,1	NonProt	6	6	1	0.16984	0.36765	value<cut,value<cut	3.741	-3.42927		1	Inf	1	-Inf:Inf				1	1	0.31579	0.31579	
TMX2,CFAP70	1,3	NonProt	6	6	1	0.17143	0.34314	value<cut,value>cut	2.857	2.173		1	Inf	1	-Inf:Inf				1	1	0.31579	0.31579	
X00000064313,KRTAP29.1	1,2	NonProt	6	6	1	0.17143	0.36397	value<cut,cut<value<cut	-2.6169	-5.01225	-1.204	1	Inf	1	-Inf:Inf				1	1	0.31579	0.31579	
LILRB1,LOC702786	3,2	NonProt	6	6	1	0.17143	0.36397	value>cut,cut<value<cut	7.73062	-4.95335	-0.63298	1	Inf	1	-Inf:Inf				1	1	0.31579	0.31579	
FABP5,ZNF576	3,1	NonProt	6	6	1	0.18016	0.37071	value>cut,value<cut	2.46235	3.74567		1	Inf	1	-Inf:Inf				1	1	0.31579	0.31579	
X00000053012,TRIM16	1,1	NonProt	6	6	1	0.17143	0.35294	value<cut,value<cut	2.6072	-1.628		1	Inf	1	-Inf:Inf				1	1	0.31579	0.31579	
LOC702786,CTH	2,3	NonProt	6	6	1	0.18571	0.37255	cut<value<cut,value>cut	-4.98755	-1.64365	-0.6032	1	Inf	1	-Inf:Inf				1	1	0.31579	0.31579	
LOC715623,X00000064369	1,1	NonProt	6	6	1	0.16905	0.36397	value<cut,value<cut	-1.80225	2.57635		1	Inf	1	-Inf:Inf				1	1	0.31579	0.31579	
FABP5,LAMC1	3,3	NonProt	6	6	1	0.17526	0.36091	value>cut,value>cut	2.44657	1.79333		1	Inf	1	-Inf:Inf				1	1	0.31579	0.31579	
X00000060253,LAMC1	3,1	Prot	6	6	1	0.17143	0.33333	value>cut,value<cut	2.0932	0.9754		1	Inf	1	-Inf:Inf				1	1	0.3	0.3	
VSTM1,F2RL3	1,1	Prot	6	6	1	0.18571	0.3609	value<cut,value<cut	4.32938	-3.62197		1	Inf	1	-Inf:Inf				1	1	0.3	0.3	
FABP5,LTC4S	1,1	Prot	7	7	1	0.2	0.38889	value<cut,value<cut	1.991	-0.2908		1	Inf	1	-Inf:Inf				1	1	0.35	0.35	
VSTM1,ZNF576	1,3	Prot	6	6	1	0.17143	0.33402	value<cut,value>cut	4.3465	3.945		1	Inf	1	-Inf:Inf				1	1	0.3	0.3	
VSTM1,LOC702786	1,3	Prot	6	6	1	0.16905	0.31667	value<cut,value>cut	4.31225	-0.9418		1	Inf	1	-Inf:Inf				1	1	0.3	0.3	
VSTM1,KRTAP29.1	1,3	Prot	6	6	1	0.17143	0.33333	value<cut,value>cut	4.3465	-1.3285		1	Inf	1	-Inf:Inf				1	1	0.3	0.3	
VSTM1,TNNT2	1,1	Prot	6	6	1	0.17143	0.33385	value<cut,value<cut	4.32938	-2.41023		1	Inf	1	-Inf:Inf				1	1	0.3	0.3	
VSTM1,RBM46	1,3	Prot	6	6	1	0.17064	0.33139	value<cut,value>cut	4.32367	-1.03192		1	Inf	1	-Inf:Inf				1	1	0.3	0.3	
TNNT2,LOC709056	1,2	Prot	7	7	1	0.19048	0.37008	value<cut,cut<value<cut	-2.4029	-0.36277	0.79077	1	Inf	1	-Inf:Inf				1	1	0.35	0.35	
THRB,LAMC1	1,1	Prot	6	6	1	0.17143	0.33333	value<cut,value<cut	-4.8763	0.9754		1	Inf	1	-Inf:Inf				1	1	0.3	0.3	
LOC719667,USP31	2,1	Prot	6	6	1	0.17143	0.34641	cut<value<cut,value<cut	4.04733	4.987	0.117	1	Inf	1	-Inf:Inf				1	1	0.3	0.3	
X00000053274,LOC709056	3,2	Prot	6	6	1	0.18095	0.35873	value>cut,cut<value<cut	1.53008	-0.41093	0.73673	1	Inf	1	-Inf:Inf				1	1	0.3	0.3	
X00000053274,HEY1	3,1	Prot	6	6	1	0.17143	0.32456	value>cut,value<cut	1.66145	-2.0395		1	Inf	1	-Inf:Inf				1	1	0.3	0.3	
STARD8,SDK2	1,3	Prot	6	6	1	0.17143	0.33333	value<cut,value>cut	0.6779	0.7789		1	Inf	1	-Inf:Inf				1	1	0.3	0.3	
TNNT2,RBM46	1,3	Prot	6	6	1	0.17143	0.34314	value<cut,value>cut	-2.3966	-0.9358		1	Inf	1	-Inf:Inf				1	1	0.3	0.3	
USP31,LAMC1	1,2	Prot	6	6	1	0.17143	0.32164	value<cut,cut<value<cut	0.0609	0.94073	1.83707	1	Inf	1	-Inf:Inf				1	1	0.3	0.3	
ESR1,USP31	3,1	Prot	6	6	1	0.16984	0.31637	value>cut,value<cut	1.04957	0.0609		1	Inf	1	-Inf:Inf				1	1	0.3	0.3	
F2RL3,DLK1	3,3	NonProt	6	6	1	0.17143	0.34641	value>cut,value>cut	-1.67753	0.0257		1	Inf	1	-Inf:Inf				1	1	0.31579	0.31579	
DLK1,LOC702786	3,2	NonProt	6	6	1	0.17143	0.35294	value>cut,cut<value<cut	-0.1551	-4.9522	-0.9418	1	Inf	1	-Inf:Inf				1	1	0.31579	0.31579	
X00000064715,LOC702786	2,2	NonProt	6	6	1	0.17857	0.35703	cut<value<cut,cut<value<cut	0.0895	1.93218	-4.94438	1	Inf	1	-Inf:Inf			-0.72527	1	1	0.31579	0.31579	
X00000053012,LTC4S	3,1	Prot	6	6	1	0.17143	0.33875	value>cut,value<cut	2.87615	-0.40035		1	Inf	1	-Inf:Inf				1	1	0.3	0.3	
TNNT2,X00000053012	1,3	Prot	6	6	1	0.17143	0.33333	value<cut,value>cut	-2.361	2.8896		1	Inf	1	-Inf:Inf				1	1	0.3	0.3	
X00000053274,USP31	3,1	Prot	6	6	1	0.17143	0.33987	value>cut,value<cut	1.5977	0.18393		1	Inf	1	-Inf:Inf				1	1	0.3	0.3	
ESR1,X00000060253	1,1	NonProt	6	6	1	0.17143	0.35294	value<cut,value<cut	0.5914	1.1219		1	Inf	1	-Inf:Inf				1	1	0.31579	0.31579	
SMIM2,HCN2	3,3	NonProt	6	6	1	0.17143	0.35294	value>cut,value>cut	0.9118	-2.0401		1	Inf	1	-Inf:Inf				1	1	0.31579	0.31579	
LAMC1,HEY1	1,1	Prot	6	6	1	0.17143	0.33333	value<cut,value<cut	0.9754	-2.02		1	Inf	1	-Inf:Inf				1	1	0.3	0.3	
VSTM1,LTC4S	1,1	Prot	8	8	1	0.21359	0.41649	value<cut,value<cut	4.37562	-0.44744		1	Inf	1	-Inf:Inf				1	1	0.4	0.4	
LOC709056,TRIM16	1,1	NonProt	6	6	1	0.17143	0.34314	value<cut,value<cut	-0.3788	-1.67025		1	Inf	1	-Inf:Inf				1	1	0.31579	0.31579	
TARM1,DLK1	3,3	NonProt	7	7	1	0.19512	0.40733	value>cut,value>cut	2.00887	-0.03056		1	Inf	1	-Inf:Inf				1	1	0.36842	0.36842	
DLK1,KRTAP29.1	3,2	NonProt	6	6	1	0.17143	0.35294	value>cut,cut<value<cut	-0.1551	-4.997	-1.3285	1	Inf	1	-Inf:Inf				1	1	0.31579	0.31579	
TARM1,CTH	3,3	NonProt	6	6	1	0.1791	0.37459	value>cut,value>cut	1.96913	-0.83213		1	Inf	1	-Inf:Inf				1	1	0.31579	0.31579	
X00000053012,X00000059995	1,1	NonProt	6	6	1	0.18095	0.37459	value<cut,value<cut	2.5659	-0.43217		1	Inf	1	-Inf:Inf				1	1	0.31579	0.31579	
LILRB1,KRTAP29.1	3,2	NonProt	6	6	1	0.17075	0.35679	value>cut,cut<value<cut	7.74579	-4.98607	-0.2805	1	Inf	1	-Inf:Inf				1	1	0.31579	0.31579	
KRTAP29.1,SMIM2	2,3	NonProt	6	6	1	0.17143	0.35294	cut<value<cut,value>cut	-4.997	-1.3285	0.9118	1	Inf	1	-Inf:Inf				1	1	0.31579	0.31579	
KRTAP29.1,TRIM16	2,1	NonProt	7	7	1	0.2	0.41176	cut<value<cut,value<cut	-4.997	-1.3285	-1.628	1	Inf	1	-Inf:Inf				1	1	0.36842	0.36842	
LOC709056,TMX2	1,1	NonProt	6	6	1	0.18452	0.38215	value<cut,value<cut	-0.42115	2.8775		1	Inf	1	-Inf:Inf				1	1	0.31579	0.31579	
LOC709056,SMIM2	1,3	NonProt	6	6	1	0.16905	0.36397	value<cut,value>cut	-0.4153	0.9118		1	Inf	1	-Inf:Inf				1	1	0.31579	0.31579	
FABP5,DLK1	1,1	Prot	6	6	1	0.17143	0.33987	value<cut,value<cut	1.99187	-1.884		1	Inf	1	-Inf:Inf				1	1	0.3	0.3	
THRB,HCN2	1,2	Prot	6	6	1	0.17143	0.33333	value<cut,cut<value<cut	-4.8763	-3.1067	-2.0401	1	Inf	1	-Inf:Inf				1	1	0.3	0.3	
X00000053012,X00000059995	2,3	Prot	6	6	1	0.17143	0.33333	cut<value<cut,value>cut	2.6072	2.8896	0.6267	1	Inf	1	-Inf:Inf				1	1	0.3	0.3	
X00000059200,X00000064369	1,1	NonProt	6	6	1	0.17024	0.35907	value<cut,value<cut	-0.4184	2.59397		1	Inf	1	-Inf:Inf				1	1	0.31579	0.31579	
LOC702786,SMIM2	2,3	NonProt	6	6	1	0.17143	0.35294	cut<value<cut,value>cut	-4.9522	-0.9418	0.9118	1	Inf	1	-Inf:Inf				1	1	0.31579	0.31579	
FABP5,SDK2	3,2	NonProt	6	6	1	0.17143	0.35376	value>cut,cut<value<cut	2.47813	-0.96123	0.61047	1	Inf	1	-Inf:Inf				1	1	0.31579	0.31579	
TMX2,LOC701920	1,1	NonProt	6	6	1	0.18571	0.37091	value<cut,value<cut	2.85025	5.27		1	Inf	1	-Inf:Inf				1	1	0.31579	0.31579	
X00000064715,USP31	3,1	Prot	7	7	1	0.19512	0.37604	value>cut,value<cut	1.96729	0.08607		1	Inf	1	-Inf:Inf				1	1	0.35	0.35	
X00000037843,HCN2	1,2	Prot	6	6	1	0.16984	0.31637	value<cut,cut<value<cut	2.46407	-3.0387	-2.1321	1	Inf	1	-Inf:Inf				1	1	0.3	0.3	
THRB,X00000058729	1,3	Prot	6	6	1	0.17143	0.31579	value<cut,value>cut	-4.8418	-2.5992		1	Inf	1	-Inf:Inf				1	1	0.3	0.3	
KIR3DL0,X00000058729	2,3	Prot	7	7	1	0.2	0.36842	cut<value<cut,value>cut	2.778	3.634	-2.5992	1	Inf	1	-Inf:Inf				1	1	0.35	0.35	
LOC715623,SDK2	3,3	Prot	6	6	1	0.17143	0.31579	value>cut,value>cut	-0.5711	0.4804		1	Inf	1	-Inf:Inf				1	1	0.3	0.3	
F2RL3,THRB	3,3	NonProt	6	6	1	0.16905	0.375	value>cut,value>cut	-1.9713	-3.20485		1	Inf	1	-Inf:Inf				1	1	0.31579	0.31579	
F2RL3,SMIM2	3,2	NonProt	6	6	1	0.17143	0.375	value>cut,cut<value<cut	-1.9341	-0.2444	1.101	1	Inf	1	-Inf:Inf				1	1	0.31579	0.31579	
CBS,X00000053012	3,2	Prot	6	6	1	0.17143	0.31579	value>cut,cut<value<cut	0.0807	2.5668	2.8597	1	Inf	1	-Inf:Inf				1	1	0.3	0.3	
LOC701920,MYH15	2,1	Prot	6	6	1	0.18571	0.3421	cut<value<cut,value<cut	5.2505	5.5265	-2.3565	1	Inf	1	-Inf:Inf				1	1	0.3	0.3	
X00000053012,ZNF576	2,2	Prot	7	7	1	0.20767	0.39427	cut<value<cut,cut<value<cut	2.5659	2.8597	3.741	1	Inf	1	-Inf:Inf			3.9385	1	1	0.35	0.35	
LOC719667,F2RL3	1,1	Prot	6	6	1	0.17143	0.31579	value<cut,value<cut	4.10025	-3.86505		1	Inf	1	-Inf:Inf				1	1	0.3	0.3	
LAMC1,X00000056965	2,2	Prot	7	7	1	0.2	0.36842	cut<value<cut,cut<value<cut	0.9234	1.8291	-3.4706	1	Inf	1	-Inf:Inf			-1.9257	1	1	0.35	0.35	
LOC709056,C5H4orf45	2,1	Prot	6	6	1	0.17143	0.33437	cut<value<cut,value<cut	-0.3905	0.74765	0.1759	1	Inf	1	-Inf:Inf				1	1	0.3	0.3	
KRTAP29.1,C5H4orf45	3,1	Prot	6	6	1	0.17143	0.31579	value>cut,value<cut	1.954	0.1759		1	Inf	1	-Inf:Inf				1	1	0.3	0.3	
C5H4orf45,SDK2	1,3	Prot	7	7	1	0.2	0.36842	value<cut,value>cut	0.1759	0.4804		1	Inf	1	-Inf:Inf				1	1	0.35	0.35	
X00000053012,SDK2	3,3	Prot	6	6	1	0.17143	0.31579	value>cut,value>cut	2.8597	0.4804		1	Inf	1	-Inf:Inf				1	1	0.3	0.3	
X00000064369,ZNF576	1,1	NonProt	6	6	1	0.16984	0.375	value<cut,value<cut	2.5624	3.741		1	Inf	1	-Inf:Inf				1	1	0.31579	0.31579	
X00000053274,SDK2	2,3	Prot	6	6	1	0.17143	0.31579	cut<value<cut,value>cut	-0.2752	1.7252	0.4804	1	Inf	1	-Inf:Inf				1	1	0.3	0.3	
SMIM2,X00000059995	1,2	Prot	6	6	1	0.17143	0.33437	value<cut,cut<value<cut	-0.26205	-0.40175	0.6956	1	Inf	1	-Inf:Inf				1	1	0.3	0.3	
TMX2,ESR1	2,3	Prot	6	6	1	0.17143	0.31579	cut<value<cut,value>cut	2.857	3.24	1.0667	1	Inf	1	-Inf:Inf				1	1	0.3	0.3	
STARD8,TMX2	2,2	Prot	6	6	1	0.18571	0.36068	cut<value<cut,cut<value<cut	0.6776	1.48085	2.85025	1	Inf	1	-Inf:Inf			3.22825	1	1	0.3	0.3	
DLK1,ZNF576	2,2	Prot	7	7	1	0.19889	0.3895	cut<value<cut,cut<value<cut	-1.85644	-0.0195	3.7466	1	Inf	1	-Inf:Inf			3.9411	1	1	0.35	0.35	
TMX2,X00000059995	2,2	Prot	6	6	1	0.17143	0.32456	cut<value<cut,cut<value<cut	2.8775	3.2415	-0.3992	1	Inf	1	-Inf:Inf			0.6956	1	1	0.3	0.3	
LTC4S,ZNF576	1,2	Prot	6	6	1	0.17143	0.33437	value<cut,cut<value<cut	-0.4734	3.741	3.9385	1	Inf	1	-Inf:Inf				1	1	0.3	0.3	
TARM1,TRIM16	1,3	Prot	6	6	1	0.17143	0.31579	value<cut,value>cut	1.369	-0.9464		1	Inf	1	-Inf:Inf				1	1	0.3	0.3	
A1BG,ZNF576	3,2	Prot	6	6	1	0.17143	0.31579	value>cut,cut<value<cut	-1.492	3.741	3.9385	1	Inf	1	-Inf:Inf				1	1	0.3	0.3	
LOC719667,X00000059995	2,2	Prot	6	6	1	0.17143	0.31579	cut<value<cut,cut<value<cut	4.2055	4.964	-0.3992	1	Inf	1	-Inf:Inf			0.6708	1	1	0.3	0.3	
RBM46,X00000064369	3,3	Prot	6	6	1	0.17143	0.31579	value>cut,value>cut	-1.1459	3.369		1	Inf	1	-Inf:Inf				1	1	0.3	0.3	
C5H4orf45,SMIM2	1,1	Prot	7	7	1	0.2	0.36842	value<cut,value<cut	0.1759	-0.2444		1	Inf	1	-Inf:Inf				1	1	0.35	0.35	
VSTM1,X00000058729	1,3	Prot	6	6	1	0.17143	0.31579	value<cut,value>cut	4.474	-2.5992		1	Inf	1	-Inf:Inf				1	1	0.3	0.3	
VSTM1,C5H4orf45	1,1	Prot	7	7	1	0.2	0.36842	value<cut,value<cut	4.474	0.1759		1	Inf	1	-Inf:Inf				1	1	0.35	0.35	
SMIM2,X00000058729	1,3	Prot	6	6	1	0.17143	0.31579	value<cut,value>cut	-0.2444	-2.5992		1	Inf	1	-Inf:Inf				1	1	0.3	0.3	
STARD8,X00000058729	2,3	Prot	6	6	1	0.17143	0.31579	cut<value<cut,value>cut	0.6394	1.4671	-2.5992	1	Inf	1	-Inf:Inf				1	1	0.3	0.3	
X00000058729,X00000058427	3,1	Prot	6	6	1	0.17143	0.31579	value>cut,value<cut	-2.436	1.2264		1	Inf	1	-Inf:Inf				1	1	0.3	0.3	
LOC715623,X00000058729	3,3	Prot	7	7	1	0.2	0.36842	value>cut,value>cut	-0.5711	-2.5992		1	Inf	1	-Inf:Inf				1	1	0.35	0.35	
LOC715623,C5H4orf45	3,1	Prot	6	6	1	0.17143	0.33402	value>cut,value<cut	-0.5987	0.2264		1	Inf	1	-Inf:Inf				1	1	0.3	0.3	
LOC709056,ESR1	2,3	Prot	7	7	1	0.19147	0.36506	cut<value<cut,value>cut	-0.427	0.6909	1.06058	1	Inf	1	-Inf:Inf				1	1	0.35	0.35	
LOC701920,SDK2	3,3	Prot	6	6	1	0.17143	0.31579	value>cut,value>cut	5.486	0.4804		1	Inf	1	-Inf:Inf				1	1	0.3	0.3	
LOC114669850,SDK2	3,3	Prot	6	6	1	0.17143	0.31579	value>cut,value>cut	1.5684	0.4804		1	Inf	1	-Inf:Inf				1	1	0.3	0.3	
LOC701920,LOC715623	3,3	Prot	6	6	1	0.17143	0.31579	value>cut,value>cut	5.486	-0.5711		1	Inf	1	-Inf:Inf				1	1	0.3	0.3	
X00000053012,HCN2	3,1	Prot	6	6	1	0.1754	0.34154	value>cut,value<cut	2.86568	-2.93347		1	Inf	1	-Inf:Inf				1	1	0.3	0.3	
LOC702786,MYH15	3,1	Prot	6	6	1	0.17937	0.32807	value>cut,value<cut	-0.90833	-2.37037		1	Inf	1	-Inf:Inf				1	1	0.3	0.3	
KRTAP29.1,X00000058729	3,3	Prot	6	6	1	0.17143	0.31579	value>cut,value>cut	1.954	-2.5992		1	Inf	1	-Inf:Inf				1	1	0.3	0.3	
RBM46,SMIM2	3,1	Prot	7	7	1	0.2	0.36842	value>cut,value<cut	-1.1459	-0.2444		1	Inf	1	-Inf:Inf				1	1	0.35	0.35	
X00000053274,X00000058729	2,3	Prot	6	6	1	0.17143	0.31579	cut<value<cut,value>cut	-0.2752	1.7252	-2.5992	1	Inf	1	-Inf:Inf				1	1	0.3	0.3	
X00000037843,DLK1	3,3	NonProt	6	6	1	0.17143	0.375	value>cut,value>cut	2.999	-0.1047		1	Inf	1	-Inf:Inf				1	1	0.31579	0.31579	
LILRB1,DLK1	3,3	NonProt	6	6	1	0.17143	0.36397	value>cut,value>cut	7.702	-0.0072		1	Inf	1	-Inf:Inf				1	1	0.31579	0.31579	
X00000037843,F2RL3	3,3	NonProt	6	6	1	0.16984	0.375	value>cut,value>cut	2.9083	-1.9589		1	Inf	1	-Inf:Inf				1	1	0.31579	0.31579	
USP31,X00000056965	1,2	Prot	6	6	1	0.17937	0.34045	value<cut,cut<value<cut	0.0872	-3.4706	-2.0626	1	Inf	1	-Inf:Inf				1	1	0.3	0.3	
TNNT2,DLK1	1,1	Prot	6	6	1	0.17143	0.32817	value<cut,value<cut	-2.47613	-1.8596		1	Inf	1	-Inf:Inf				1	1	0.3	0.3	
STARD8,X00000064369	2,3	Prot	6	6	1	0.17143	0.31579	cut<value<cut,value>cut	0.6394	1.48085	3.3515	1	Inf	1	-Inf:Inf				1	1	0.3	0.3	
X00000064715,X00000056965	3,2	Prot	6	6	1	0.17143	0.31579	value>cut,cut<value<cut	1.9788	-3.4706	-1.9257	1	Inf	1	-Inf:Inf				1	1	0.3	0.3	
TARM1,THRB	3,3	NonProt	6	6	1	0.16984	0.36111	value>cut,value>cut	2.0335	-3.19173		1	Inf	1	-Inf:Inf				1	1	0.31579	0.31579	
SDK2,X00000058427	2,3	NonProt	6	6	1	0.17143	0.375	cut<value<cut,value>cut	-1.1013	0.4804	1.8342	1	Inf	1	-Inf:Inf				1	1	0.31579	0.31579	
FABP5,X00000064715	3,1	NonProt	6	6	1	0.17143	0.35417	value>cut,value<cut	2.415	-0.0845		1	Inf	1	-Inf:Inf				1	1	0.31579	0.31579	
VSTM1,LOC709056	1,2	Prot	6	6	1	0.17024	0.32552	value<cut,cut<value<cut	4.34412	-0.427	0.6909	1	Inf	1	-Inf:Inf				1	1	0.3	0.3	
TARM1,X00000060146	1,2	Prot	6	6	1	0.17143	0.33437	value<cut,cut<value<cut	1.369	-4.82775	-3.17825	1	Inf	1	-Inf:Inf				1	1	0.3	0.3	
X00000064715,CFAP70	3,2	Prot	7	7	1	0.2	0.36842	value>cut,cut<value<cut	1.9788	0.0876	2.3348	1	Inf	1	-Inf:Inf				1	1	0.35	0.35	
VSTM1,X00000064715	1,3	Prot	6	6	1	0.17143	0.32164	value<cut,value>cut	4.389	2.0494		1	Inf	1	-Inf:Inf				1	1	0.3	0.3	
TMX2,F2RL3	3,1	Prot	6	6	1	0.17064	0.32847	value>cut,value<cut	3.23708	-3.94278		1	Inf	1	-Inf:Inf				1	1	0.3	0.3	
VSTM1,LOC114669850	1,3	Prot	6	6	1	0.17143	0.31579	value<cut,value>cut	4.474	1.5684		1	Inf	1	-Inf:Inf				1	1	0.3	0.3	
X00000059200,KIR3DL0	3,2	Prot	6	6	1	0.16905	0.30789	value>cut,cut<value<cut	2.7488	2.86425	3.634	1	Inf	1	-Inf:Inf				1	1	0.3	0.3	
TARM1,SDK2	1,3	Prot	6	6	1	0.17143	0.31579	value<cut,value>cut	1.369	0.4804		1	Inf	1	-Inf:Inf				1	1	0.3	0.3	
LOC709056,SDK2	3,3	Prot	6	6	1	0.17143	0.31579	value>cut,value>cut	0.6827	0.4804		1	Inf	1	-Inf:Inf				1	1	0.3	0.3	
LOC702786,MYH15	2,3	NonProt	6	6	1	0.17143	0.35417	cut<value<cut,value>cut	-4.95235	-1.0762	-1.5607	1	Inf	1	-Inf:Inf				1	1	0.31579	0.31579	
KIR3DL0,SMIM2	1,3	NonProt	6	6	1	0.17738	0.36806	value<cut,value>cut	2.81612	1.06868		1	Inf	1	-Inf:Inf				1	1	0.31579	0.31579	
TMX2,TRIM16	1,2	NonProt	6	6	1	0.17143	0.375	value<cut,cut<value<cut	2.857	-1.6451	-0.9464	1	Inf	1	-Inf:Inf				1	1	0.31579	0.31579	
DLK1,ESR1	3,1	NonProt	6	6	1	0.17143	0.375	value>cut,value<cut	-0.1047	0.6029		1	Inf	1	-Inf:Inf				1	1	0.31579	0.31579	
LOC702786,X00000058729	3,3	Prot	6	6	1	0.17143	0.31579	value>cut,value>cut	0.1931	-2.5992		1	Inf	1	-Inf:Inf				1	1	0.3	0.3	
LOC701920,X00000058729	3,3	Prot	6	6	1	0.17143	0.31579	value>cut,value>cut	5.486	-2.5992		1	Inf	1	-Inf:Inf				1	1	0.3	0.3	
LOC702786,C5H4orf45	3,1	Prot	6	6	1	0.17143	0.32456	value>cut,value<cut	0.1931	0.25165		1	Inf	1	-Inf:Inf				1	1	0.3	0.3	
TNNT2,ZNF576	2,2	Prot	6	6	1	0.17143	0.31579	cut<value<cut,cut<value<cut	-2.4981	-0.5648	3.741	1	Inf	1	-Inf:Inf			3.9385	1	1	0.3	0.3	
LOC709056,X00000058427	2,2	Prot	6	6	1	0.17143	0.31579	cut<value<cut,cut<value<cut	-0.427	0.6827	1.211	1	Inf	1	-Inf:Inf			1.8342	1	1	0.3	0.3	
C5H4orf45,LTC4S	1,1	Prot	6	6	1	0.17143	0.34056	value<cut,value<cut	0.21843	-0.43687		1	Inf	1	-Inf:Inf				1	1	0.3	0.3	
TMX2,X00000058427	1,3	NonProt	6	6	1	0.17143	0.375	value<cut,value>cut	2.8775	1.8164		1	Inf	1	-Inf:Inf				1	1	0.31579	0.31579	
TRIM16,X00000058427	2,3	NonProt	6	6	1	0.18571	0.38194	cut<value<cut,value>cut	-1.6788	-0.9991	1.8448	1	Inf	1	-Inf:Inf				1	1	0.31579	0.31579	
LOC709056,THRB	2,1	Prot	6	6	1	0.17143	0.31579	cut<value<cut,value<cut	-0.427	0.6827	-4.8418	1	Inf	1	-Inf:Inf				1	1	0.3	0.3	
TMX2,CBS	3,3	Prot	6	6	1	0.17619	0.34211	value>cut,value>cut	3.2416	0.04718		1	Inf	1	-Inf:Inf				1	1	0.3	0.3	
THRB,HCN2	3,3	NonProt	6	6	0.95238	0.1791	0.36111	value>cut,value>cut	-3.13083	-2.1837		1	Inf	1	-Inf:Inf				1	1	0.31579	0.31579	
TNNT2,X00000058729	3,2	NonProt	6	6	1	0.17143	0.375	value>cut,cut<value<cut	-0.5648	-4.7414	-2.5992	1	Inf	1	-Inf:Inf				1	1	0.31579	0.31579	
LOC709056,ESR1	1,1	NonProt	6	6	1	0.17143	0.35417	value<cut,value<cut	-0.3905	0.5665		1	Inf	1	-Inf:Inf				1	1	0.31579	0.31579	
KRTAP29.1,X00000058729	2,2	NonProt	6	6	1	0.17143	0.375	cut<value<cut,cut<value<cut	-4.9485	1.954	-4.7414	1	Inf	1	-Inf:Inf			-2.5992	1	1	0.31579	0.31579	
FABP5,X00000058729	3,2	NonProt	6	6	1	0.17143	0.35417	value>cut,cut<value<cut	2.415	-4.72285	-2.5258	1	Inf	1	-Inf:Inf				1	1	0.31579	0.31579	
STARD8,X00000058427	3,3	NonProt	6	6	1	0.17143	0.35	value>cut,value>cut	1.4761	1.82838		1	Inf	1	-Inf:Inf				1	1	0.31579	0.31579	
F2RL3,CTH	3,3	NonProt	6	6	1	0.1791	0.39583	value>cut,value>cut	-1.9589	-0.8975		1	Inf	1	-Inf:Inf				1	1	0.31579	0.31579	
LILRB1,CTH	3,3	NonProt	6	6	1	0.18294	0.40625	value>cut,value>cut	7.711	-0.916		1	Inf	1	-Inf:Inf				1	1	0.31579	0.31579	
X00000059200,MYH15	3,1	Prot	6	6	1	0.17143	0.33437	value>cut,value<cut	2.74225	-2.3565		1	Inf	1	-Inf:Inf				1	1	0.3	0.3	
DLK1,C5H4orf45	1,1	Prot	6	6	1	0.17143	0.31579	value<cut,value<cut	-1.8118	0.1759		1	Inf	1	-Inf:Inf				1	1	0.3	0.3	
X00000053012,C5H4orf45	3,1	Prot	7	7	1	0.2	0.36842	value>cut,value<cut	2.8597	0.1759		1	Inf	1	-Inf:Inf				1	1	0.35	0.35	
FABP5,F2RL3	1,2	Prot	6	6	1	0.16905	0.30789	value<cut,cut<value<cut	1.9923	-4.2261	-1.9713	1	Inf	1	-Inf:Inf				1	1	0.3	0.3	
TMX2,X00000053012	3,2	Prot	6	6	1	0.18095	0.35157	value>cut,cut<value<cut	3.242	2.5979	2.87413	1	Inf	1	-Inf:Inf				1	1	0.3	0.3	
LOC719667,TMX2	1,3	Prot	6	6	1	0.17143	0.31579	value<cut,value>cut	3.995	3.24		1	Inf	1	-Inf:Inf				1	1	0.3	0.3	
F2RL3,MAOA	1,3	Prot	6	6	1	0.1791	0.33958	value<cut,value>cut	-3.9854	0.67283		1	Inf	1	-Inf:Inf				1	1	0.3	0.3	
X00000053274,LOC702786	3,3	Prot	6	6	1	0.17024	0.33042	value>cut,value>cut	1.57532	-1.26762		1	Inf	1	-Inf:Inf				1	1	0.3	0.3	
VSTM1,HCN2	1,1	Prot	6	6	1	0.17738	0.34512	value<cut,value<cut	4.37287	-2.9141		1	Inf	1	-Inf:Inf				1	1	0.3	0.3	
CTH,X00000058427	1,1	Prot	6	6	1	0.17143	0.31579	value<cut,value<cut	-1.343	1.2418		1	Inf	1	-Inf:Inf				1	1	0.3	0.3	
HCN2,X00000056965	1,2	Prot	7	7	1	0.19722	0.35921	value<cut,cut<value<cut	-3.0047	-3.4706	-2.13105	1	Inf	1	-Inf:Inf				1	1	0.35	0.35	
VSTM1,MYH15	1,1	Prot	6	6	1	0.17143	0.32456	value<cut,value<cut	4.3465	-2.3565		1	Inf	1	-Inf:Inf				1	1	0.3	0.3	
MYH15,ZNF576	1,3	Prot	6	6	1	0.17143	0.33437	value<cut,value>cut	-2.3565	3.945		1	Inf	1	-Inf:Inf				1	1	0.3	0.3	
TMEM38A,ZNF576	2,1	NonProt	6	6	1	0.17143	0.375	cut<value<cut,value<cut	2.765	3.1425	3.741	1	Inf	1	-Inf:Inf				1	1	0.31579	0.31579	
DLK1,MAOA	3,2	NonProt	6	6	1	0.17857	0.36254	value>cut,cut<value<cut	0.0903	0.27105	0.70498	1	Inf	1	-Inf:Inf				1	1	0.31579	0.31579	
VSTM1,CFAP70	3,3	NonProt	6	6	1	0.17143	0.35376	value>cut,value>cut	5.22717	2.34737		1	Inf	1	-Inf:Inf				1	1	0.31579	0.31579	
X00000064715,LILRB1	2,3	NonProt	6	6	1	0.17143	0.35417	cut<value<cut,value>cut	-0.0597	1.95865	7.77	1	Inf	1	-Inf:Inf				1	1	0.31579	0.31579	
X00000060146,X00000059995	1,2	Prot	6	6	1	0.17143	0.31579	value<cut,cut<value<cut	-4.8205	-0.3992	0.6708	1	Inf	1	-Inf:Inf				1	1	0.3	0.3	
STARD8,MAOA	2,1	Prot	6	6	1	0.17143	0.31579	cut<value<cut,value<cut	0.6394	1.4946	0.2298	1	Inf	1	-Inf:Inf				1	1	0.3	0.3	
LOC719667,STARD8	2,2	Prot	6	6	1	0.17143	0.31579	cut<value<cut,cut<value<cut	3.995	4.988	0.6394	1	Inf	1	-Inf:Inf			1.4946	1	1	0.3	0.3	
LOC701920,LTC4S	2,1	Prot	6	6	1	0.17143	0.33437	cut<value<cut,value<cut	5.27	5.567	-0.4734	1	Inf	1	-Inf:Inf				1	1	0.3	0.3	
VSTM1,LAMC1	1,1	Prot	6	6	1	0.16984	0.32291	value<cut,value<cut	4.32367	0.9098		1	Inf	1	-Inf:Inf				1	1	0.3	0.3	
X00000037843,F2RL3	1,1	Prot	6	6	1	0.17143	0.33437	value<cut,value<cut	2.4748	-3.50675		1	Inf	1	-Inf:Inf				1	1	0.3	0.3	
STARD8,HEY1	2,1	Prot	6	6	1	0.17143	0.31579	cut<value<cut,value<cut	0.6394	1.4946	-2.059	1	Inf	1	-Inf:Inf				1	1	0.3	0.3	
FABP5,F2RL3	2,1	Prot	7	7	1	0.2	0.36842	cut<value<cut,value<cut	1.977	2.5097	-3.504	1	Inf	1	-Inf:Inf				1	1	0.35	0.35	
LOC702786,X00000058427	3,1	Prot	6	6	1	0.16905	0.30789	value>cut,value<cut	-1.45905	1.2264		1	Inf	1	-Inf:Inf				1	1	0.3	0.3	
FABP5,KRTAP29.1,LOC702786	3,2,2	NonProt	6	6	1	0.17143	0.375	value>cut,cut<value<cut,cut<value<cut	2.5097	-5.0275	-1.0795	1	Inf	1	-Inf:Inf			-5.0272	1	1	0.31579	0.31579	-1.9763
LOC701920,THRB	1,3	NonProt	6	6	1	0.17143	0.375	value<cut,value>cut	5.2565	-3.1655		1	Inf	1	-Inf:Inf				1	1	0.31579	0.31579	
STARD8,CTH	2,2	Prot	6	6	1	0.17143	0.32456	cut<value<cut,cut<value<cut	0.6259	1.4621	-1.343	1	Inf	1	-Inf:Inf			-0.80805	1	1	0.3	0.3	
X00000053274,STARD8	2,2	Prot	6	6	1	0.17143	0.31579	cut<value<cut,cut<value<cut	-0.1189	1.7252	0.6394	1	Inf	1	-Inf:Inf			1.4946	1	1	0.3	0.3	
STARD8,THRB	2,1	Prot	6	6	1	0.18571	0.35088	cut<value<cut,value<cut	0.6259	1.4621	-4.86855	1	Inf	1	-Inf:Inf				1	1	0.3	0.3	
STARD8,DLK1	3,3	NonProt	6	6	1	0.17143	0.34559	value>cut,value>cut	1.4686	0.10062		1	Inf	1	-Inf:Inf				1	1	0.31579	0.31579	
DLK1,USP31	3,3	NonProt	6	6	1	0.17143	0.375	value>cut,value>cut	0.0903	0.6723		1	Inf	1	-Inf:Inf				1	1	0.31579	0.31579	
X00000060146,HCN2	1,1	Prot	6	6	1	0.17143	0.31579	value<cut,value<cut	-4.8205	-2.9027		1	Inf	1	-Inf:Inf				1	1	0.3	0.3	
X00000053274,SMIM2	3,2	Prot	6	6	1	0.17143	0.31579	value>cut,cut<value<cut	1.7252	-0.2763	1.0195	1	Inf	1	-Inf:Inf				1	1	0.3	0.3	
X00000037843,LAMC1	1,1	Prot	6	6	1	0.17143	0.31579	value<cut,value<cut	2.4709	0.9234		1	Inf	1	-Inf:Inf				1	1	0.3	0.3	
VSTM1,X00000056965	1,2	Prot	6	6	1	0.17143	0.31579	value<cut,cut<value<cut	4.3465	-3.4706	-2.1684	1	Inf	1	-Inf:Inf				1	1	0.3	0.3	
X00000037843,SMIM2	1,1	Prot	6	6	1	0.17143	0.34056	value<cut,value<cut	2.4761	-0.26567		1	Inf	1	-Inf:Inf				1	1	0.3	0.3	
X00000064715,LOC701920	2,1	NonProt	6	6	1	0.17857	0.36254	cut<value<cut,value<cut	0.06025	1.95865	5.26325	1	Inf	1	-Inf:Inf				1	1	0.31579	0.31579	
X00000059200,STARD8	1,3	NonProt	6	6	1	0.17143	0.36397	value<cut,value>cut	-0.4174	1.4621		1	Inf	1	-Inf:Inf				1	1	0.31579	0.31579	
STARD8,A1BG	3,1	NonProt	6	6	1	0.17143	0.34865	value>cut,value<cut	1.47835	-2.1395		1	Inf	1	-Inf:Inf				1	1	0.31579	0.31579	
VSTM1,X00000058427	2,3	NonProt	6	6	1	0.17143	0.375	cut<value<cut,value>cut	4.3465	5.1895	1.7986	1	Inf	1	-Inf:Inf				1	1	0.31579	0.31579	
STARD8,SMIM2	3,3	NonProt	6	6	1	0.17143	0.375	value>cut,value>cut	1.4946	1.0195		1	Inf	1	-Inf:Inf				1	1	0.31579	0.31579	
KIR3DL0,THRB	1,3	NonProt	6	6	1	0.17143	0.36397	value<cut,value>cut	2.768	-3.0383		1	Inf	1	-Inf:Inf				1	1	0.31579	0.31579	
KIR3DL0,X00000060253	1,1	NonProt	6	6	0.92857	0.18294	0.375	value<cut,value<cut	2.85425	1.1452		1	Inf	1	-Inf:Inf				1	1	0.31579	0.31579	
STARD8,X00000059995	3,1	NonProt	6	6	1	0.17143	0.35417	value>cut,value<cut	1.4621	-0.40175		1	Inf	1	-Inf:Inf				1	1	0.31579	0.31579	
STARD8,HCN2	3,3	NonProt	6	6	1	0.17143	0.35376	value>cut,value>cut	1.47293	-2.1439		1	Inf	1	-Inf:Inf				1	1	0.31579	0.31579	
LOC709056,LILRB1	2,1	Prot	7	7	1	0.2	0.36842	cut<value<cut,value<cut	-0.3307	0.7471	7.3515	1	Inf	1	-Inf:Inf				1	1	0.35	0.35	
LILRB1,LOC114669850	1,3	Prot	6	6	1	0.16905	0.30789	value<cut,value>cut	7.316	1.39925		1	Inf	1	-Inf:Inf				1	1	0.3	0.3	
TARM1,LILRB1	1,1	Prot	6	6	1	0.17143	0.31579	value<cut,value<cut	1.3945	7.3515		1	Inf	1	-Inf:Inf				1	1	0.3	0.3	
F2RL3,X00000064313	1,2	Prot	6	6	1	0.18095	0.35157	value<cut,cut<value<cut	-3.71903	-2.7398	-1.46477	1	Inf	1	-Inf:Inf				1	1	0.3	0.3	
LOC719667,MYH15	1,1	Prot	6	6	1	0.17143	0.31579	value<cut,value<cut	3.995	-2.3565		1	Inf	1	-Inf:Inf				1	1	0.3	0.3	
KIR3DL0,X00000064715	2,3	Prot	6	6	1	0.17143	0.31579	cut<value<cut,value>cut	2.758	3.634	2.0847	1	Inf	1	-Inf:Inf				1	1	0.3	0.3	
STARD8,CTH	3,3	NonProt	7	7	1	0.2	0.41319	value>cut,value>cut	1.4621	-0.8911		1	Inf	1	-Inf:Inf				1	1	0.36842	0.36842	
X00000037843,LOC701920	3,1	NonProt	6	6	1	0.17143	0.35417	value>cut,value<cut	2.999	5.2565		1	Inf	1	-Inf:Inf				1	1	0.31579	0.31579	
LOC719667,LTC4S	1,1	Prot	7	7	1	0.2	0.39009	value<cut,value<cut	3.98625	-0.4734		1	Inf	1	-Inf:Inf				1	1	0.35	0.35	
ZNF576,HCN2	3,1	Prot	6	6	1	0.17143	0.31579	value>cut,value<cut	3.945	-2.9027		1	Inf	1	-Inf:Inf				1	1	0.3	0.3	
STARD8,LAMC1	2,1	Prot	8	8	1	0.22857	0.42105	cut<value<cut,value<cut	0.6394	1.4946	0.9234	1	Inf	1	-Inf:Inf				1	1	0.4	0.4	
LTC4S,LAMC1	1,1	Prot	6	6	1	0.17143	0.33437	value<cut,value<cut	-0.4734	0.9234		1	Inf	1	-Inf:Inf				1	1	0.3	0.3	
STARD8,LOC702786	2,3	Prot	6	6	1	0.17143	0.31579	cut<value<cut,value>cut	0.6394	1.4946	-1.9763	1	Inf	1	-Inf:Inf				1	1	0.3	0.3	
X00000053274,KRTAP29.1	3,3	Prot	6	6	1	0.17024	0.33042	value>cut,value>cut	1.57532	-1.13575		1	Inf	1	-Inf:Inf				1	1	0.3	0.3	
CFAP70,X00000060146	1,1	Prot	6	6	1	0.17143	0.31579	value<cut,value<cut	0.268	-4.8205		1	Inf	1	-Inf:Inf				1	1	0.3	0.3	
THRB,CTH	2,1	Prot	6	6	1	0.17143	0.31579	cut<value<cut,value<cut	-4.8608	-3.1655	-1.343	1	Inf	1	-Inf:Inf				1	1	0.3	0.3	
FABP5,LILRB1	3,3	NonProt	6	6	1	0.17143	0.375	value>cut,value>cut	2.5097	7.7465		1	Inf	1	-Inf:Inf				1	1	0.31579	0.31579	
KIR3DL0,USP31	1,3	NonProt	6	6	1	0.17143	0.375	value<cut,value>cut	2.758	0.6723		1	Inf	1	-Inf:Inf				1	1	0.31579	0.31579	
KIR3DL0,TMX2	1,1	NonProt	6	6	1	0.17143	0.375	value<cut,value<cut	2.758	2.898		1	Inf	1	-Inf:Inf				1	1	0.31579	0.31579	
X00000037843,TMX2	3,1	NonProt	6	6	1	0.17143	0.35417	value>cut,value<cut	2.999	2.8775		1	Inf	1	-Inf:Inf				1	1	0.31579	0.31579	
SDK2,LTC4S	3,1	Prot	6	6	1	0.17143	0.35294	value>cut,value<cut	0.5721	-0.4734		1	Inf	1	-Inf:Inf				1	1	0.3	0.3	
STARD8,LTC4S	2,1	Prot	6	6	1	0.17143	0.35294	cut<value<cut,value<cut	0.65825	1.4621	-0.4734	1	Inf	1	-Inf:Inf				1	1	0.3	0.3	
LOC701920,LTC4S	3,1	Prot	7	7	1	0.2	0.41176	value>cut,value<cut	5.466	-0.4734		1	Inf	1	-Inf:Inf				1	1	0.35	0.35	
THRB,LTC4S	1,1	Prot	6	6	1	0.17143	0.35294	value<cut,value<cut	-4.8263	-0.4734		1	Inf	1	-Inf:Inf				1	1	0.3	0.3	
DLK1,LTC4S	2,1	Prot	6	6	1	0.17143	0.35294	cut<value<cut,value<cut	-1.8118	0.1419	-0.4734	1	Inf	1	-Inf:Inf				1	1	0.3	0.3	
FABP5,USP31	3,2	NonProt	6	6	1	0.17619	0.3567	value>cut,cut<value<cut	2.43394	0.15348	0.72612	1	Inf	1	-Inf:Inf				1	1	0.31579	0.31579	
LOC715623,LOC702786	1,2	NonProt	6	6	1	0.17143	0.33333	value<cut,cut<value<cut	-1.7115	-5.0229	-2.3455	1	Inf	1	-Inf:Inf				1	1	0.31579	0.31579	
FABP5,KRTAP29.1	3,2	NonProt	6	6	1	0.17143	0.33333	value>cut,cut<value<cut	2.5097	-5.023	-4.338	1	Inf	1	-Inf:Inf				1	1	0.31579	0.31579	
THRB,X00000058729	3,1	NonProt	6	6	1	0.17143	0.33333	value>cut,value<cut	-3.1655	-4.3496		1	Inf	1	-Inf:Inf				1	1	0.31579	0.31579	
LOC702786,THRB	2,3	NonProt	6	6	1	0.17143	0.33333	cut<value<cut,value>cut	-5.0229	-2.3455	-3.1655	1	Inf	1	-Inf:Inf				1	1	0.31579	0.31579	
X00000053274,LAMC1	3,2	Prot	6	6	1	0.17143	0.35294	value>cut,cut<value<cut	1.4396	0.9132	1.7527	1	Inf	1	-Inf:Inf				1	1	0.3	0.3	
F2RL3,DLK1	1,2	Prot	6	6	1	0.17143	0.35294	value<cut,cut<value<cut	-3.3308	-1.8118	0.1419	1	Inf	1	-Inf:Inf				1	1	0.3	0.3	
USP31,HCN2	1,1	Prot	6	6	1	0.17143	0.35294	value<cut,value<cut	0.3476	-2.9027		1	Inf	1	-Inf:Inf				1	1	0.3	0.3	
MYH15,LTC4S	1,1	Prot	6	6	1	0.17143	0.35294	value<cut,value<cut	-2.3565	-0.4186		1	Inf	1	-Inf:Inf				1	1	0.3	0.3	
X00000053012,ESR1	3,3	Prot	6	6	1	0.17718	0.35221	value>cut,value>cut	2.8612	1.04905		1	Inf	1	-Inf:Inf				1	1	0.3	0.3	
LTC4S,HCN2	1,1	Prot	6	6	1	0.17143	0.35294	value<cut,value<cut	-0.4734	-2.9027		1	Inf	1	-Inf:Inf				1	1	0.3	0.3	
SDK2,MAOA	2,2	NonProt	6	6	1	0.18571	0.36111	cut<value<cut,cut<value<cut	-0.99625	0.57915	0.293	1	Inf	1	-Inf:Inf			0.7171	1	1	0.31579	0.31579	
ESR1,LTC4S	3,1	Prot	6	6	1	0.18571	0.37745	value>cut,value<cut	1.05578	-0.446		1	Inf	1	-Inf:Inf				1	1	0.3	0.3	
LOC701920,LILRB1	3,1	Prot	6	6	1	0.17143	0.35294	value>cut,value<cut	5.466	7.384		1	Inf	1	-Inf:Inf				1	1	0.3	0.3	
KIR3DL0,LOC701920	1,1	NonProt	6	6	1	0.18191	0.36781	value<cut,value<cut	2.8045	5.2623		1	Inf	1	-Inf:Inf				1	1	0.31579	0.31579	
X00000059200,LOC701920	2,1	NonProt	6	6	1	0.17143	0.33333	cut<value<cut,value<cut	-0.4931	2.6772	5.2565	1	Inf	1	-Inf:Inf				1	1	0.31579	0.31579	
X00000060253,HEY1	1,3	NonProt	6	6	1	0.17143	0.33333	value<cut,value>cut	1.0969	-0.8857		1	Inf	1	-Inf:Inf				1	1	0.31579	0.31579	
USP31,SMIM2	1,1	Prot	7	7	1	0.2	0.41176	value<cut,value<cut	0.3476	-0.2444		1	Inf	1	-Inf:Inf				1	1	0.35	0.35	
FABP5,USP31	1,1	Prot	6	6	1	0.17143	0.35294	value<cut,value<cut	1.9859	0.3476		1	Inf	1	-Inf:Inf				1	1	0.3	0.3	
LOC701920,USP31	2,1	Prot	6	6	1	0.17143	0.35294	cut<value<cut,value<cut	5.2565	5.466	0.3476	1	Inf	1	-Inf:Inf				1	1	0.3	0.3	
TNNT2,LOC701920	1,2	Prot	6	6	1	0.17143	0.35294	value<cut,cut<value<cut	-2.361	5.2565	5.466	1	Inf	1	-Inf:Inf				1	1	0.3	0.3	
DLK1,X00000059995	3,1	NonProt	6	6	1	0.17143	0.33333	value>cut,value<cut	0.1161	-0.44865		1	Inf	1	-Inf:Inf				1	1	0.31579	0.31579	
X00000053012,ESR1	1,2	NonProt	6	6	1	0.17143	0.33333	value<cut,cut<value<cut	2.5237	0.5301	1.0667	1	Inf	1	-Inf:Inf				1	1	0.31579	0.31579	
LOC701920,CFAP70	1,1	NonProt	6	6	1	0.17143	0.33333	value<cut,value<cut	5.2565	0.2276		1	Inf	1	-Inf:Inf				1	1	0.31579	0.31579	
STARD8,SMIM2	3,2	NonProt	6	6	1	0.17143	0.33333	value>cut,cut<value<cut	1.4946	-0.2444	1.1609	1	Inf	1	-Inf:Inf				1	1	0.31579	0.31579	
LOC701920,ZNF576	3,2	Prot	6	6	1	0.17143	0.35294	value>cut,cut<value<cut	5.466	3.741	3.9385	1	Inf	1	-Inf:Inf				1	1	0.3	0.3	
MYH15,X00000060146	1,1	Prot	6	6	1	0.17143	0.35294	value<cut,value<cut	-2.3565	-4.8295		1	Inf	1	-Inf:Inf				1	1	0.3	0.3	
TMEM38A,LOC114669850	2,2	NonProt	6	6	1	0.17143	0.33333	cut<value<cut,cut<value<cut	2.7335	3.225	-0.0248	1	Inf	1	-Inf:Inf			1.4615	1	1	0.31579	0.31579	
TMEM38A,THRB	2,3	NonProt	6	6	1	0.17143	0.33333	cut<value<cut,value>cut	2.7335	3.225	-3.1655	1	Inf	1	-Inf:Inf				1	1	0.31579	0.31579	
LOC701920,USP31	1,3	NonProt	6	6	1	0.17143	0.34314	value<cut,value>cut	5.2565	0.7617		1	Inf	1	-Inf:Inf				1	1	0.31579	0.31579	
X00000064313,LOC702786	1,2	NonProt	6	6	1	0.17143	0.33333	value<cut,cut<value<cut	-2.6812	-5.0229	-2.3455	1	Inf	1	-Inf:Inf				1	1	0.31579	0.31579	
LOC701920,X00000060146	1,2	NonProt	6	6	1	0.17143	0.33333	value<cut,cut<value<cut	5.2565	-4.8295	-2.92	1	Inf	1	-Inf:Inf				1	1	0.31579	0.31579	
SDK2,ZNF576	2,1	NonProt	6	6	1	0.17143	0.33333	cut<value<cut,value<cut	-0.8912	0.5721	3.741	1	Inf	1	-Inf:Inf				1	1	0.31579	0.31579	
TMEM38A,DLK1	1,1	Prot	6	6	1	0.17143	0.35294	value<cut,value<cut	2.7335	-1.8118		1	Inf	1	-Inf:Inf				1	1	0.3	0.3	
X00000059200,F2RL3	3,1	Prot	6	6	1	0.16905	0.32647	value>cut,value<cut	2.6772	-4.2261		1	Inf	1	-Inf:Inf				1	1	0.3	0.3	
STARD8,X00000064715	1,3	Prot	6	6	1	0.18571	0.38235	value<cut,value>cut	0.65825	1.8326		1	Inf	1	-Inf:Inf				1	1	0.3	0.3	
X00000053274,CFAP70	3,2	Prot	6	6	1	0.17143	0.35294	value>cut,cut<value<cut	1.2815	0.014	2.1847	1	Inf	1	-Inf:Inf				1	1	0.3	0.3	
X00000053274,KIR3DL0	3,2	Prot	6	6	1	0.17143	0.35294	value>cut,cut<value<cut	1.2815	2.758	3.7	1	Inf	1	-Inf:Inf				1	1	0.3	0.3	
LOC709056,X00000056965	1,1	NonProt	6	6	1	0.16905	0.35417	value<cut,value<cut	-0.3905	-3.4706		1	Inf	1	-Inf:Inf				1	1	0.31579	0.31579	
X00000053274,ZNF576	1,1	NonProt	8	7	0.95833	0.21693	0.43124	value<cut,value<cut	-0.41087	3.76267		1	7.36842105263158	1	0.998:54.391				1	1	0.42105	0.36842	
LOC709056,X00000058427	1,3	NonProt	6	6	1	0.17143	0.33333	value<cut,value>cut	-0.354	1.8554		1	Inf	1	-Inf:Inf				1	1	0.31579	0.31579	
LOC709056,X00000058729	1,2	NonProt	6	6	1	0.17143	0.33333	value<cut,cut<value<cut	-0.354	-4.7043	-2.4524	1	Inf	1	-Inf:Inf				1	1	0.31579	0.31579	
X00000060146,ZNF576	3,1	NonProt	7	6	0.9375	0.19683	0.38542	value>cut,value<cut	-3.0685	3.751		1	6.31578947368421	1	0.836:47.694				1	1	0.36842	0.31579	
LOC719667,ZNF576	3,1	NonProt	6	6	1	0.17143	0.33333	value>cut,value<cut	4.964	3.761		1	Inf	1	-Inf:Inf				1	1	0.31579	0.31579	
VSTM1,TMX2	3,1	NonProt	6	6	1	0.17024	0.34865	value>cut,value<cut	5.17313	2.87413		1	Inf	1	-Inf:Inf				1	1	0.31579	0.31579	
LOC701920,C5H4orf45	1,3	NonProt	6	6	1	0.17143	0.33333	value<cut,value>cut	5.2835	1.3244		1	Inf	1	-Inf:Inf				1	1	0.31579	0.31579	
FABP5,F2RL3	3,2	NonProt	6	6	1	0.17143	0.33333	value>cut,cut<value<cut	2.415	-4.2261	-1.5483	1	Inf	1	-Inf:Inf				1	1	0.31579	0.31579	
DLK1,X00000060253	3,1	NonProt	6	6	0.92857	0.18294	0.35417	value>cut,value<cut	-0.1125	1.1833		1	Inf	1	-Inf:Inf				1	1	0.31579	0.31579	
FABP5,X00000060253	3,1	NonProt	6	6	0.92857	0.18294	0.35417	value>cut,value<cut	2.415	1.1833		1	Inf	1	-Inf:Inf				1	1	0.31579	0.31579	
X00000060253,CTH	1,3	NonProt	6	6	1	0.17143	0.33333	value<cut,value>cut	1.2214	-0.9217		1	Inf	1	-Inf:Inf				1	1	0.31579	0.31579	
X00000053274,LAMC1	1,3	NonProt	7	7	0.95833	0.19788	0.39311	value<cut,value>cut	-0.41087	1.6706		1	Inf	1	-Inf:Inf				1	1	0.36842	0.36842	
X00000053274,THRB	1,3	NonProt	6	6	1	0.1791	0.37459	value<cut,value>cut	-0.41087	-3.04603		1	Inf	1	-Inf:Inf				1	1	0.31579	0.31579	
THRB,X00000064369	3,1	NonProt	8	7	0.9375	0.21111	0.41319	value>cut,value<cut	-3.1135	2.57635		1	7.36842105263158	1	0.998:54.391				1	1	0.42105	0.36842	
X00000053274,ESR1	1,1	NonProt	6	6	0.92857	0.18294	0.35417	value<cut,value<cut	-0.4787	0.5665		1	Inf	1	-Inf:Inf				1	1	0.31579	0.31579	
X00000064715,ESR1	2,1	NonProt	6	6	1	0.17143	0.33333	cut<value<cut,value<cut	-0.0597	1.8326	0.5301	1	Inf	1	-Inf:Inf				1	1	0.31579	0.31579	
X00000053274,X00000060253	1,2	NonProt	6	6	1	0.17143	0.33333	value<cut,cut<value<cut	-0.5578	1.2214	2.0577	1	Inf	1	-Inf:Inf				1	1	0.31579	0.31579	
X00000060146,LTC4S	1,1	Prot	6	6	1	0.16905	0.32647	value<cut,value<cut	-4.8295	-0.51565		1	Inf	1	-Inf:Inf				1	1	0.3	0.3	
LILRB1,TRIM16	1,3	Prot	6	6	1	0.17143	0.35294	value<cut,value>cut	7.3075	-1.0518		1	Inf	1	-Inf:Inf				1	1	0.3	0.3	
LOC701920,CBS	1,1	NonProt	6	6	1	0.17143	0.33333	value<cut,value<cut	5.2835	-1.4791		1	Inf	1	-Inf:Inf				1	1	0.31579	0.31579	
LOC701920,SDK2	1,1	NonProt	7	7	1	0.2	0.38889	value<cut,value<cut	5.2835	-0.6506		1	Inf	1	-Inf:Inf				1	1	0.36842	0.36842	
RBM46,LOC701920	1,1	NonProt	6	6	1	0.17143	0.33333	value<cut,value<cut	-2.4869	5.2835		1	Inf	1	-Inf:Inf				1	1	0.31579	0.31579	
X00000053274,LOC715623	3,3	Prot	6	6	1	0.17143	0.35294	value>cut,value>cut	1.2815	-0.6125		1	Inf	1	-Inf:Inf				1	1	0.3	0.3	
X00000059995,CTH	1,3	NonProt	6	6	1	0.17143	0.33333	value<cut,value>cut	-0.4043	-0.9217		1	Inf	1	-Inf:Inf				1	1	0.31579	0.31579	
X00000060253,HCN2	1,3	NonProt	6	6	1	0.17143	0.33333	value<cut,value>cut	1.2214	-2.1949		1	Inf	1	-Inf:Inf				1	1	0.31579	0.31579	
KIR3DL0,CTH	1,3	NonProt	6	6	1	0.16905	0.35417	value<cut,value>cut	2.85425	-0.9466		1	Inf	1	-Inf:Inf				1	1	0.31579	0.31579	
LOC719667,CTH	3,3	NonProt	7	7	1	0.2	0.38889	value>cut,value>cut	4.964	-0.9217		1	Inf	1	-Inf:Inf				1	1	0.36842	0.36842	
KIR3DL0,LTC4S	2,1	Prot	6	6	1	0.17143	0.35294	cut<value<cut,value<cut	2.758	3.7	-0.4734	1	Inf	1	-Inf:Inf				1	1	0.3	0.3	
X00000053274,LOC701920	1,1	NonProt	6	6	1	0.17143	0.34314	value<cut,value<cut	-0.4165	5.27		1	Inf	1	-Inf:Inf				1	1	0.31579	0.31579	
LOC701920,SMIM2	1,3	NonProt	7	7	1	0.2	0.38889	value<cut,value>cut	5.2835	1.0234		1	Inf	1	-Inf:Inf				1	1	0.36842	0.36842	
DLK1,SMIM2	3,3	NonProt	6	6	1	0.17143	0.33333	value>cut,value>cut	0.0903	1.0234		1	Inf	1	-Inf:Inf				1	1	0.31579	0.31579	
LOC715623,A1BG	2,1	NonProt	6	6	1	0.17143	0.33333	cut<value<cut,value<cut	-1.6571	-0.6125	-1.9115	1	Inf	1	-Inf:Inf				1	1	0.31579	0.31579	
DLK1,TRIM16	3,1	NonProt	6	6	1	0.17143	0.33333	value>cut,value<cut	0.0903	-1.7125		1	Inf	1	-Inf:Inf				1	1	0.31579	0.31579	
DLK1,CFAP70	3,3	NonProt	6	6	1	0.17143	0.33333	value>cut,value>cut	0.0903	2.1847		1	Inf	1	-Inf:Inf				1	1	0.31579	0.31579	
C5H4orf45,HEY1	3,2	NonProt	6	6	1	0.17143	0.33333	value>cut,cut<value<cut	1.3244	-1.9246	-0.7611	1	Inf	1	-Inf:Inf				1	1	0.31579	0.31579	
MYH15,X00000058729	2,2	NonProt	6	6	1	0.17143	0.33333	cut<value<cut,cut<value<cut	-2.1452	-1.4352	-4.7043	1	Inf	1	-Inf:Inf			-2.4524	1	1	0.31579	0.31579	
A1BG,SDK2	1,1	NonProt	6	6	1	0.17143	0.33333	value<cut,value<cut	-1.9115	-0.6506		1	Inf	1	-Inf:Inf				1	1	0.31579	0.31579	
LOC114669850,X00000058427	1,3	NonProt	6	6	1	0.17143	0.33333	value<cut,value>cut	-0.2495	1.8554		1	Inf	1	-Inf:Inf				1	1	0.31579	0.31579	
X00000053274,X00000037843	2,1	Prot	6	6	1	0.17143	0.35294	cut<value<cut,value<cut	-0.5578	1.2815	2.4787	1	Inf	1	-Inf:Inf				1	1	0.3	0.3	
X00000053274,F2RL3	3,1	Prot	6	6	1	0.17143	0.35294	value>cut,value<cut	1.2815	-4.2261		1	Inf	1	-Inf:Inf				1	1	0.3	0.3	
X00000053274,LOC719667	3,1	Prot	6	6	1	0.17143	0.35294	value>cut,value<cut	1.2815	3.9415		1	Inf	1	-Inf:Inf				1	1	0.3	0.3	
X00000053274,KRTAP29.1	1,2	NonProt	6	6	1	0.17143	0.33333	value<cut,cut<value<cut	-0.5578	-5.0275	-4.5985	1	Inf	1	-Inf:Inf				1	1	0.31579	0.31579	
X00000053274,TMX2	1,1	NonProt	7	6	0.92857	0.19722	0.38194	value<cut,value<cut	-0.4787	2.87075		1	6.31578947368421	1	0.836:47.694				1	1	0.36842	0.31579	
VSTM1,CTH	1,2	Prot	6	6	1	0.16905	0.32647	value<cut,cut<value<cut	4.31225	-1.5624	-0.9466	1	Inf	1	-Inf:Inf				1	1	0.3	0.3	
FABP5,STARD8	1,2	Prot	6	6	1	0.16905	0.32647	value<cut,cut<value<cut	1.9987	0.6007	1.39565	1	Inf	1	-Inf:Inf				1	1	0.3	0.3	
LOC719667,LILRB1	2,1	Prot	6	6	1	0.18294	0.35147	cut<value<cut,value<cut	3.9415	4.95975	7.294	1	Inf	1	-Inf:Inf				1	1	0.3	0.3	
X00000053274,HCN2	3,1	Prot	6	6	1	0.17143	0.34314	value>cut,value<cut	1.4396	-2.9305		1	Inf	1	-Inf:Inf				1	1	0.3	0.3	
DLK1,USP31	1,1	Prot	6	6	1	0.17143	0.35294	value<cut,value<cut	-1.8184	0.1696		1	Inf	1	-Inf:Inf				1	1	0.3	0.3	
LOC701920,TRIM16	1,1	NonProt	6	6	1	0.17143	0.33333	value<cut,value<cut	5.2835	-1.7125		1	Inf	1	-Inf:Inf				1	1	0.31579	0.31579	
LOC709056,DLK1	1,3	NonProt	6	6	1	0.17143	0.33333	value<cut,value>cut	-0.354	0.0903		1	Inf	1	-Inf:Inf				1	1	0.31579	0.31579	
X00000053274,STARD8	1,3	NonProt	6	6	1	0.17143	0.33333	value<cut,value>cut	-0.5578	1.4296		1	Inf	1	-Inf:Inf				1	1	0.31579	0.31579	
TMX2,CTH	1,3	NonProt	6	6	1	0.17143	0.33333	value<cut,value>cut	2.8435	-0.9217		1	Inf	1	-Inf:Inf				1	1	0.31579	0.31579	
X00000053274,A1BG	1,2	NonProt	6	6	0.92857	0.18294	0.35417	value<cut,cut<value<cut	-0.4787	-2.00925	-1.492	1	Inf	1	-Inf:Inf				1	1	0.31579	0.31579	
FABP5,X00000056965	3,3	NonProt	6	6	1	0.17143	0.33333	value>cut,value>cut	2.415	-2.1684		1	Inf	1	-Inf:Inf				1	1	0.31579	0.31579	
X00000064313,X00000059995	3,1	NonProt	6	6	0.92857	0.18294	0.35417	value>cut,value<cut	-1.1221	-0.42285		1	Inf	1	-Inf:Inf				1	1	0.31579	0.31579	
LOC709056,HEY1	1,2	NonProt	6	6	1	0.17143	0.33333	value<cut,cut<value<cut	-0.354	-1.9246	-0.7611	1	Inf	1	-Inf:Inf				1	1	0.31579	0.31579	
CBS,THRB	1,3	NonProt	6	6	1	0.17143	0.33333	value<cut,value>cut	-1.674	-3.1655		1	Inf	1	-Inf:Inf				1	1	0.31579	0.31579	
LOC709056,ESR1	1,2	NonProt	6	6	1	0.17143	0.33333	value<cut,cut<value<cut	-0.427	0.5301	1.0667	1	Inf	1	-Inf:Inf				1	1	0.31579	0.31579	
RBM46,X00000064369	2,1	NonProt	6	6	1	0.17143	0.33333	cut<value<cut,value<cut	-2.5924	-0.9358	2.6608	1	Inf	1	-Inf:Inf				1	1	0.31579	0.31579	
X00000037843,LOC709056	2,1	NonProt	6	6	1	0.17143	0.33333	cut<value<cut,value<cut	2.4787	2.999	-0.427	1	Inf	1	-Inf:Inf				1	1	0.31579	0.31579	
LOC709056,LAMC1	1,3	NonProt	6	6	1	0.16905	0.35417	value<cut,value>cut	-0.427	1.78625		1	Inf	1	-Inf:Inf				1	1	0.31579	0.31579	
FABP5,MYH15	3,2	NonProt	6	6	1	0.17143	0.33333	value>cut,cut<value<cut	2.415	-2.3565	-1.4352	1	Inf	1	-Inf:Inf				1	1	0.31579	0.31579	
FABP5,MAOA	3,2	NonProt	6	6	1	0.17143	0.33333	value>cut,cut<value<cut	2.415	0.2684	0.6932	1	Inf	1	-Inf:Inf				1	1	0.31579	0.31579	
VSTM1,CTH	3,3	NonProt	6	6	1	0.18333	0.38194	value>cut,value>cut	5.1115	-0.78735		1	Inf	1	-Inf:Inf				1	1	0.31579	0.31579	
LOC719667,X00000064369	3,1	NonProt	6	6	1	0.17143	0.33333	value>cut,value<cut	5.033	2.6608		1	Inf	1	-Inf:Inf				1	1	0.31579	0.31579	
VSTM1,LOC709056	3,1	NonProt	7	7	1	0.20741	0.43246	value>cut,value<cut	5.15633	-0.427		1	Inf	1	-Inf:Inf				1	1	0.36842	0.36842	
X00000037843,X00000060253	1,3	Prot	6	6	1	0.17143	0.35294	value<cut,value>cut	2.4787	2.0334		1	Inf	1	-Inf:Inf				1	1	0.3	0.3	
X00000037843,X00000053012	1,3	Prot	7	7	1	0.2	0.41176	value<cut,value>cut	2.4787	2.8657		1	Inf	1	-Inf:Inf				1	1	0.35	0.35	
CFAP70,X00000059995	1,2	Prot	6	6	1	0.17143	0.35294	value<cut,cut<value<cut	0.014	-0.4559	0.5278	1	Inf	1	-Inf:Inf				1	1	0.3	0.3	
VSTM1,LOC701920	1,3	Prot	6	6	1	0.17143	0.35294	value<cut,value>cut	4.278	5.456		1	Inf	1	-Inf:Inf				1	1	0.3	0.3	
X00000053274,DLK1	2,3	NonProt	6	6	1	0.17143	0.34314	cut<value<cut,value>cut	-0.3374	1.4892	0.0903	1	Inf	1	-Inf:Inf				1	1	0.31579	0.31579	
LOC702786,A1BG	2,1	NonProt	6	6	1	0.17143	0.33333	cut<value<cut,value<cut	-4.8502	0.1931	-1.9115	1	Inf	1	-Inf:Inf				1	1	0.31579	0.31579	
X00000037843,DLK1	1,1	Prot	6	6	1	0.17143	0.35294	value<cut,value<cut	2.4787	-1.8835		1	Inf	1	-Inf:Inf				1	1	0.3	0.3	
X00000053012,MYH15	3,1	Prot	7	7	1	0.2	0.41176	value>cut,value<cut	2.8657	-2.3565		1	Inf	1	-Inf:Inf				1	1	0.35	0.35	
X00000053012,MAOA	3,1	Prot	6	6	1	0.17143	0.35294	value>cut,value<cut	2.8657	0.2684		1	Inf	1	-Inf:Inf				1	1	0.3	0.3	
STARD8,LTC4S	3,2	NonProt	6	6	1	0.17143	0.33333	value>cut,cut<value<cut	1.4946	-0.3638	0.685	1	Inf	1	-Inf:Inf				1	1	0.31579	0.31579	
VSTM1,KIR3DL0	1,3	Prot	6	6	1	0.17143	0.35294	value<cut,value>cut	4.278	3.548		1	Inf	1	-Inf:Inf				1	1	0.3	0.3	
VSTM1,HEY1	1,1	Prot	7	7	1	0.2	0.41176	value<cut,value<cut	4.278	-1.7672		1	Inf	1	-Inf:Inf				1	1	0.35	0.35	
X00000053012,HEY1	3,1	Prot	6	6	1	0.17143	0.35294	value>cut,value<cut	2.8657	-1.7672		1	Inf	1	-Inf:Inf				1	1	0.3	0.3	
VSTM1,MAOA	1,1	Prot	6	6	1	0.17143	0.35294	value<cut,value<cut	4.278	0.2684		1	Inf	1	-Inf:Inf				1	1	0.3	0.3	
X00000037843,LOC701920	1,3	Prot	6	6	1	0.17143	0.35294	value<cut,value>cut	2.4787	5.456		1	Inf	1	-Inf:Inf				1	1	0.3	0.3	
ESR1,X00000058729	2,2	NonProt	6	6	1	0.17143	0.33333	cut<value<cut,cut<value<cut	0.5301	1.0667	-4.3496	1	Inf	1	-Inf:Inf			-2.3497	1	1	0.31579	0.31579	
TARM1,SMIM2	3,3	NonProt	8	7	0.94444	0.21071	0.41667	value>cut,value>cut	1.96885	1.0064		1	7.36842105263158	1	0.998:54.391				1	1	0.42105	0.36842	
VSTM1,X00000064715	3,2	NonProt	6	6	1	0.17143	0.33333	value>cut,cut<value<cut	5.1115	-0.0597	1.8326	1	Inf	1	-Inf:Inf				1	1	0.31579	0.31579	
VSTM1,X00000056965	3,1	NonProt	6	6	1	0.17143	0.33333	value>cut,value<cut	5.1115	-3.3762		1	Inf	1	-Inf:Inf				1	1	0.31579	0.31579	
DLK1,X00000060253	1,3	Prot	6	6	1	0.17143	0.35294	value<cut,value>cut	-1.8835	2.0334		1	Inf	1	-Inf:Inf				1	1	0.3	0.3	
FABP5,X00000060253	1,3	Prot	6	6	1	0.17143	0.35294	value<cut,value>cut	1.9987	2.0334		1	Inf	1	-Inf:Inf				1	1	0.3	0.3	
RBM46,X00000064715	3,3	Prot	6	6	1	0.17143	0.35294	value>cut,value>cut	-0.9358	1.8326		1	Inf	1	-Inf:Inf				1	1	0.3	0.3	
X00000037843,MAOA	1,1	Prot	7	7	1	0.2	0.41176	value<cut,value<cut	2.4787	0.2684		1	Inf	1	-Inf:Inf				1	1	0.35	0.35	
RBM46,LTC4S	2,2	NonProt	6	6	1	0.17143	0.33333	cut<value<cut,cut<value<cut	-2.5924	-0.9358	-0.3638	1	Inf	1	-Inf:Inf			0.685	1	1	0.31579	0.31579	
X00000059200,CBS	1,1	NonProt	6	6	1	0.17143	0.33333	value<cut,value<cut	-0.446	-1.674		1	Inf	1	-Inf:Inf				1	1	0.31579	0.31579	
STARD8,X00000060146	3,3	NonProt	6	6	1	0.17143	0.33333	value>cut,value>cut	1.4946	-3.247		1	Inf	1	-Inf:Inf				1	1	0.31579	0.31579	
CBS,X00000064369	1,1	NonProt	6	6	1	0.17143	0.33333	value<cut,value<cut	-1.674	2.6608		1	Inf	1	-Inf:Inf				1	1	0.31579	0.31579	
RBM46,TMEM38A	2,2	NonProt	6	6	1	0.17143	0.33333	cut<value<cut,cut<value<cut	-2.5924	-0.9358	2.765	1	Inf	1	-Inf:Inf			3.2525	1	1	0.31579	0.31579	
RBM46,THRB	2,3	NonProt	6	6	1	0.17143	0.33333	cut<value<cut,value>cut	-2.5924	-0.9358	-3.1655	1	Inf	1	-Inf:Inf				1	1	0.31579	0.31579	
X00000053274,HEY1	1,2	NonProt	6	6	1	0.17143	0.33333	value<cut,cut<value<cut	-0.3996	-1.7672	-0.6521	1	Inf	1	-Inf:Inf				1	1	0.31579	0.31579	
LTC4S,LAMC1	2,3	NonProt	6	6	1	0.17143	0.33333	cut<value<cut,value>cut	-0.3638	0.685	1.8291	1	Inf	1	-Inf:Inf				1	1	0.31579	0.31579	
VSTM1,ZNF576	3,1	NonProt	6	6	1	0.18294	0.38542	value>cut,value<cut	5.1115	3.745		1	Inf	1	-Inf:Inf				1	1	0.31579	0.31579	
TMEM38A,KRTAP29.1	3,2	NonProt	6	6	1	0.17143	0.33333	value>cut,cut<value<cut	3.2525	-4.882	1.954	1	Inf	1	-Inf:Inf				1	1	0.31579	0.31579	
THRB,HEY1	1,1	Prot	6	6	1	0.18571	0.37255	value<cut,value<cut	-4.8763	-1.9131		1	Inf	1	-Inf:Inf				1	1	0.3	0.3	
X00000064715,MYH15	3,1	Prot	6	6	1	0.17143	0.35294	value>cut,value<cut	1.8326	-2.3565		1	Inf	1	-Inf:Inf				1	1	0.3	0.3	
FABP5,MYH15	1,1	Prot	7	7	1	0.2	0.41176	value<cut,value<cut	1.9987	-2.3565		1	Inf	1	-Inf:Inf				1	1	0.35	0.35	
TNNT2,STARD8	1,2	Prot	6	6	1	0.17143	0.33333	value<cut,cut<value<cut	-2.3496	0.6124	1.4296	1	Inf	1	-Inf:Inf				1	1	0.3	0.3	
X00000064715,X00000064369	3,3	Prot	7	7	1	0.2	0.38889	value>cut,value>cut	2.0847	3.2287		1	Inf	1	-Inf:Inf				1	1	0.35	0.35	
TNNT2,CFAP70	1,2	Prot	6	6	1	0.17143	0.33333	value<cut,cut<value<cut	-2.3496	0.268	2.3725	1	Inf	1	-Inf:Inf				1	1	0.3	0.3	
X00000060146,HEY1	1,1	Prot	6	6	1	0.16905	0.31667	value<cut,value<cut	-4.8295	-2.05255		1	Inf	1	-Inf:Inf				1	1	0.3	0.3	
X00000053274,MYH15	3,1	Prot	6	6	1	0.17143	0.33333	value>cut,value<cut	1.5977	-2.3565		1	Inf	1	-Inf:Inf				1	1	0.3	0.3	
LOC715623,X00000064369,LAMC1	1,1,3	NonProt	6	6	1	0.17143	0.35294	value<cut,value<cut,value>cut	-1.7115	2.5271	1.5921	1	Inf	1	-Inf:Inf				1	1	0.31579	0.31579	
LOC702786,THRB	2,2	NonProt	6	6	1	0.17143	0.35294	cut<value<cut,cut<value<cut	-4.9522	0.1931	-4.8763	1	Inf	1	-Inf:Inf			-2.9111	1	1	0.31579	0.31579	
LOC701920,CFAP70	1,3	NonProt	6	6	1	0.17143	0.35294	value<cut,value>cut	5.2565	2.3725		1	Inf	1	-Inf:Inf				1	1	0.31579	0.31579	
STARD8,KRTAP29.1	3,2	NonProt	6	6	1	0.17143	0.35294	value>cut,cut<value<cut	1.4296	-4.997	1.954	1	Inf	1	-Inf:Inf				1	1	0.31579	0.31579	
STARD8,ESR1	3,1	NonProt	6	6	1	0.17143	0.35294	value>cut,value<cut	1.4296	0.6558		1	Inf	1	-Inf:Inf				1	1	0.31579	0.31579	
STARD8,F2RL3	3,3	NonProt	7	7	1	0.2	0.41176	value>cut,value>cut	1.4296	-1.936		1	Inf	1	-Inf:Inf				1	1	0.36842	0.36842	
KIR3DL0,A1BG	3,3	Prot	6	6	1	0.16905	0.31667	value>cut,value>cut	3.55325	-1.4227		1	Inf	1	-Inf:Inf				1	1	0.3	0.3	
X00000053274,TNNT2	3,1	Prot	6	6	1	0.17143	0.33333	value>cut,value<cut	1.5977	-2.3496		1	Inf	1	-Inf:Inf				1	1	0.3	0.3	
TARM1,ESR1	3,1	NonProt	6	6	1	0.17143	0.35294	value>cut,value<cut	1.9863	0.6558		1	Inf	1	-Inf:Inf				1	1	0.31579	0.31579	
KIR3DL0,LOC701920,X00000064313	1,1,1	NonProt	6	6	1	0.17143	0.35294	value<cut,value<cut,value<cut	2.778	5.2565	-2.7398	1	Inf	1	-Inf:Inf				1	1	0.31579	0.31579	
STARD8,C5H4orf45	3,3	NonProt	6	6	1	0.17143	0.35294	value>cut,value>cut	1.4296	1.7938		1	Inf	1	-Inf:Inf				1	1	0.31579	0.31579	
KIR3DL0,CBS	2,3	Prot	6	6	1	0.17143	0.33333	cut<value<cut,value>cut	2.778	3.4725	-0.1472	1	Inf	1	-Inf:Inf				1	1	0.3	0.3	
LOC719667,HCN2	1,1	Prot	6	6	1	0.17143	0.33333	value<cut,value<cut	3.9415	-2.8193		1	Inf	1	-Inf:Inf				1	1	0.3	0.3	
LOC709056,TMX2	3,3	Prot	6	6	1	0.16905	0.31667	value>cut,value>cut	0.6991	3.2415		1	Inf	1	-Inf:Inf				1	1	0.3	0.3	
CFAP70,HCN2	2,1	Prot	6	6	1	0.17143	0.33333	cut<value<cut,value<cut	0.268	2.3725	-2.8193	1	Inf	1	-Inf:Inf				1	1	0.3	0.3	
F2RL3,LTC4S	3,3	NonProt	6	6	1	0.17143	0.35294	value>cut,value>cut	-1.936	0.5971		1	Inf	1	-Inf:Inf				1	1	0.31579	0.31579	
STARD8,MYH15	3,2	NonProt	6	6	1	0.17143	0.35294	value>cut,cut<value<cut	1.4296	-2.3565	-1.484	1	Inf	1	-Inf:Inf				1	1	0.31579	0.31579	
STARD8,X00000053012	3,1	NonProt	7	7	1	0.2	0.41176	value>cut,value<cut	1.4296	2.6137		1	Inf	1	-Inf:Inf				1	1	0.36842	0.36842	
X00000053012,LTC4S	1,3	NonProt	7	7	1	0.2	0.41176	value<cut,value>cut	2.6137	0.5971		1	Inf	1	-Inf:Inf				1	1	0.36842	0.36842	
STARD8,LOC702786	3,2	NonProt	6	6	1	0.17143	0.35294	value>cut,cut<value<cut	1.4296	-4.9522	0.1931	1	Inf	1	-Inf:Inf				1	1	0.31579	0.31579	
STARD8,TARM1	3,3	NonProt	7	7	1	0.2	0.41176	value>cut,value>cut	1.4296	1.9863		1	Inf	1	-Inf:Inf				1	1	0.36842	0.36842	
LOC701920,MYH15	1,2	NonProt	6	6	1	0.17143	0.35294	value<cut,cut<value<cut	5.2565	-2.3565	-1.484	1	Inf	1	-Inf:Inf				1	1	0.31579	0.31579	
C5H4orf45,MYH15	3,2	NonProt	7	7	1	0.2	0.41176	value>cut,cut<value<cut	1.7938	-2.3565	-1.484	1	Inf	1	-Inf:Inf				1	1	0.36842	0.36842	
THRB,LTC4S	2,3	NonProt	6	6	1	0.17143	0.35294	cut<value<cut,value>cut	-4.8763	-2.9111	0.5971	1	Inf	1	-Inf:Inf				1	1	0.31579	0.31579	
TMX2,C5H4orf45	1,3	NonProt	6	6	1	0.17143	0.35294	value<cut,value>cut	2.898	1.7938		1	Inf	1	-Inf:Inf				1	1	0.31579	0.31579	
TMX2,KRTAP29.1	1,2	NonProt	7	6	0.85714	0.19444	0.375	value<cut,cut<value<cut	2.898	-5.0275	-1.0795	1	6.31578947368421	1	0.836:47.694				1	1	0.36842	0.31579	
TMX2,LOC702786	1,2	NonProt	7	6	0.85714	0.19444	0.375	value<cut,cut<value<cut	2.898	-5.0272	-0.9418	1	6.31578947368421	1	0.836:47.694				1	1	0.36842	0.31579	
X00000053274,TNNT2	1,3	NonProt	6	6	1	0.16667	0.375	value<cut,value>cut	-0.3996	-0.8503		1	Inf	1	-Inf:Inf				1	1	0.31579	0.31579	
ESR1,C5H4orf45	3,1	Prot	6	6	1	0.16667	0.3	value>cut,value<cut	1.041	0.0537		1	Inf	1	-Inf:Inf				1	1	0.3	0.3	
X00000037843,LOC709056	3,1	NonProt	7	6	0.85714	0.19444	0.375	value>cut,value<cut	2.7269	-0.427		1	6.31578947368421	1	0.836:47.694				1	1	0.36842	0.31579	
FABP5,X00000037843	3,3	NonProt	6	6	1	0.16667	0.375	value>cut,value>cut	2.415	2.7269		1	Inf	1	-Inf:Inf				1	1	0.31579	0.31579	
VSTM1,DLK1	3,3	NonProt	7	6	0.85714	0.19444	0.375	value>cut,value>cut	5.1115	-0.3153		1	6.31578947368421	1	0.836:47.694				1	1	0.36842	0.31579	
X00000053012,ZNF576	1,1	NonProt	8	7	0.875	0.22222	0.4375	value<cut,value<cut	2.6072	3.741		1	7.36842105263158	1	0.998:54.391				1	1	0.42105	0.36842	
TMX2,X00000053012	1,1	NonProt	7	6	0.85714	0.19444	0.375	value<cut,value<cut	2.898	2.6072		1	6.31578947368421	1	0.836:47.694				1	1	0.36842	0.31579	
LOC709056,C5H4orf45	1,3	NonProt	7	6	0.85714	0.19444	0.375	value<cut,value>cut	-0.427	1.5752		1	6.31578947368421	1	0.836:47.694				1	1	0.36842	0.31579	
TMX2,X00000060253	1,1	NonProt	7	6	0.85714	0.19444	0.375	value<cut,value<cut	2.898	1.1452		1	6.31578947368421	1	0.836:47.694				1	1	0.36842	0.31579	
FABP5,HEY1	3,3	NonProt	6	6	1	0.16667	0.375	value>cut,value>cut	2.415	-0.8857		1	Inf	1	-Inf:Inf				1	1	0.31579	0.31579	
LILRB1,ZNF576	3,1	NonProt	6	6	1	0.16667	0.375	value>cut,value<cut	7.711	3.741		1	Inf	1	-Inf:Inf				1	1	0.31579	0.31579	
FABP5,X00000060146	1,1	Prot	7	7	1	0.19444	0.35	value<cut,value<cut	1.9987	-4.8295		1	Inf	1	-Inf:Inf				1	1	0.35	0.35	
X00000053012,X00000064369	3,3	Prot	6	6	1	0.16667	0.3	value>cut,value>cut	2.8597	3.182		1	Inf	1	-Inf:Inf				1	1	0.3	0.3	
X00000059200,A1BG	3,3	Prot	6	6	1	0.16667	0.3	value>cut,value>cut	2.6772	-1.492		1	Inf	1	-Inf:Inf				1	1	0.3	0.3	
A1BG,LAMC1	3,1	Prot	6	6	1	0.16667	0.3	value>cut,value<cut	-1.492	0.903		1	Inf	1	-Inf:Inf				1	1	0.3	0.3	
TMX2,LAMC1	3,2	Prot	6	6	1	0.16667	0.3	value>cut,cut<value<cut	3.24	0.903	1.7434	1	Inf	1	-Inf:Inf				1	1	0.3	0.3	
FABP5,TNNT2	1,2	Prot	6	6	1	0.16667	0.3	value<cut,cut<value<cut	1.9987	-2.4981	-0.8503	1	Inf	1	-Inf:Inf				1	1	0.3	0.3	
TMX2,X00000059995	3,3	Prot	6	6	1	0.16667	0.3	value>cut,value>cut	3.24	0.6499		1	Inf	1	-Inf:Inf				1	1	0.3	0.3	
DLK1,LOC715623	2,3	Prot	6	6	1	0.16667	0.3	cut<value<cut,value>cut	-1.9567	-0.3153	-0.8912	1	Inf	1	-Inf:Inf				1	1	0.3	0.3	
X00000053012,LOC702786	1,2	NonProt	8	7	0.875	0.22222	0.4375	value<cut,cut<value<cut	2.6072	-5.0272	-0.9418	1	7.36842105263158	1	0.998:54.391				1	1	0.42105	0.36842	
MYH15,X00000059995	1,2	Prot	6	6	1	0.16667	0.3	value<cut,cut<value<cut	-2.3981	-0.4414	0.6499	1	Inf	1	-Inf:Inf				1	1	0.3	0.3	
FABP5,ESR1	1,3	Prot	8	8	1	0.22222	0.4	value<cut,value>cut	1.9987	1.041		1	Inf	1	-Inf:Inf				1	1	0.4	0.4	
RBM46,X00000059995	1,1	NonProt	7	6	0.85714	0.19444	0.375	value<cut,value<cut	-2.4387	-0.4414		1	6.31578947368421	1	0.836:47.694				1	1	0.36842	0.31579	
X00000060253,MAOA	1,2	NonProt	7	6	0.85714	0.19444	0.375	value<cut,cut<value<cut	1.1452	0.2151	0.6328	1	6.31578947368421	1	0.836:47.694				1	1	0.36842	0.31579	
VSTM1,SMIM2	3,3	NonProt	7	6	0.85714	0.19444	0.375	value>cut,value>cut	5.1115	0.9118		1	6.31578947368421	1	0.836:47.694				1	1	0.36842	0.31579	
X00000059200,THRB	1,3	NonProt	7	6	0.85714	0.19444	0.375	value<cut,value>cut	-0.446	-3.2442		1	6.31578947368421	1	0.836:47.694				1	1	0.36842	0.31579	
CFAP70,THRB	3,3	NonProt	7	6	0.85714	0.19444	0.375	value>cut,value>cut	2.1847	-3.2442		1	6.31578947368421	1	0.836:47.694				1	1	0.36842	0.31579	
TMX2,A1BG	3,3	Prot	7	7	1	0.19444	0.35	value>cut,value>cut	3.24	-1.492		1	Inf	1	-Inf:Inf				1	1	0.35	0.35	
DLK1,LAMC1	2,2	Prot	6	6	1	0.16667	0.3	cut<value<cut,cut<value<cut	-1.9567	-0.3153	0.903	1	Inf	1	-Inf:Inf			1.7434	1	1	0.3	0.3	
LOC719667,TRIM16	2,3	Prot	6	6	1	0.16667	0.3	cut<value<cut,value>cut	3.9415	4.9555	-0.9464	1	Inf	1	-Inf:Inf				1	1	0.3	0.3	
CBS,X00000064369	2,3	Prot	6	6	1	0.16667	0.3	cut<value<cut,value>cut	-1.861	0.0807	3.182	1	Inf	1	-Inf:Inf				1	1	0.3	0.3	
TMX2,C5H4orf45	3,2	Prot	6	6	1	0.16667	0.3	value>cut,cut<value<cut	3.24	0.0537	1.5752	1	Inf	1	-Inf:Inf				1	1	0.3	0.3	
FABP5,TARM1	1,2	Prot	6	6	1	0.16667	0.3	value<cut,cut<value<cut	1.9987	1.2466	1.8996	1	Inf	1	-Inf:Inf				1	1	0.3	0.3	
X00000059200,DLK1	3,2	Prot	6	6	1	0.16667	0.3	value>cut,cut<value<cut	2.6772	-1.9567	-0.3153	1	Inf	1	-Inf:Inf				1	1	0.3	0.3	
FABP5,SMIM2	1,2	Prot	6	6	1	0.16667	0.3	value<cut,cut<value<cut	1.9987	-0.2965	0.9118	1	Inf	1	-Inf:Inf				1	1	0.3	0.3	
LOC719667,LOC709056	2,2	Prot	6	6	1	0.16667	0.3	cut<value<cut,cut<value<cut	3.9415	4.9555	-0.427	1	Inf	1	-Inf:Inf			0.7155	1	1	0.3	0.3	
TRIM16,X00000064369	3,3	Prot	6	6	1	0.16667	0.3	value>cut,value>cut	-0.9464	3.182		1	Inf	1	-Inf:Inf				1	1	0.3	0.3	
FABP5,CFAP70	3,3	NonProt	7	6	0.85714	0.19444	0.375	value>cut,value>cut	2.415	2.1847		1	6.31578947368421	1	0.836:47.694				1	1	0.36842	0.31579	
FABP5,X00000060146	3,3	NonProt	7	6	0.85714	0.19444	0.375	value>cut,value>cut	2.415	-3.0275		1	6.31578947368421	1	0.836:47.694				1	1	0.36842	0.31579	
A1BG,X00000064369	3,3	Prot	7	7	1	0.19444	0.35	value>cut,value>cut	-1.492	3.182		1	Inf	1	-Inf:Inf				1	1	0.35	0.35	
X00000059200,X00000064369	3,3	Prot	6	6	1	0.16667	0.3	value>cut,value>cut	2.6772	3.182		1	Inf	1	-Inf:Inf				1	1	0.3	0.3	
KRTAP29.1,ZNF576	2,1	NonProt	7	6	0.85714	0.19444	0.375	cut<value<cut,value<cut	-5.0275	-1.0795	3.741	1	6.31578947368421	1	0.836:47.694				1	1	0.36842	0.31579	
TARM1,KRTAP29.1	3,2	NonProt	7	6	0.85714	0.19444	0.375	value>cut,cut<value<cut	1.8996	-5.0275	-1.0795	1	6.31578947368421	1	0.836:47.694				1	1	0.36842	0.31579	
LOC715623,ZNF576	1,1	NonProt	7	6	0.85714	0.19444	0.375	value<cut,value<cut	-1.8035	3.741		1	6.31578947368421	1	0.836:47.694				1	1	0.36842	0.31579	
LOC702786,ZNF576	2,1	NonProt	7	6	0.85714	0.19444	0.375	cut<value<cut,value<cut	-5.0272	-0.9418	3.741	1	6.31578947368421	1	0.836:47.694				1	1	0.36842	0.31579	
DLK1,CTH	3,3	NonProt	8	7	0.875	0.22222	0.4375	value>cut,value>cut	-0.3153	-0.9715		1	7.36842105263158	1	0.998:54.391				1	1	0.42105	0.36842	
LOC709056,F2RL3	1,3	NonProt	6	6	1	0.16667	0.375	value<cut,value>cut	-0.427	-2.0085		1	Inf	1	-Inf:Inf				1	1	0.31579	0.31579	
F2RL3,X00000060253	3,1	NonProt	6	6	1	0.16667	0.375	value>cut,value<cut	-2.0085	1.1452		1	Inf	1	-Inf:Inf				1	1	0.31579	0.31579	
X00000037843,ZNF576	3,1	NonProt	6	6	1	0.16667	0.375	value>cut,value<cut	2.7269	3.741		1	Inf	1	-Inf:Inf				1	1	0.31579	0.31579	
FABP5,LOC114669850	3,2	NonProt	7	6	0.85714	0.19444	0.375	value>cut,cut<value<cut	2.415	-0.0248	1.4615	1	6.31578947368421	1	0.836:47.694				1	1	0.36842	0.31579	
X00000060146,CTH	3,3	NonProt	7	6	0.85714	0.19444	0.375	value>cut,value>cut	-3.0275	-0.9715		1	6.31578947368421	1	0.836:47.694				1	1	0.36842	0.31579	
F2RL3,SMIM2	3,3	NonProt	7	6	0.85714	0.19444	0.375	value>cut,value>cut	-2.0085	0.9118		1	6.31578947368421	1	0.836:47.694				1	1	0.36842	0.31579	
LILRB1,SMIM2	3,3	NonProt	6	6	1	0.16667	0.375	value>cut,value>cut	7.711	0.9118		1	Inf	1	-Inf:Inf				1	1	0.31579	0.31579	
TNNT2,LOC709056	3,1	NonProt	6	6	1	0.16667	0.375	value>cut,value<cut	-0.8503	-0.427		1	Inf	1	-Inf:Inf				1	1	0.31579	0.31579	
F2RL3,X00000053012	3,1	NonProt	7	6	0.85714	0.19444	0.375	value>cut,value<cut	-2.0085	2.6072		1	6.31578947368421	1	0.836:47.694				1	1	0.36842	0.31579	
ESR1,LTC4S	1,2	NonProt	7	6	0.85714	0.19444	0.375	value<cut,cut<value<cut	0.6029	-0.5579	0.4918	1	6.31578947368421	1	0.836:47.694				1	1	0.36842	0.31579	
TARM1,X00000053012	3,1	NonProt	7	6	0.85714	0.19444	0.375	value>cut,value<cut	1.8996	2.6072		1	6.31578947368421	1	0.836:47.694				1	1	0.36842	0.31579	
X00000053012,SMIM2	1,3	NonProt	6	6	1	0.16667	0.375	value<cut,value>cut	2.6072	0.9118		1	Inf	1	-Inf:Inf				1	1	0.31579	0.31579	
F2RL3,LAMC1	3,3	NonProt	7	6	0.85714	0.19444	0.375	value>cut,value>cut	-2.0085	1.7434		1	6.31578947368421	1	0.836:47.694				1	1	0.36842	0.31579	
F2RL3,ESR1	3,1	NonProt	7	6	0.85714	0.19444	0.375	value>cut,value<cut	-2.0085	0.6029		1	6.31578947368421	1	0.836:47.694				1	1	0.36842	0.31579	
LILRB1,LAMC1	3,3	NonProt	6	6	1	0.16667	0.375	value>cut,value>cut	7.711	1.7434		1	Inf	1	-Inf:Inf				1	1	0.31579	0.31579	
X00000053012,KRTAP29.1	1,2	NonProt	8	7	0.875	0.22222	0.4375	value<cut,cut<value<cut	2.6072	-5.0275	-1.0795	1	7.36842105263158	1	0.998:54.391				1	1	0.42105	0.36842	
